id,text,language,service,behavior,sentiment,aspect,issue,severity,abuse,complexity,suggestion
EC001,"Shoes are genuine and cushioning is top-notch for daily morning runs.",english,ecommerce,appreciation,positive,product_quality,none,none,none,simple,none
EC002,"The microwave oven functions smoothly, but the outer cardboard container was torn and dented on two corners.",english,ecommerce,complaint,mixed,packaging,packaging_problem,low,none,complex,"Reinforce heavy appliance carton packaging"
EC003,"bhai 5 din ho gaye return request dale hue abhi tak courier pickup boy nahi aaya",hinglish,ecommerce,complaint,negative,return,return_delay,medium,none,moderate,"Schedule prompt return pickups"
EC004,"Where can I track the exact refund credit reference number for my cancelled trimmer?",english,ecommerce,question,neutral,refund,none,none,none,moderate,none
EC005,"kurti ka fabric ekdum soft cotton hai aur color wash ke baad bhi fade nahi hua",hinglish,ecommerce,appreciation,positive,product_quality,none,none,none,simple,none
EC006,"Sellers should clearly specify whether the laptop RAM is soldered or user-upgradable.",english,ecommerce,suggestion,neutral,product_description,none,none,none,moderate,"Mention expandable RAM details on spec sheet"
EC007,"ordered a set of 6 ceramic coffee mugs but received only 4 in the bubble wrap",english,ecommerce,complaint,negative,missing_item,missing_item,medium,none,moderate,"Verify item count during dispatch"
EC008,"I wouldn't call this mixer grinder useless, but the motor gets hot within three minutes of dry grinding.",english,ecommerce,complaint,mixed,product_quality,poor_quality,low,none,complex,none
EC009,"ordered an XL casual linen shirt but received small size with wrong brand tag completely useless",english,ecommerce,complaint,negative,wrong_product,wrong_product,high,none,moderate,"Ensure strict barcode verification before bagging"
EC010,"Package arrived on Tuesday evening via surface transport as indicated on the tracking page.",english,ecommerce,informational,neutral,delivery_time,none,none,none,simple,none
EC011,"bhai 15 din se refund pending hai customer service wale bilkul nikamme aur chor hain",hinglish,ecommerce,complaint,negative,customer_support,poor_customer_support,high,severe,"Expedite refund process immediately"
EC012,"Packaging was excellent with triple layer bubble film protecting the glass baking dish.",english,ecommerce,appreciation,positive,packaging,none,none,none,simple,none
EC013,"Can I exchange this formal blazer for one size smaller without cancelling the applied coupon discount?",english,ecommerce,question,neutral,replacement,none,none,none,moderate,none
EC014,"wireless earbuds sound tinny and have zero bass completely opposite of the product description",english,ecommerce,complaint,negative,product_features,poor_quality,medium,none,moderate,"Provide accurate audio driver specifications"
EC015,"power adapter was missing from the smart security camera retail box",english,ecommerce,complaint,negative,missing_item,missing_item,high,none,simple,"Audit sealed box contents before shipping"
EC016,"bhai bedsheet ka color dark navy dikhaya tha par delivered item bilkul faded sky blue nikla",hinglish,ecommerce,complaint,negative,product_color,wrong_color,medium,none,moderate,"Display true to life color photographs"
EC017,"The mechanical keyboard offers great tactile feedback, defying my initial doubts given the budget price.",english,ecommerce,appreciation,positive,product_quality,none,none,none,moderate,none
EC018,"Courier partners should provide an OTP verification system before marking packages as delivered.",english,ecommerce,suggestion,neutral,delivery,none,none,none,moderate,"Implement mandatory delivery OTP"
EC019,"bhai checkout pe festive promo code apply hua but final payment page pe regular price deduct ho gaya",hinglish,ecommerce,complaint,negative,discount,discount_issue,medium,none,moderate,"Sync coupon discounts across all checkout stages"
EC020,"Delivery agent was courteous, called before arriving and handed over the fragile parcel with care.",english,ecommerce,appreciation,positive,delivery,none,none,none,moderate,none
EC021,"Although the electric kettle heats water rapidly, the exterior plastic body emits an unpleasant chemical odor.",english,ecommerce,complaint,mixed,product_quality,poor_quality,low,none,complex,"Use certified food-grade plastics"
EC022,"watch stopped working within 24 hours of unboxing cheap imitation watch sent by seller",english,ecommerce,complaint,negative,product_authenticity,fake_product,high,none,moderate,"Delist rogue third party sellers"
EC023,"phone ka display smooth hai aur charging speed bhi theek thak hai overall average product",hinglish,ecommerce,informational,neutral,product_features,none,none,none,simple,none
EC024,"Does this induction cooktop work seamlessly with normal stainless steel flat base cookware?",english,ecommerce,question,neutral,product_features,none,none,none,moderate,none
EC025,"Pathetic fraudulent seller sent an empty soap bar box instead of the gaming mouse shameless cheats",english,ecommerce,complaint,negative,seller,fake_product,high,severe,"Ban fraudulent sellers immediately"
EC026,"formal trousers ki stitching aur fitting ekdum bespoke tailor jaisi perfect aayi hai",hinglish,ecommerce,appreciation,positive,product_fit,none,none,none,simple,none
EC027,"I wouldn't say the smart band is terrible, but the step counter consistently overestimates daily walking distance.",english,ecommerce,complaint,mixed,product_features,incorrect_description,low,none,complex,none
EC028,"Express delivery delivered the replacement mobile phone within 18 hours of approval, very impressive.",english,ecommerce,appreciation,positive,replacement,none,none,none,moderate,none
EC029,"kya warranty claim ke liye tax invoice printout service center le jana zaroori hai?",hinglish,ecommerce,question,neutral,product_features,none,none,none,simple,none
EC030,"Delivery boy was extremely rude, demanded that I come down three floors to the street gate to collect my laptop.",english,ecommerce,complaint,negative,delivery,poor_customer_support,medium,mild,"Train delivery executives in professional conduct"
EC031,"Sunscreen bottle seal was broken and liquid lotion had leaked across the inner packing pouch.",english,ecommerce,complaint,negative,damaged_product,damaged_product,medium,none,moderate,"Ensure tamper evident foil seals on cosmetics"
EC032,"App crashed during the flash sale checkout and the amount got debited via net banking without generating an order ID.",english,ecommerce,complaint,negative,payment,payment_failure,high,none,complex,"Auto reverse deducted amounts on cart crashes"
EC033,"The cotton bedsheet feels soft and breathable, although the pillow covers are unusually narrow for standard pillows.",english,ecommerce,appreciation,mixed,product_size,poor_fit,low,none,complex,"Standardize pillow cover dimensions"
EC034,"bhai open box delivery opt kiya tha fir bhi delivery person ne parcel kholne se mana kar diya",hinglish,ecommerce,complaint,negative,delivery,poor_customer_support,medium,none,moderate,"Enforce open box delivery compliance"
EC035,"Audio clarity on these studio monitor headphones is exceptionally balanced across mids and highs.",english,ecommerce,appreciation,positive,product_quality,none,none,none,moderate,none
EC036,"kya is wooden study desk ko assemble karne ke liye carpenter technician free me aayega?",hinglish,ecommerce,question,neutral,product_features,none,none,none,moderate,none
EC037,"Courier agent carried the 25kg washing machine up the stairs patiently without complaining despite the broken lift.",english,ecommerce,appreciation,positive,delivery,none,none,none,complex,none
EC038,"The stainless steel pan feels solid and heavy, and food does not stick when heated properly.",english,ecommerce,appreciation,positive,product_quality,none,none,none,moderate,none
EC039,"Found visible fungus patches on the leather wallet lining straight out of the factory box, disgusting hygiene.",english,ecommerce,complaint,negative,product_quality,poor_quality,high,none,moderate,"Improve warehouse moisture control"
EC040,"delivry bhut late hui aur package barish me geela ho chuka tha",hinglish,ecommerce,complaint,negative,delivery_time,late_delivery,medium,none,simple,"Use waterproof courier bags"
EC041,"While the tablet screen resolution is stunning for video streaming, the included charging cable stopped functioning on day two.",english,ecommerce,complaint,mixed,product_quality,poor_quality,medium,none,complex,"Provide durable OEM charging cables"
EC042,"Can customer support provide an official GST invoice with our company name printed for input credit?",english,ecommerce,question,neutral,customer_support,none,none,none,moderate,none
EC043,"price product ki quality ke hisab se bohot zyada hai local market me aisi jeans aadhi keemat me milti hai",hinglish,ecommerce,complaint,negative,price,high_price,medium,none,simple,"Review apparel pricing"
EC044,"Everything was fine until I noticed that the USB dongle needed to connect the wireless mouse was completely missing.",english,ecommerce,complaint,mixed,missing_item,missing_item,medium,none,moderate,"Check compartment packaging for accessories"
EC045,"E-commerce platforms should allow buyers to upload unboxing videos directly during return disputes.",english,ecommerce,suggestion,neutral,return,none,none,none,moderate,"Allow video upload in return requests"
EC046,"running shoes had stiff soles that caused heel pain within ten minutes of jogging",english,ecommerce,complaint,negative,product_quality,poor_quality,medium,none,simple,"Improve sole flexibility and cushioning"
EC047,"bhaiya ne bohot dhyan se TV deliver kiya aur verify karwaya screen intact hai thank you",hinglish,ecommerce,appreciation,positive,delivery,none,none,none,moderate,none
EC048,"Is there an extra convenience fee if I opt for cash on delivery on orders above five thousand rupees?",english,ecommerce,question,neutral,payment,none,none,none,moderate,none
EC049,"Product was good, return pickup wasn't.",english,ecommerce,complaint,mixed,return,return_delay,medium,none,simple,"Speed up reverse logistics pickups"
EC050,"terrible experience ordered a brass diya set and received broken ceramic cups instead absolute carelessness",hinglish,ecommerce,complaint,negative,wrong_product,wrong_product,medium,mild,"Double check warehouse packing bins"
EC051,"Air fryer arrived ahead of scheduled delivery date, packed safely in dual cartons.",english,ecommerce,appreciation,positive,delivery_time,none,none,none,simple,none
EC052,"bhai courier wale ne fake attempted delivery update mark kar diya jabki mai pura din ghar pe hi tha",hinglish,ecommerce,complaint,negative,delivery,late_delivery,medium,mild,"Penalize fake doorstep attempt reports"
EC053,"Honestly, I expected cheap plastic given the bargain price, but the handheld garment steamer feels surprisingly sturdy.",english,ecommerce,appreciation,mixed,product_quality,none,none,none,complex,none
EC054,"App shows item in stock during search but shows out of stock as soon as I hit the buy button.",english,ecommerce,complaint,negative,app,app_issue,medium,none,moderate,"Sync inventory counts in real time"
EC055,"kya college hostel reception pe courier drop karne ki permission app tracking me note kar sakte hain?",hinglish,ecommerce,question,neutral,delivery,none,none,none,moderate,none
EC056,"Hard drive arrived in a paper envelope without any bubble wrap or air cushion, shocking lack of transit safety.",english,ecommerce,complaint,negative,packaging,packaging_problem,high,none,moderate,"Mandate bubble cushioning for delicate electronics"
EC057,"The pure brass water bottle looks elegant on the office desk and keeps water cool naturally.",english,ecommerce,appreciation,positive,product_quality,none,none,none,moderate,none
EC058,"Apparel listings should display actual waist measurements in inches alongside arbitrary labels like M and L.",english,ecommerce,suggestion,neutral,product_description,none,none,none,moderate,"Display exact waist measurements in inches"
EC059,"delivery delayed by 6 days without any sms update complete waste of customer time useless logistics",english,ecommerce,complaint,negative,delivery_time,late_delivery,medium,mild,"Provide proactive delay alerts"
EC060,"The cotton kurta has intricate embroidery and rich texture, though the armholes feel slightly tight when moving.",english,ecommerce,appreciation,mixed,product_fit,poor_fit,low,none,moderate,"Refine sleeve and shoulder tailoring"
EC061,"refund??? abhi tk bank me nhi aya 10 din ho gye",hinglish,ecommerce,question,negative,refund,refund_delay,medium,none,simple,"Expedite bank refund processing"
EC062,"Minimal plastic packaging used with biodegradable paper tapes, commendable environmental initiative.",english,ecommerce,appreciation,positive,packaging,none,none,none,simple,none
EC063,"Customer service chatbot kept repeating automated FAQs and offered no option to connect with an executive.",english,ecommerce,complaint,negative,customer_support,poor_customer_support,medium,none,moderate,"Provide direct access to human support agents"
EC064,"toolkit me se 10mm socket aur screw driver bit missing tha har bar yahi karte ho",hinglish,ecommerce,complaint,negative,missing_item,missing_item,low,none,moderate,"Ensure comprehensive kit content checks"
EC065,"Is student prime discount applicable on purchasing educational engineering textbooks?",english,ecommerce,question,neutral,discount,none,none,none,moderate,none
EC066,"Delivery boy called six times asking for obvious landmarks despite detailed navigation instructions entered in the profile.",english,ecommerce,complaint,negative,delivery,poor_customer_support,low,none,moderate,"Integrate rider maps with customer landmark notes"
EC067,"The mechanical pencil has balanced weight distribution and writes smoothly without snapping leads.",english,ecommerce,appreciation,positive,product_quality,none,none,none,moderate,none
EC068,"bhai extra shoe laces ka pack choose kiya tha add-on me par box me sirf joote the",hinglish,ecommerce,complaint,negative,missing_item,missing_item,low,none,moderate,"Bundle accessory add-ons securely"
EC069,"The laptop itself performs outstandingly for programming tasks, although the courier transit was stressful and protracted.",english,ecommerce,complaint,mixed,delivery_time,late_delivery,medium,none,complex,"Streamline express courier handoffs"
EC070,"How long does the replacement validation take once the defective smartwatch reaches the seller hub?",english,ecommerce,question,neutral,replacement,none,none,none,moderate,none
EC071,"Shampoo bottle cap unscrewed during transit, soaking three newly purchased novels in thick soap lather.",english,ecommerce,complaint,negative,damaged_product,damaged_product,high,none,moderate,"Tape liquid caps before dispatch"
EC072,"sneakers look stylish but the inner padding is paper thin and rubs the ankles raw",english,ecommerce,complaint,mixed,product_quality,poor_quality,low,none,simple,"Improve ankle collar padding"
EC073,"bhai subah order kiya tha shaam tak deliver ho gaya same day delivery rocks",hinglish,ecommerce,appreciation,positive,delivery_time,none,none,none,simple,none
EC074,"Websites should allow users to filter clothing items based on exact fabric percentages like 100 percent cotton.",english,ecommerce,suggestion,neutral,website,none,none,none,moderate,"Add precise fabric composition filters"
EC075,"curtains ka cloth itna patla hai ki daylight pura andar aati hai blackout claim jhooth tha",hinglish,ecommerce,complaint,negative,product_description,incorrect_description,medium,none,simple,"Accurately specify blackout opacity percentages"
EC076,"Ordered a 1TB external solid state drive, received an ordinary empty plastic casing, blatant dispatch scam.",english,ecommerce,complaint,negative,wrong_product,fake_product,high,none,moderate,"Inspect serialized storage hardware before sealing"
EC077,"The courier executive waited patiently while I performed the mandatory open-box physical check on the smartphone.",english,ecommerce,appreciation,positive,delivery,none,none,none,moderate,none
EC078,"Does this kitchen chimney require mandatory installation by company technicians to keep warranty valid?",english,ecommerce,question,neutral,product_features,none,none,none,moderate,none
EC079,"I wouldn't say the office chair is unwearable, but the lumbar support curve is completely misaligned with the spine.",english,ecommerce,complaint,mixed,product_features,poor_fit,low,none,complex,none
EC080,"fraud seller sent a cheap dummy phone instead of genuine handset pathetic platform zero buyer security",english,ecommerce,complaint,negative,seller,fake_product,high,severe,"Investigate seller inventory scams"
EC081,"Delivered right to the university department office, seamless handover by the courier.",english,ecommerce,appreciation,positive,delivery,none,none,none,simple,none
EC082,"app me order tracking status 4 din se ek hi hub par stuck dikha raha hai fix this bug",hinglish,ecommerce,complaint,negative,app,app_issue,medium,none,simple,"Refresh transit scan updates"
EC083,"The jacket leather looks premium and feels supple, though the main brass zipper catches frequently on the lining.",english,ecommerce,appreciation,mixed,product_quality,none,none,none,complex,none
EC084,"Are return shipping charges deducted from the refund if an apparel item does not fit well?",english,ecommerce,question,neutral,return,none,none,none,moderate,none
EC085,"bhai shoe box poora crushed tha par achhi baat ye thi ki joote undamaged the",hinglish,ecommerce,informational,mixed,packaging,packaging_problem,low,none,moderate,"Use rigid outer shipping cartons"
EC086,"Thermal flask maintains steaming boiling water temperature for over eighteen continuous hours, truly remarkable.",english,ecommerce,appreciation,positive,product_features,none,none,none,simple,none
EC087,"Please introduce an option to schedule specific courier delivery time slots for working professionals.",english,ecommerce,suggestion,neutral,delivery_time,none,none,none,moderate,"Introduce delivery time slot selection"
EC088,"worst experience ever ceramic dinner set arrived shattered into tiny powdery fragments useless courier",english,ecommerce,complaint,negative,damaged_product,damaged_product,high,mild,"Use customized foam inserts for crockery"
EC089,"ordered midnight black headphones received garish bright red variant without notification",hinglish,ecommerce,complaint,negative,product_color,wrong_color,medium,none,simple,"Confirm color substitutes before shipment"
EC090,"A pleasant and smooth purchase experience, graphic tablet set up easily on Windows and Mac without drivers.",english,ecommerce,informational,positive,product_features,none,none,none,simple,none
EC091,"bhai backpack stylish hai bas zip ki quality thodi aur heavy duty honi chahiye thi",hinglish,ecommerce,suggestion,mixed,product_quality,none,low,none,moderate,"Upgrade zipper quality on backpacks"
EC092,"Why did the payment gateway debit my bank account twice for an order marked as failed?",english,ecommerce,question,negative,payment,payment_duplicate,high,none,moderate,"Automate immediate payment reconciliation"
EC093,"The perfume bottle arrived safely cocooned in custom molded polystyrene casing with unbroken seals.",english,ecommerce,appreciation,positive,packaging,none,none,none,moderate,none
EC094,"bhai courier boy parcel gate security ko deke bina call kiye chala gaya irresponsible behavior",hinglish,ecommerce,complaint,negative,delivery,poor_customer_support,medium,none,moderate,"Mandate signature or call before leaving parcels"
EC095,"Not exactly the most luxurious bedsheet fabric, but definitely durable and decent value for everyday use.",english,ecommerce,informational,mixed,product_quality,none,low,none,complex,none
EC096,"laptop battery drains from 100 to zero within forty minutes clearly defective or refurbished cell supplied",english,ecommerce,complaint,negative,product_quality,poor_quality,high,none,moderate,"Conduct mandatory battery health tests on laptops"
EC097,"size exchange request dali thi par courier boy ne bina bataye pickup cancel mark kar diya",hinglish,ecommerce,complaint,negative,replacement,replacement_delay,medium,none,moderate,"Verify pickup cancellations directly with customer"
EC098,"Can I change the delivery address while the shipment is already in transit between intermediate hubs?",english,ecommerce,question,neutral,delivery,none,none,none,moderate,none
EC099,"Exemplary handling, heavy double-door refrigerator delivered and unboxed on the fourth floor without a single blemish.",english,ecommerce,appreciation,positive,delivery,none,none,none,simple,none
EC100,"bhai product price 999 tha par checkout pe convenience aur packaging fee mila ke 1250 kar diya ridiculous",hinglish,ecommerce,complaint,negative,price,high_price,medium,none,moderate,"Eliminate hidden checkout surcharges"
EC101,"Smartwatch sensor lights stay permanently on and drain battery, clearly defective unit sent by seller.",english,ecommerce,complaint,negative,product_features,poor_quality,medium,none,moderate,"Verify sensor functionality before packaging"
EC102,"cotton bath towels are plush, highly absorbent and dry quickly in balcony shade.",english,ecommerce,appreciation,positive,product_quality,none,none,none,simple,none
EC103,"bhai trimmer blade bilkul blunt thi pehli baar use me hi skin pull ho gayi",hinglish,ecommerce,complaint,negative,product_quality,poor_quality,medium,none,simple,"Ensure sharp factory blades on grooming tools"
EC104,"Please mention the country of origin and importer details prominently on all imported cosmetic listings.",english,ecommerce,suggestion,neutral,product_description,none,none,none,moderate,"Display country of origin clearly"
EC105,"Where do I submit serial number proof if the manufacturer rejects the invoice for brand warranty?",english,ecommerce,question,neutral,customer_support,none,none,none,moderate,none
EC106,"Super quick turnaround, ordered graphic novel on Friday morning, delivered on Saturday noon.",english,ecommerce,appreciation,positive,delivery_time,none,none,none,simple,none
EC107,"The wooden coffee table had noticeable chipped lacquer and splintered edges right out of the box.",english,ecommerce,complaint,negative,damaged_product,damaged_product,high,none,moderate,"Sand and coat wooden furniture edges properly"
EC108,"bhai track pants ka elastic itna loose tha ki bina belt ke pehen hi nahi sakte",hinglish,ecommerce,complaint,negative,product_fit,poor_fit,medium,none,simple,"Use quality elastic waistbands"
EC109,"While the mixer grinder motor is powerful enough for hard spices, the plastic jar lid gasket is loose.",english,ecommerce,complaint,mixed,product_quality,poor_quality,medium,none,complex,"Provide tighter silicone sealing gaskets"
EC110,"Rider spoke politely, waited patiently while I examined the seal of the mobile phone carton.",english,ecommerce,appreciation,positive,delivery,none,none,none,moderate,none
EC111,"refund processed within five minutes of barcode scan at doorstep pickup, impressive customer turnaround.",english,ecommerce,appreciation,positive,refund,none,none,none,moderate,none
EC112,"shirt fitting chest pe theek thi par sleeves disproportionately lambi thi",hinglish,ecommerce,complaint,negative,product_fit,poor_fit,medium,none,simple,"Balance sleeve to torso proportions"
EC113,"Why is an extra return processing fee deducted when the returned shoe size was manifestly inaccurate?",english,ecommerce,question,negative,refund,refund_delay,medium,none,moderate,"Waive return fees on defective sizing"
EC114,"Allow customers to upload measurements to get automated size recommendations across fashion brands.",english,ecommerce,suggestion,neutral,app,none,none,none,moderate,"Introduce AI size recommendation tool"
EC115,"Earbuds weren't terrible, but they certainly lacked the advertised active noise cancellation performance.",english,ecommerce,complaint,mixed,product_features,poor_quality,low,none,moderate,none
EC116,"bhai liquid soap pouch leak ho gaya pura carton detergent se bhar gaya tha",hinglish,ecommerce,complaint,negative,damaged_product,damaged_product,high,none,simple,"Heat seal detergent pouches firmly"
EC117,"Warm fleece jacket with secure zip pockets, perfect companion for North Indian winter mornings.",english,ecommerce,appreciation,positive,product_quality,none,none,none,moderate,none
EC118,"delivery boy abused my father over a minor landmark confusion totally unacceptable goons hired by company",english,ecommerce,complaint,negative,delivery,poor_customer_support,high,severe,"Dismiss aggressive delivery personnel"
EC119,"Can I opt for evening delivery on weekends specifically for heavy home appliance purchases?",english,ecommerce,question,neutral,delivery_time,none,none,none,moderate,none
EC120,"shoes original the barcode scan ho gaya aur packaging bhi intact aayi",hinglish,ecommerce,appreciation,positive,product_authenticity,none,none,none,simple,none
EC121,"The Bluetooth speaker sounds punchy, though the advertised 12-hour battery barely lasts 5 hours on mid volume.",english,ecommerce,informational,mixed,product_features,incorrect_description,low,none,moderate,none
EC122,"fraud seller sent a counterfeit duplicate perfume smelling like kerosene return my money shameless cheats",english,ecommerce,complaint,negative,product_authenticity,fake_product,high,severe,"Delist fraudulent fragrance vendors"
EC123,"Include an option to reject unnecessary paper promo flyers and plastic wrap to minimize household clutter.",english,ecommerce,suggestion,neutral,packaging,none,none,none,moderate,"Offer minimalist packing options"
EC124,"cast iron skillet arrived pre-seasoned and ready to use, rotis and dosas slide right off.",english,ecommerce,appreciation,positive,product_quality,none,none,none,simple,none
EC125,"bhai laptop bag me shoulder strap hi gayab tha ab haath me leke ghumu kya",hinglish,ecommerce,complaint,negative,missing_item,missing_item,medium,none,simple,"Verify shoulder straps on bag packaging"
EC126,"Is there a grace period to cancel an apparel order before it enters the automated sorting lane?",english,ecommerce,question,neutral,order_cancellation,none,none,none,moderate,none
EC127,"I received someone else's consignment containing ladies footwear instead of my ordered computer motherboard.",english,ecommerce,complaint,negative,wrong_product,wrong_product,high,none,moderate,"Match tracking shipping labels to parcel barcodes"
EC128,"Smooth checkout, super fast standard shipping, and authentic wireless keyboard.",english,ecommerce,appreciation,positive,delivery_time,none,none,none,simple,none
EC129,"bhaiya ne delivery lene se pehle outer box seal check karwayi very good service",hinglish,ecommerce,appreciation,positive,delivery,none,none,none,simple,none
EC130,"The office desk looks sleek and modern, although the pre-drilled bolt holes were slightly misaligned during assembly.",english,ecommerce,appreciation,mixed,product_features,poor_quality,low,none,complex,"Align pre-drilled assembly screw holes accurately"
EC131,"customer support executive closed the chat window abruptly while I was uploading proof of the cracked monitor screen",english,ecommerce,complaint,negative,customer_support,poor_customer_support,high,none,moderate,"Prevent premature support session terminations"
EC132,"kya is induction pan pe heavy aluminum base laga hua hai for uniform heating?",hinglish,ecommerce,question,neutral,product_features,none,none,none,moderate,none
EC133,"Clean packaging, brand seal completely untampered, and the phone setup proceeded without a single hiccup.",english,ecommerce,appreciation,positive,packaging,none,none,none,moderate,none
EC134,"sunscreen lotion smelled completely foul and rancid, verified expired batch repackaged with fresh expiry sticker",english,ecommerce,complaint,negative,product_authenticity,poor_quality,high,none,moderate,"Prosecute sellers modifying product expiry dates"
EC135,"bhai return pickup cancel ho gaya aur app pe dikha raha customer not available jhooth bolte hain courier wale",hinglish,ecommerce,complaint,negative,return,return_delay,medium,none,moderate,"Require proof before recording fake pickup misses"
EC136,"Brands should provide detailed wash care instructions in English and regional languages on inner garment tags.",english,ecommerce,suggestion,neutral,product_description,none,none,none,moderate,"Provide multi-language wash care labels"
EC137,"Crisp and sharp mechanical keyboard clicks, heavy metallic frame prevents shifting during intense typing sessions.",english,ecommerce,appreciation,positive,product_quality,none,none,none,moderate,none
EC138,"How do I remove expired debit card credentials permanently from my saved payment methods?",english,ecommerce,question,neutral,app,none,none,none,simple,none
EC139,"jeans quality was okay okay type not worth the 2000 rupees tag",hinglish,ecommerce,complaint,mixed,price,high_price,low,none,simple,none
EC140,"The delivery person was extremely polite and brought the package up to the flat entrance despite elevator repairs.",english,ecommerce,appreciation,positive,delivery,none,none,none,moderate,none
EC141,"bhai mobile ka charger box me toot ke nikla transit handling bilkul ghatiya hai",hinglish,ecommerce,complaint,negative,damaged_product,damaged_product,medium,none,simple,"Use protective foam sleeves for power bricks"
EC142,"Never buying footwear here again sole detached completely on day three cheap adhesive used garbage product",english,ecommerce,complaint,negative,product_quality,poor_quality,high,mild,"Ensure durable industrial sole vulcanization"
EC143,"Is open box verification permitted for delicate glassware and mirror decor purchases?",english,ecommerce,question,neutral,delivery,none,none,none,moderate,none
EC144,"Cotton bedsheet color stayed vibrant and fabric remained crisp even after two machine wash cycles.",english,ecommerce,appreciation,positive,product_quality,none,none,none,simple,none
EC145,"Delivery was quick, but they sent an Android cable instead of the ordered braided Lightning cable.",english,ecommerce,complaint,mixed,wrong_product,wrong_product,medium,none,moderate,"Cross check cable pin variants before packing"
EC146,"bhai helpline number pe call karo to IVR ghanta bhar ghumata hai human agent se connect kyu nahi karte?",hinglish,ecommerce,question,negative,customer_support,poor_customer_support,low,none,moderate,"Provide direct agent routing on IVR"
EC147,"Great ergonomic mouse overall, though the included AAA batteries were already drained.",english,ecommerce,informational,mixed,product_features,none,low,none,simple,none
EC148,"Logistics partner updated parcel status to out for delivery three days consecutively without attempting visit.",english,ecommerce,complaint,negative,delivery,late_delivery,medium,none,moderate,"Audit repeated out for delivery parcel statuses"
EC149,"washing machine bilkul silent chalti hai aur kapde acche dho rahi hai",hinglish,ecommerce,appreciation,positive,product_quality,none,none,none,simple,none
EC150,"Online platforms should display seller warranty service center locations before buyers finalize orders.",english,ecommerce,suggestion,neutral,website,none,none,none,moderate,"List authorized service centers on listings"
EC151,"bhai ceiling fan manga tha par blades ke screws gayab the market se alag khareedne pade",hinglish,ecommerce,complaint,negative,missing_item,missing_item,medium,none,simple,"Fasten accessory screw packs inside carton"
EC152,"The stainless steel lunch box is truly leak-proof and keeps rotis soft till afternoon lunch break.",english,ecommerce,appreciation,positive,product_quality,none,none,none,moderate,none
EC153,"Can an ongoing exchange request be converted into a direct bank refund if the required size is out of stock?",english,ecommerce,question,neutral,replacement,none,none,none,moderate,none
EC154,"Sound quality is decent, but the headband cushion on these headphones is too tight for prolonged wearing.",english,ecommerce,complaint,mixed,product_fit,poor_fit,low,none,simple,none
EC155,"bhai net banking se paise kat gaye par website pe session expired dikha ke cart khali ho gaya",hinglish,ecommerce,complaint,negative,payment,payment_failure,high,none,moderate,"Preserve checkout cart during bank gateway timeouts"
EC156,"App user interface is fluid and product filtering by price per gram or milliliter makes comparison intuitive.",english,ecommerce,appreciation,positive,app,none,none,none,moderate,none
EC157,"terrible synthetic material sold as pure organic cotton, smells like burned plastic and causes itching",english,ecommerce,complaint,negative,product_quality,incorrect_description,medium,none,moderate,"Inspect merchant textile composition claims"
EC158,"bhai delivery date se 2 din pehle parcel deliver ho gaya super fast logistics",hinglish,ecommerce,appreciation,positive,delivery_time,none,none,none,simple,none
EC159,"Does this air purifier filter capture PM 2.5 and cooking smoke effectively in closed bedrooms?",english,ecommerce,question,neutral,product_features,none,none,none,complex,none
EC160,"Delivery agent was very impatient, rang the bell five times within twenty seconds while I walked to the door.",english,ecommerce,complaint,negative,delivery,poor_customer_support,low,none,moderate,"Sensitize courier drivers to wait reasonably"
EC161,"The leather formal shoes are well-crafted and polished, but the cardboard shoe box arrived flattened.",english,ecommerce,complaint,mixed,packaging,packaging_problem,medium,none,moderate,"Use sturdy outer delivery corrugated boxes"
EC162,"smart LED bulb connects quickly with home WiFi and brightness levels are brilliant.",english,ecommerce,appreciation,positive,product_features,none,none,none,simple,none
EC163,"bhai discount coupon 200 off ka show hota hai par apply karne pe minimum 3000 ka cart requirement lagate ho cheat",hinglish,ecommerce,complaint,negative,discount,discount_issue,medium,mild,"Display minimum cart requirements upfront"
EC164,"Provide an option for buyers to reject plastic polybags in favor of reusable jute shipping sacks.",english,ecommerce,suggestion,neutral,packaging,none,none,none,moderate,"Provide reusable shipping bag options"
EC165,"How do I generate an itemized credit note for corporate accounting after returning a damaged projector?",english,ecommerce,question,neutral,customer_support,none,none,none,simple,none
EC166,"Super fast SSD transfer speeds, matched the claimed 1050 MBps benchmark tests on my desktop perfectly.",english,ecommerce,appreciation,positive,product_features,none,none,none,moderate,none
EC167,"bhai parcel aane me do hafte lag gaye customer care wale bas scripted response copy paste karte hain",hinglish,ecommerce,complaint,negative,customer_support,poor_customer_support,medium,none,moderate,"Avoid automated bot replies for late shipments"
EC168,"The plastic storage bins are practical, though the color is slightly duller than the studio pictures shown online.",english,ecommerce,informational,neutral,product_color,none,none,none,simple,none
EC169,"non stick coating began peeling off during the very first shallow fry, toxic and dangerous cookware",english,ecommerce,complaint,negative,product_quality,poor_quality,high,none,moderate,"Certify non-stick coating adhesion standards"
EC170,"Delivery person followed the instruction note and handed the fragile electronic package quietly without buzzing.",english,ecommerce,appreciation,positive,delivery,none,none,none,complex,none
EC171,"bhai instant cashback offer bank debit card pe apply kyu nahi hua checkout screen pe?",hinglish,ecommerce,question,neutral,discount,none,low,none,moderate,none
EC172,"Although the running shoes have superior grip and arch support, the shoelaces provided are strangely short.",english,ecommerce,complaint,mixed,product_features,poor_quality,low,none,complex,"Provide adequate length shoelaces"
EC173,"Customer support replaced the malfunctioning water pump within 48 hours without arguing over technicalities.",english,ecommerce,appreciation,positive,customer_support,none,none,none,moderate,none
EC174,"bhai shirt ka button pehle hi trial me toot ke gir gaya stitching bilkul loose thi",hinglish,ecommerce,complaint,negative,product_quality,poor_quality,medium,none,simple,"Reinforce garment button stitching"
EC175,"E-commerce portals should enforce mandatory product dimension diagrams for all modular furniture units.",english,ecommerce,suggestion,neutral,product_description,none,none,none,moderate,"Mandate dimensional blueprint diagrams on furniture"
EC176,"Is the internal copper winding on this ceiling fan certified 100 percent electrolytic grade copper?",english,ecommerce,question,neutral,product_authenticity,none,none,none,moderate,none
EC177,"Toughened glass gas stove looks exquisite on the kitchen granite top, easy to clean burner pans.",english,ecommerce,appreciation,positive,product_quality,none,none,none,simple,none
EC178,"bhai delivery guy ne address confirm kiye bina delivery unreachable mark kar di shameless fellow",hinglish,ecommerce,complaint,negative,delivery,poor_customer_support,high,mild,"Verify courier call attempts via system logs"
EC179,"The curtains look gorgeous and hang gracefully, though the metal grommet rings had minor scratches on them.",english,ecommerce,complaint,mixed,product_quality,damaged_product,low,none,moderate,"Protect metal curtain grommets during packing"
EC180,"utterly useless app keep showing technical error during checkout and seller cancelled order idiot company",english,ecommerce,complaint,negative,app,app_issue,high,severe,"Fix checkout server stability issues"
EC181,"Water purifier arrived securely strapped with nylon bands and fragile cargo stamps, zero blemishes.",english,ecommerce,appreciation,positive,packaging,none,none,none,moderate,none
EC182,"kya ye power bank fast charging support karta hai both input aur output ports par?",hinglish,ecommerce,question,neutral,product_features,none,none,none,simple,none
EC183,"Courier boy was respectful, verified the OTP carefully and ensured outer seals were unbroken.",english,ecommerce,appreciation,positive,delivery,none,none,none,simple,none
EC184,"yoga mat thickness is barely 2mm instead of the claimed 6mm, completely painful on the knees",english,ecommerce,complaint,negative,product_description,incorrect_description,medium,none,moderate,"Verify fitness mat thickness measurements"
EC185,"bhai iron box use karte hi spark nikla aur short circuit ho gaya bilkul unsafe dangerous product",hinglish,ecommerce,complaint,negative,product_quality,poor_quality,high,mild,"Conduct electrical safety compliance tests"
EC186,"Can websites allow buyers to request consolidated shipments for items purchased from different sellers?",english,ecommerce,suggestion,neutral,delivery,none,none,none,moderate,"Offer consolidated shipping options"
EC187,"The stainless steel kadai is thick and sturdy, but the side handles become uncomfortably hot while cooking.",english,ecommerce,appreciation,mixed,product_features,poor_quality,low,none,complex,"Add heat-resistant silicone sleeves to handles"
EC188,"placed order on Friday afternoon and parcel arrived safely on Sunday morning.",english,ecommerce,informational,positive,delivery_time,none,none,none,simple,none
EC189,"bhaiya ne TV ko unbox karke power switch on karke dikhaya ki panel chal raha hai very good boy",hinglish,ecommerce,appreciation,positive,delivery,none,none,none,moderate,none
EC190,"Why is GST invoiced separately on the logistics charge when free delivery was advertised on the main banner?",english,ecommerce,question,neutral,price,none,none,none,moderate,none
EC191,"Packaging tore completely open during transit, loose drill bits spilled out and scratched the power drill body.",english,ecommerce,complaint,negative,damaged_product,damaged_product,high,none,moderate,"Enclose metal hardware tools in sealed casings"
EC192,"Delicious fresh roasted coffee beans, nitrogen-flushed pouch with one-way valve retained rich intoxicating aroma.",english,ecommerce,appreciation,positive,packaging,none,none,none,moderate,none
EC193,"bhai trimmer achha kaam karta hai par charging cable bilkul cheap aur loose thi socket me",hinglish,ecommerce,complaint,mixed,product_quality,poor_quality,medium,none,simple,"Supply tighter fitting USB charging cables"
EC194,"Please give an option to opt out of physical paper catalogs packed inside every single shoe delivery box.",english,ecommerce,suggestion,neutral,packaging,none,none,none,moderate,"Discontinue unsolicited paper inserts"
EC195,"I wouldn't recommend this seller if you are looking for authentic factory-sealed branded watch warranties.",english,ecommerce,complaint,negative,seller,fake_product,low,none,moderate,none
EC196,"bhai refund kab transfer hoga wallet me? 4 din se return status approved dikha raha hai",hinglish,ecommerce,question,negative,refund,refund_delay,medium,none,moderate,"Automate instant wallet refunds on pickup"
EC197,"Great price cut during the midnight clearance sale, saved almost twelve hundred rupees on the hard drive.",english,ecommerce,appreciation,positive,discount,none,none,none,simple,none
EC198,"The sports sunglasses look aggressive and shield glare, but the plastic nose bridge leaves harsh red marks.",english,ecommerce,complaint,mixed,product_fit,poor_fit,low,none,moderate,"Use softer silicone nose pads on eyewear"
EC199,"courier guy demanded fifty rupees cash bribe claiming heavy parcel stairs charges shameless extortion",english,ecommerce,complaint,negative,delivery,poor_customer_support,medium,severe,"Warn courier staff against extortion demands"
EC200,"Bedsheet fabric feels luxurious, 300 thread count cotton matches five-star hotel linen standards perfectly.",english,ecommerce,appreciation,positive,product_quality,none,none,none,moderate,none
EC201,"bhai kya website par price drop alert notification set karne ka koi native feature hai?",hinglish,ecommerce,suggestion,neutral,website,none,none,none,moderate,"Add real-time price drop notification alerts"
EC202,"The leather belt is thick and stylish, but the metal buckle mechanism feels a bit loose and rattles slightly.",english,ecommerce,complaint,mixed,product_quality,poor_quality,low,none,moderate,"Tighten buckle retention pins"
EC203,"Found tiny live weevils inside the sealed basmati rice 5kg pouch, severe warehouse contamination.",english,ecommerce,complaint,negative,product_quality,poor_quality,high,none,moderate,"Implement pest control in grocery warehouses"
EC204,"Fast dispatch, polite logistics executive, brand new untouched graphics card, full satisfaction.",english,ecommerce,appreciation,positive,delivery_time,none,none,none,simple,none
EC205,"bhai wireless keyboard order kiya tha par wire wala cheap model bhej diya dhyan se pack karo yaar",hinglish,ecommerce,complaint,negative,wrong_product,wrong_product,medium,none,simple,"Scan barcodes before dispatching hardware"
EC206,"Does this gaming chair provide adjustable multi-angle tilt lock for the backrest?",english,ecommerce,question,neutral,product_features,none,none,none,moderate,none
EC207,"Honestly, the stitching was surprisingly neat given how cheap the cotton polo t-shirt cost on clearance.",english,ecommerce,appreciation,positive,product_quality,none,none,none,moderate,none
EC208,"bhai tracking link click karne par broken page 404 error throw karta hai fix this issue",hinglish,ecommerce,complaint,negative,website,website_issue,medium,none,moderate,"Repair broken courier tracking redirect links"
EC209,"Apps should let buyers exclude sellers whose lifetime positive ratings fall below ninety percent.",english,ecommerce,suggestion,neutral,app,none,none,none,moderate,"Add seller rating filter threshold"
EC210,"The dress looked gorgeous in catalog photos, but the actual fabric is synthetic and clings awkwardly to the legs.",english,ecommerce,complaint,negative,product_description,incorrect_description,low,none,moderate,none
EC211,"Quick and polite service, water geyser arrived two days prior to promised estimated delivery date.",english,ecommerce,appreciation,positive,delivery_time,none,none,none,simple,none
EC212,"bhai courier boy parcel ko society security gate pe chhod ke bhag gaya koi call tak nahi kiya",hinglish,ecommerce,complaint,negative,delivery,poor_customer_support,high,none,moderate,"Mandate doorstep delivery confirmation call"
EC213,"Can I exchange the color of an unworn jacket without returning the bundled promotional socks?",english,ecommerce,question,neutral,replacement,none,none,none,moderate,none
EC214,"Laptop bag has durable fabric and padded compartments, but the top carry handle lacks sufficient foam padding.",english,ecommerce,complaint,mixed,product_features,poor_quality,medium,none,moderate,"Add cushioned padding to bag grab handles"
EC215,"Disgusting fake cosmetics sent by unauthorized seller, face cream caused immediate severe skin burning sensation.",english,ecommerce,complaint,negative,product_authenticity,fake_product,high,severe,"Perform lab testing on beauty inventory"
EC216,"bhai curtains lagane ke baad room me light bilkul block ho gayi perfect blackout product",hinglish,ecommerce,appreciation,positive,product_features,none,none,none,simple,none
EC217,"Customer support team was unhelpful and kept repeating standard policy macros without reading my attached screenshots.",english,ecommerce,complaint,negative,customer_support,poor_customer_support,medium,none,moderate,"Train support agents to review customer attachments"
EC218,"Include an option to request zero-plastic recycled honeycomb paper padding for non-fragile fashion goods.",english,ecommerce,suggestion,neutral,packaging,none,none,none,moderate,"Adopt honeycomb paper wraps for apparel"
EC219,"Is there a maximum cap on using reward credit points against festival electronics purchases?",english,ecommerce,question,neutral,payment,none,none,none,moderate,none
EC220,"The stainless steel bottle keeps water chilled for hours, though the rubber carrying loop tore within a week.",english,ecommerce,appreciation,mixed,product_quality,none,none,none,complex,"Reinforce rubber bottle carry loops"
EC221,"bhai replacement mangi thi defective soundbar ki inhone refund issue kar diya bina puche kyu",hinglish,ecommerce,complaint,negative,replacement,replacement_delay,medium,none,moderate,"Seek buyer confirmation before switching replacement to refund"
EC222,"Ordered stationary combo for office desk, every item was individually tagged and carefully boxed.",english,ecommerce,appreciation,positive,packaging,none,none,none,moderate,none
EC223,"Iron soleplate came completely detached and exposed raw heating coils, dangerous hazard straight out of carton.",english,ecommerce,complaint,negative,product_quality,damaged_product,high,none,moderate,"Mandate pre-shipment factory QA on appliances"
EC224,"bhai tracking screen par delivery time 3 din se pending dikha raha hai koi update kyu nahi hai?",hinglish,ecommerce,question,negative,delivery_time,late_delivery,medium,none,moderate,"Update live transit tracking status regularly"
EC225,"The shoes were decent enough for casual walks, but definitely not suitable for intense sports or running.",english,ecommerce,complaint,mixed,product_quality,poor_quality,low,none,simple,none
EC226,"Super sturdy study chair, lumbar support is firm and assembly took less than ten minutes with provided hex key.",english,ecommerce,appreciation,positive,product_quality,none,none,none,simple,none
EC227,"bhai bill me platform handling fee 25 rupay kyu jod di checkout ke last second pe",hinglish,ecommerce,complaint,negative,price,high_price,low,none,simple,"Be transparent about handling surcharges"
EC228,"Online stores should display high-resolution video clips showing real fabric movement on fashion products.",english,ecommerce,suggestion,neutral,product_description,none,none,none,moderate,"Embed fabric movement videos on fashion items"
EC229,"Rider handled the bulky 55-inch television carton upright and helped verify external screen condition calmly.",english,ecommerce,appreciation,positive,delivery,none,none,none,moderate,none
EC230,"The wireless mouse optical sensor skips frames intermittently on wooden desks, making cursor navigation frustrating.",english,ecommerce,complaint,negative,product_features,poor_quality,high,none,moderate,"Calibrate mouse optical sensors for bare surfaces"
EC231,"bhai kya app par EMI schedule check karne aur pre-closure charges dekhne ka option hai?",hinglish,ecommerce,question,neutral,payment,none,low,none,moderate,none
EC232,"Delivery was rapid, but the seller sent UK pin adapter instead of the Indian plug adapter specified in listing.",english,ecommerce,complaint,mixed,wrong_product,wrong_product,low,none,moderate,"Supply India standard plug pins"
EC233,"Fluffy microfibre pillows provide great neck support and do not lose their shape after waking up.",english,ecommerce,appreciation,positive,product_quality,none,none,none,moderate,none
EC234,"bhai support wale ne call disconnect kar di jab maine refund transfer confirmation number manga dumb staff",hinglish,ecommerce,complaint,negative,customer_support,poor_customer_support,medium,mild,"Log agent call disconnect events automatically"
EC235,"Please allow buyers to hide specific sponsored search listings to browse authentic organic catalog results.",english,ecommerce,suggestion,neutral,website,none,none,none,moderate,"Provide toggle to hide sponsored search results"
EC236,"Ordered branded smartwatch received cheap chinese digital watch with broken strap shameless scammer seller",english,ecommerce,complaint,negative,seller,fake_product,high,severe,"Delist fraudulent electronic merchants"
EC237,"Product arrived within forty-eight hours, wrapped cleanly in heavy bubble film with tamper seal intact.",english,ecommerce,appreciation,positive,delivery_time,none,none,none,simple,none
EC238,"kya courier executive society tower reception pe parcel drop karke OTP verify kar sakta hai?",hinglish,ecommerce,question,neutral,delivery,none,none,none,moderate,none
EC239,"The frame of the sunglasses feels sturdy and premium, but the dark polarization coating scratches too easily.",english,ecommerce,appreciation,mixed,product_quality,none,none,none,moderate,"Apply anti-scratch hard coating on lenses"
EC240,"bhai bank discount se 500 bache par seller ne alag se 200 delivery charge laga diya overall no big saving",hinglish,ecommerce,complaint,mixed,discount,high_price,low,none,moderate,none
EC241,"Courier van drove past our residential complex twice and marked recipient door closed without calling once.",english,ecommerce,complaint,negative,delivery,late_delivery,medium,none,moderate,"Audit courier GPS coordinates during failed attempts"
EC242,"Pure copper water jug with antique hammered finish, looks stunning on dining table and leaks zero droplets.",english,ecommerce,appreciation,positive,product_quality,none,none,none,moderate,none
EC243,"Can we schedule weekend deliveries specifically for corporate office address shipments?",english,ecommerce,question,neutral,delivery_time,none,none,none,moderate,none
EC244,"bhai extra watch strap ka combo pack liya tha par packet me secondary leather strap gayab thi",hinglish,ecommerce,complaint,negative,missing_item,missing_item,low,none,simple,"Audit multi-item bundled parcels"
EC245,"Not terrible at all, but the Bluetooth speaker sound tends to distort noticeably when cranked above 85 percent volume.",english,ecommerce,informational,mixed,product_quality,poor_quality,low,none,moderate,none
EC246,"Delivery boy handled the delicate glass terrarium with great care, not a single pebble or moss layer displaced.",english,ecommerce,appreciation,positive,delivery,none,none,none,moderate,none
EC247,"bhai formal shoes ka leather itna kadak tha ki pehle din hi blisters ho gaye paanv me bekaar quality",hinglish,ecommerce,complaint,negative,product_quality,poor_quality,medium,none,simple,"Use pre-softened upper shoe leather"
EC248,"Websites should let users blacklist specific third-party courier companies that consistently fail in their PIN codes.",english,ecommerce,suggestion,neutral,delivery,none,none,none,moderate,"Allow preferred courier carrier selection"
EC249,"Compact multi-plug surge protector delivered in twenty-four hours, sturdy switches and tight socket grips.",english,ecommerce,appreciation,positive,delivery_time,none,none,none,simple,none
EC250,"bhai return pickup wale ne parcel scan kiya par mujhe koi confirmation receipt ya SMS nahi diya",hinglish,ecommerce,complaint,negative,return,return_delay,medium,none,moderate,"Send immediate pickup receipt SMS"
EC251,"The ceramic bowl set had pleasant pastel colors, though the packaging had zero bubble padding inside.",english,ecommerce,complaint,mixed,packaging,packaging_problem,low,none,moderate,"Place bubble padding between stacked bowls"
EC252,"Why does the mobile app show discounts that vanish automatically once the UPI app is opened?",english,ecommerce,question,negative,app,app_issue,medium,none,moderate,"Fix promo code drop bug on UPI launch"
EC253,"Flawless delivery, fresh authentic protein powder container with valid scratch-to-verify authentication code.",english,ecommerce,appreciation,positive,product_authenticity,none,none,none,moderate,none
EC254,"bhai face wash me se ajeeb chemical smell aa rahi thi packaging bhi suspicious lagti hai duplicate item",hinglish,ecommerce,complaint,negative,product_authenticity,fake_product,high,none,simple,"Enforce brand authenticity audits on skincare"
EC255,"I wouldn't say the delivery was terribly delayed, but waiting nine days for a phone screen protector is excessive.",english,ecommerce,complaint,mixed,delivery_time,late_delivery,low,none,moderate,none
EC256,"E-commerce apps should show verified real customer images in customer reviews rather than stock render graphics.",english,ecommerce,suggestion,neutral,app,none,none,none,moderate,"Highlight verified buyer photo reviews"
EC257,"Rider was polite and courteous, came up to the 4th floor without grumbling despite non-working elevators.",english,ecommerce,appreciation,positive,delivery,none,none,none,moderate,none
EC258,"bhai formal blazer ke pocket me spare buttons ka pouch missing tha har bar yahi choti cheeze bhool jate ho",hinglish,ecommerce,complaint,negative,missing_item,missing_item,medium,none,simple,"Attach spare buttons firmly to inner garment lining"
EC259,"Is it possible to request unstitched dress material fabric lengths of five meters instead of standard four?",english,ecommerce,question,neutral,product_features,none,none,none,moderate,none
EC260,"Crisp printed cotton bedsheet, sturdy corner elastic fits the thick mattress snugly without slipping off.",english,ecommerce,appreciation,positive,product_fit,none,none,none,moderate,none
EC261,"pathetic customer support bot keeps repeating same useless automated replies solve my refund issue idiots",english,ecommerce,complaint,negative,customer_support,poor_customer_support,high,severe,"Escalate unresolved chat loops to live staff"
EC262,"bhai parcel poora crushed tha andar perfume ki bottle tut ke poori smell carton me phail gayi",hinglish,ecommerce,complaint,negative,damaged_product,damaged_product,high,none,simple,"Enclose fragrance glass in foam molds"
EC263,"Product was surprisingly well packed, considering the fragile tempered glass table top was delivered intact.",english,ecommerce,appreciation,positive,packaging,none,none,none,moderate,none
EC264,"The winter jacket insulation keeps you warm, but the plastic snaps on the detachable hood pop open easily in wind.",english,ecommerce,appreciation,mixed,product_features,poor_quality,low,none,complex,"Upgrade hood snaps to metal buttons"
EC265,"Can we change recipient contact number once the shipment has been dispatched from the central hub?",english,ecommerce,question,neutral,delivery,none,none,none,moderate,none
EC266,"Rider navigated the complex campus roads easily and called once right outside the designated hostel gate.",english,ecommerce,appreciation,positive,delivery,none,none,none,moderate,none
EC267,"bhai smart watch ke strap par scratches the aur screen protector pehle se peeled tha used item bheja hai",hinglish,ecommerce,complaint,negative,product_quality,poor_quality,high,mild,"Inspect returned goods before restock"
EC268,"Allow buyers to filter search results strictly by products offering direct brand-authorized replacements.",english,ecommerce,suggestion,neutral,website,none,none,none,complex,"Add brand-authorized warranty filter"
EC269,"Super crisp 4K gaming monitor colors, zero dead pixels, and high refresh rate works right out of the box.",english,ecommerce,appreciation,positive,product_quality,none,none,none,simple,none
EC270,"bhai coupon apply kiya 500 off wala par invoice pe sirf 100 off dikha raha hai kyu?",hinglish,ecommerce,question,negative,discount,discount_issue,medium,none,moderate,"Ensure invoice accurately reflects coupon deductions"
EC271,"The Bluetooth earbuds sound lively and crisp, but the charging case lid hinge feels loose and flimsy.",english,ecommerce,complaint,mixed,product_quality,poor_quality,low,none,moderate,"Strengthen charging case hinges"
EC272,"Rider dropped the package directly onto the wet floor mat in the hallway without ringing the doorbell.",english,ecommerce,complaint,negative,delivery,poor_customer_support,medium,none,moderate,"Require active doorbell ringing on drop-off"
EC273,"Authentic solid wood bookshelf with rich walnut stain, assembled effortlessly within twenty minutes.",english,ecommerce,appreciation,positive,product_quality,none,none,none,moderate,none
EC274,"bhai running shoes ka sole bohot hard hai road running me shock absorption bilkul zero hai",hinglish,ecommerce,complaint,negative,product_quality,poor_quality,low,none,simple,"Use EVA foam for shoe midsoles"
EC275,"Are delivery partners provided comprehensive medical insurance coverage during extreme weather dispatch?",english,ecommerce,question,neutral,delivery,none,none,none,moderate,none
EC276,"Delivery took nine full days, but the gaming console arrived in flawless mint condition with untouched seals.",english,ecommerce,informational,mixed,delivery_time,late_delivery,low,none,moderate,none
EC277,"Package reached in just two days from Mumbai to Delhi, brand seal intact and original factory warranty card inside.",english,ecommerce,appreciation,positive,delivery_time,none,none,none,simple,none
EC278,"bhai parcel deliver mark kar diya app pe par mere hath me packet aaya hi nahi fake delivery update",hinglish,ecommerce,complaint,negative,delivery,late_delivery,high,none,moderate,"Enforce OTP before updating delivery status"
EC279,"Include an option to order extra buttons and fabric swatches alongside formal tailored suits.",english,ecommerce,suggestion,neutral,product_features,none,none,none,moderate,"Include spare buttons and fabric swatches"
EC280,"The wireless mouse has comfortable ergonomic contours, though the scroll wheel feels somewhat loose when flicked fast.",english,ecommerce,appreciation,mixed,product_features,poor_quality,low,none,moderate,"Tighten scroll wheel stepped resistance"
EC281,"Worst product experience, induction fry pan deformed and warped on first low heat use, complete metal trash.",english,ecommerce,complaint,negative,product_quality,poor_quality,high,severe,"Use thick warp-resistant induction base"
EC282,"bhaiya ne smiling face ke sath heavy carton safely drawing room me rakhwaya bohot achha laga",hinglish,ecommerce,appreciation,positive,delivery,none,none,none,simple,none
EC283,"Why did the customer support agent terminate the chat session before initiating my replacement pickup request?",english,ecommerce,question,negative,customer_support,poor_customer_support,high,none,moderate,"Audit premature agent chat closures"
EC284,"Ordered dark navy polo t-shirt, received washed-out faded turquoise shirt completely different from thumbnail.",english,ecommerce,complaint,negative,product_color,wrong_color,medium,none,moderate,"Calibrate product photography color balance"
EC285,"The stainless steel vacuum bottle retains icy cold water for full twenty-four hours in scorching summer heat.",english,ecommerce,appreciation,positive,product_features,none,none,none,moderate,none
EC286,"bhai parcel seal tooti hui thi aur andar phone box ki plastic wrap bhi cut thi clear tampering in transit",hinglish,ecommerce,complaint,negative,packaging,damaged_product,high,none,moderate,"Use tamper-evident serialized packaging tape"
EC287,"Delivery was fairly rapid, though the courier portal took twelve hours to register the delivery confirmation.",english,ecommerce,informational,mixed,website,website_issue,low,none,moderate,none
EC288,"Offer a feature where users can upload audio notes with specific building directions for delivery executives.",english,ecommerce,suggestion,neutral,app,none,none,none,moderate,"Add voice notes for delivery navigation"
EC289,"Crisp sound and rich treble on these desktop stereo speakers, remarkable performance for the asking price.",english,ecommerce,appreciation,positive,product_quality,none,none,none,simple,none
EC290,"bhai payment double kat gayi app crash ki wajah se excess amount kab tak account me wapas aayega?",hinglish,ecommerce,question,negative,payment,payment_duplicate,high,none,moderate,"Automate immediate refund for duplicate debits"
EC291,"The leather wallet looks sophisticated and rich, but the credit card slots are so tight cards get stuck.",english,ecommerce,complaint,mixed,product_features,poor_fit,low,none,moderate,"Widen card slots in leather wallets"
EC292,"Delivery rider called politely, waited at the main entrance gate and verified the identity card before handing parcel.",english,ecommerce,appreciation,positive,delivery,none,none,none,moderate,none
EC293,"fraud seller sent a used defective phone with scratches on lens and filled gallery shameless scam platform",english,ecommerce,complaint,negative,seller,fake_product,high,severe,"Delist sellers trading refurbished units as new"
EC294,"bhai curtains me hooks gayab the ab bazaar ja ke alag se runner hooks dhundne pad rahe hain",hinglish,ecommerce,complaint,negative,missing_item,missing_item,medium,none,simple,"Enclose curtain hooks in sealed accessory packet"
EC295,"Does this mobile phone support dual physical SIM cards in addition to one eSIM profile simultaneously?",english,ecommerce,question,neutral,product_features,none,none,none,moderate,none
EC296,"Delicious raw almonds, crunchy, unpolished, zero bitter kernels, and sealed in airtight zip pouch.",english,ecommerce,appreciation,positive,product_quality,none,none,none,simple,none
EC297,"bhai courier boy parcel gate pe phek ke chala gaya glass item tha tut sakta tha ridiculous idiot",hinglish,ecommerce,complaint,negative,delivery,poor_customer_support,high,mild,"Penalize throwing of fragile parcels"
EC298,"Apps should give an option to donate round-off change from purchases directly to registered animal shelters.",english,ecommerce,suggestion,neutral,payment,none,none,none,moderate,"Enable charity round-off on payments"
EC299,"The graphic t-shirt print is vibrant and artistic, but the neck collar stretched out awkwardly after single wash.",english,ecommerce,complaint,mixed,product_quality,poor_quality,low,none,moderate,"Use ribbed stretch-resistant neck ribbing"
EC300,"Smooth delivery, mobile phone arrived factory sealed with intact brand tape as promised.",english,ecommerce,appreciation,positive,product_authenticity,none,none,none,simple,none
EC301,"bhai return policy me replacement option kyu grayed out hai jab stock available dikha raha hai?",hinglish,ecommerce,question,negative,replacement,replacement_delay,medium,none,moderate,"Fix replacement button stock sync"
EC302,"The ceramic dinner plates arrived completely cracked into jagged shards due to lack of interior cushioning.",english,ecommerce,complaint,negative,damaged_product,damaged_product,high,none,moderate,"Use corrugated dividers between plates"
EC303,"Comfortable memory foam pillow, provides balanced neck contouring and eliminates morning stiffness.",english,ecommerce,appreciation,positive,product_quality,none,none,none,moderate,none
EC304,"bhai 3 din ka express delivery promise tha 8 din ho gaye consignment abhi tak transit me ghum raha hai",hinglish,ecommerce,complaint,negative,delivery_time,late_delivery,medium,none,simple,"Meet express delivery SLAs"
EC305,"Not the most premium leather finish, but the office laptop backpack is surprisingly functional and water-resistant.",english,ecommerce,appreciation,mixed,product_quality,none,none,none,moderate,none
EC306,"Can we request completely cardboard-based packaging without single-use plastic air bubble pockets?",english,ecommerce,suggestion,neutral,packaging,none,none,none,moderate,"Adopt plastic-free cardboard cushioning"
EC307,"Rider was polite, reached fast, and had sufficient small change ready for my cash on delivery order.",english,ecommerce,appreciation,positive,delivery,none,none,none,moderate,none
EC308,"bhai face wash bottle me se seal missing thi aur adha product pehle se gayab lag raha tha",hinglish,ecommerce,complaint,negative,product_quality,damaged_product,high,none,simple,"Ensure foil seals on cosmetic bottles"
EC309,"Why do product listings show hefty discounts against inflated MRPs that never existed in open retail markets?",english,ecommerce,question,negative,discount,discount_issue,medium,none,moderate,"Audit realistic MRP baseline data"
EC310,"Sturdy stainless steel pressure cooker, whistle mechanism works flawlessly and safety valve is certified.",english,ecommerce,appreciation,positive,product_quality,none,none,none,moderate,none
EC311,"The smartphone is responsive, but the seller sent an open-box demo handset with pre-installed third-party apps.",english,ecommerce,complaint,mixed,seller,fake_product,high,none,complex,"Ship only factory sealed electronics"
EC312,"bhai customer support executive chat terminate karke chala gaya jab maine replacement ka proof manga",hinglish,ecommerce,complaint,negative,customer_support,poor_customer_support,high,mild,"Ensure support executives see tickets through"
EC313,"Delivery arrived right on scheduled date, electronics packed in tamper-evident security cartons.",english,ecommerce,appreciation,positive,delivery_time,none,none,none,simple,none
EC314,"bhai kya app pe registered email address change karne ke baad pura order history retain rehta hai?",hinglish,ecommerce,question,neutral,app,none,none,none,simple,none
EC315,"Product quality was satisfactory, but paying ninety rupees courier charges for a basic mobile case feels steep.",english,ecommerce,complaint,mixed,price,high_price,low,none,moderate,"Reduce shipping fee on low-value accessories"
EC316,"Allow customers to schedule return pickups during specific two-hour time bands for greater convenience.",english,ecommerce,suggestion,neutral,return,none,none,none,moderate,"Offer return pickup time window selection"
EC317,"Soft and breathable cotton bedsheet, double stitching on borders ensures zero fraying after machine wash.",english,ecommerce,appreciation,positive,product_quality,none,none,none,moderate,none
EC318,"bhai ceiling fan ka speed control remote pehle din hi dead tha bilkul response nahi de raha",hinglish,ecommerce,complaint,negative,product_features,poor_quality,medium,none,simple,"Include functional remote units"
EC319,"Is there any student concession applicable when purchasing university reference textbooks online?",english,ecommerce,question,neutral,discount,none,none,none,simple,none
EC320,"The sports shoes look athletic, though the mesh fabric on the toe box tore within two weeks of gym workouts.",english,ecommerce,complaint,mixed,product_quality,poor_quality,medium,none,moderate,"Use reinforced ripstop mesh on shoes"
EC321,"Rider arrived promptly, verified the open-box inspection patiently and assisted with outer carton disposal.",english,ecommerce,appreciation,positive,delivery,none,none,none,simple,none
EC322,"bhai formal shoes ka sole itna slippery hai tiles pe chalte hi slip ho rahe hain dangerously bad design",hinglish,ecommerce,complaint,negative,product_quality,poor_quality,medium,none,simple,"Use anti-skid grooved rubber outsoles"
EC323,"Can we opt for zero paper printed invoices inside package if digital invoices are accessible via account?",english,ecommerce,suggestion,neutral,packaging,none,none,none,moderate,"Eliminate printed paper invoices by default"
EC324,"I wouldn't say the mattress is uncomfortable, but the foam density is visibly softer than the firm rating listed.",english,ecommerce,complaint,mixed,product_features,incorrect_description,low,none,complex,"Calibrate mattress firmness rating scales"
EC325,"fraud app charged credit card twice and customer service says wait 14 days to see money thieves",english,ecommerce,complaint,negative,payment,payment_duplicate,high,severe,"Expedite duplicate credit card reversals"
EC326,"bhai gaming headset ke sath aux cable aur splitter dono neatly packed the unboxing experience super",hinglish,ecommerce,appreciation,positive,packaging,none,none,none,moderate,none
EC327,"How long does the refund take to reflect back into credit card balance once goods are collected?",english,ecommerce,question,neutral,refund,none,none,none,moderate,none
EC328,"The cotton shirts have sharp collars and tailored cuffs, perfect wardrobe additions for office presentations.",english,ecommerce,appreciation,positive,product_quality,none,none,none,moderate,none
EC329,"bhai delivery guy ne gate security ko packet de diya aur mujhe OTP confirmation tak nahi pucha",hinglish,ecommerce,complaint,negative,delivery,poor_customer_support,medium,none,moderate,"Ensure customer handoff via OTP"
EC330,"Consignment arrived quite quickly, though the product color was a visibly darker shade than displayed on screen.",english,ecommerce,complaint,mixed,product_color,wrong_color,low,none,moderate,"Standardize screen display color balance"
EC331,"Prompt delivery, hard drive sealed in static-shielding bag and cushioned in molded air chambers.",english,ecommerce,appreciation,positive,packaging,none,none,none,moderate,none
EC332,"bhai curtain cloth itna transparent hai ki privacy bilkul zero hai description me blackout kyu likha tha?",hinglish,ecommerce,complaint,negative,product_description,incorrect_description,medium,none,moderate,"Correct blackout curtain descriptions"
EC333,"Show verified dimensions for all backpacks including laptop compartment height in centimeters.",english,ecommerce,suggestion,neutral,product_description,none,none,none,moderate,"List laptop sleeve dimensions in cm"
EC334,"Can an exchange be requested for a different color variant if the original color is sold out?",english,ecommerce,question,neutral,replacement,none,none,none,moderate,none
EC335,"Ergonomic office chair offers good lumbar contouring, breathable mesh prevents back sweating during work.",english,ecommerce,appreciation,positive,product_features,none,none,none,simple,none
EC336,"bhai delivery boy ne society parking me gaadi tez chalayi aur argue karne laga rude fellow",hinglish,ecommerce,complaint,negative,delivery,poor_customer_support,high,mild,"Instruct courier drivers on community safety"
EC337,"The wireless earbuds offer clear calling audio, though the charging case scratches very easily in pockets.",english,ecommerce,appreciation,mixed,product_quality,none,low,none,simple,none
EC338,"Delivery partner followed the apartment intercom instructions accurately and handed the heavy parcel gently.",english,ecommerce,appreciation,positive,delivery,none,none,none,moderate,none
EC339,"bhai discount coupon apply karte hi website loading circle ghumti rehti hai aur session crash ho jata hai",hinglish,ecommerce,complaint,negative,website,website_issue,medium,none,moderate,"Optimize coupon validation server scripts"
EC340,"Is the inner tank of this storage water geyser coated with anti-corrosion glass-lined enamel?",english,ecommerce,question,neutral,product_features,none,none,none,moderate,none
EC341,"High quality stainless steel kitchen knife set, sharp edges and balanced wooden grips for effortless cutting.",english,ecommerce,appreciation,positive,product_quality,none,none,none,moderate,none
EC342,"bhai packaging itni kharab thi ki liquid detergent pura leak ho ke doosre kapdo pe lag gaya",hinglish,ecommerce,complaint,negative,damaged_product,damaged_product,high,none,simple,"Tape cap seals of bottled liquids"
EC343,"The study table was easy to erect, but the pre-laminated edge tape began peeling at the corners within a week.",english,ecommerce,complaint,mixed,product_quality,poor_quality,low,none,moderate,"Use heat-bonded edge banding on furniture"
EC344,"Allow shoppers to compare technical specifications of up to four laptop models side by side on one page.",english,ecommerce,suggestion,neutral,website,none,none,none,moderate,"Implement side-by-side spec comparison tool"
EC345,"Superb non-stick dosa pan, distributes heat evenly across the flat surface without any hotspot scorching.",english,ecommerce,appreciation,positive,product_quality,none,none,none,moderate,none
EC346,"bhai delivery guy ne address samjhane par abusive language use ki dismiss this rude fellow immediately",hinglish,ecommerce,complaint,negative,delivery,poor_customer_support,high,severe,"Terminate abusive logistics executives"
EC347,"What is the official procedure to claim replacement when the electronics arrive with physical dead pixels?",english,ecommerce,question,neutral,replacement,none,none,none,moderate,none
EC348,"Delivered in 48 hours, brand new sealed smartphone, accessories complete, very smooth shopping journey.",english,ecommerce,appreciation,positive,delivery_time,none,none,none,simple,none
EC349,"bhai tool kit me se 12mm spanner gayab tha packet sealed hone ke baad bhi missing item nikla",hinglish,ecommerce,complaint,negative,missing_item,missing_item,medium,none,moderate,"Audit factory sealed tool sets"
EC350,"The cotton polo t-shirt fits nicely across the chest, though the collar loses its shape after ironing.",english,ecommerce,appreciation,mixed,product_quality,poor_quality,low,none,moderate,"Use firmer collar interlinings on polo shirts"
EC351,"Delivery executive patiently waited for seven minutes while the gate security completed vehicle pass entry.",english,ecommerce,appreciation,positive,delivery,none,none,none,moderate,none
EC352,"bhai app baar baar crash ho raha hai jab bhi exchange policy terms load karne ki koshish karta hoon",hinglish,ecommerce,complaint,negative,app,app_issue,high,none,simple,"Resolve mobile app crash on policy pages"
EC353,"Please introduce dynamic clothing fit previews based on customer height and weight metrics.",english,ecommerce,suggestion,neutral,app,none,none,none,moderate,"Introduce dynamic virtual fit models"
EC354,"Pure copper water dispenser, heavy gauge sheet, beautiful hammered finish and smooth brass tap action.",english,ecommerce,appreciation,positive,product_quality,none,none,none,moderate,none
EC355,"bhai running shoes ka sole itna hard tha ki jogging ke dauran heel me pain hone laga poor ergonomics",hinglish,ecommerce,complaint,negative,product_quality,poor_quality,medium,none,moderate,"Use responsive foam in running footwear"
EC356,"Can I opt for scheduled monthly recurring orders for household detergents and groceries?",english,ecommerce,question,neutral,website,none,none,none,moderate,none
EC357,"Product works flawlessly and looks premium, but shipping took seven days longer than the promised date.",english,ecommerce,complaint,mixed,delivery_time,late_delivery,medium,none,moderate,"Set realistic shipping delivery timelines"
EC358,"Quick handover, packaging in pristine condition, courier followed contactless delivery instructions perfectly.",english,ecommerce,appreciation,positive,delivery,none,none,none,simple,none
EC359,"bhai trimmer battery full charge hone ke baad bhi 10 minute me switch off ho jati hai defective item",hinglish,ecommerce,complaint,negative,product_quality,poor_quality,medium,none,simple,"Check rechargeable battery quality before shipping"
EC360,"Allow buyers to pay partly with accumulated reward coins and remaining amount via UPI in one transaction.",english,ecommerce,suggestion,neutral,payment,none,none,none,moderate,"Enable split coin and UPI payment checkout"
EC361,"The microwave glass bowl is thick and heat-resistant, though the plastic lid does not latch firmly.",english,ecommerce,appreciation,mixed,product_features,poor_fit,low,none,moderate,"Improve lid latches on microwave containers"
EC362,"bhai return pickup complete hone ke 6 din baad bhi bank account me refund nahi aaya fraud portal",hinglish,ecommerce,complaint,negative,refund,refund_delay,high,mild,"Process bank refunds promptly after pickup"
EC363,"Clean bubble packaging, original factory warranty certificate stamped, highly pleased with the transaction.",english,ecommerce,appreciation,positive,packaging,none,none,none,moderate,none
EC364,"Where can I check if a particular seller is an authorized brand distributor before placing orders?",english,ecommerce,question,neutral,seller,none,none,none,simple,none
EC365,"Ordered 65W fast charger received cheap local 10W brick, blatant fraud by seller to cheat customers.",english,ecommerce,complaint,negative,seller,fake_product,high,severe,"Delist dishonest electronic merchants"
EC366,"bhai delivery boy bohot courteous tha gate pe mask pehan ke deliver kiya good discipline",hinglish,ecommerce,appreciation,positive,delivery,none,none,none,simple,none
EC367,"The mechanical keyboard feels responsive, but the keycap printing is slightly uneven on the function row.",english,ecommerce,complaint,mixed,product_quality,poor_quality,low,none,simple,"Standardize keycap font legends"
EC368,"Provide real-time alerts when out-of-stock sizes of popular apparel become available again.",english,ecommerce,suggestion,neutral,app,none,none,none,moderate,"Provide restock alert notifications"
EC369,"Heavy bottom stainless steel milk boiler, whistle triggers precisely, zero milk overflow incidents.",english,ecommerce,appreciation,positive,product_quality,none,none,none,moderate,none
EC370,"bhai app ne auto-applied coupon remove kar diya card details enter karne ke baad rip off strategy",hinglish,ecommerce,complaint,negative,discount,discount_issue,medium,mild,"Retain applied coupon codes during payment"
EC371,"Can we add multiple secondary mobile numbers to ensure courier can reach if primary line is busy?",english,ecommerce,question,neutral,app,none,none,none,moderate,none
EC372,"Delivered within twenty-four hours, product packaging was immaculate and accessories were sealed.",english,ecommerce,appreciation,positive,delivery_time,none,none,none,simple,none
EC373,"bhai shampoo ki bottle transit me khul gayi thi pura box liquid se chipchipa ho gaya",hinglish,ecommerce,complaint,negative,damaged_product,damaged_product,medium,none,simple,"Tape screw caps of liquid cosmetics"
EC374,"The running shoes have great bounce and cushioning, although the arch support feels a bit too pronounced.",english,ecommerce,informational,mixed,product_fit,none,low,none,moderate,none
EC375,"Websites should display uncompressed high-resolution zoomable fabric texture swatches for sarees.",english,ecommerce,suggestion,neutral,website,none,none,none,moderate,"Add high-resolution fabric zoom swatches"
EC376,"Exceptional soundstage on these wired studio headphones, brings out delicate acoustic instruments beautifully.",english,ecommerce,appreciation,positive,product_quality,none,none,none,moderate,none
EC377,"bhai courier boy ne parcel chori karke delivered mark kar diya aur customer care sunne ko taiyar nahi idiot",hinglish,ecommerce,complaint,negative,delivery,poor_customer_support,high,severe,"Investigate stolen parcel delivery reports"
EC378,"Does the platform provide technician installation support for newly bought split air conditioners?",english,ecommerce,question,neutral,customer_support,none,none,none,moderate,none
EC379,"Shipping was remarkably fast, but the seller omitted the free mouse pad promised in the bundle title.",english,ecommerce,complaint,mixed,missing_item,missing_item,medium,none,moderate,"Ensure advertised free promotional items are enclosed"
EC380,"bhai shoes original the barcode scan ho gaya verified genuine product thank you seller",hinglish,ecommerce,appreciation,positive,product_authenticity,none,none,none,moderate,none
EC381,"The laptop sleeve padding is dense and water-repellent, shielding my computer reliably in crowded trains.",english,ecommerce,appreciation,positive,product_quality,none,none,none,moderate,none
EC382,"bhai customer support executive chat me generic macro paste karke session close kar deta hai useless helpdesk",hinglish,ecommerce,complaint,negative,customer_support,poor_customer_support,medium,none,simple,"Train agents against using generic macros"
EC383,"Offer options for recyclable kraft paper mailing envelopes instead of multiple layers of plastic shrink wrap.",english,ecommerce,suggestion,neutral,packaging,none,none,none,moderate,"Switch to recyclable kraft paper mailers"
EC384,"Can international credit cards be used without additional foreign transaction surcharges on this portal?",english,ecommerce,question,neutral,payment,none,none,none,simple,none
EC385,"The cotton casual shirt fits well across shoulders, but the fabric tends to wrinkle instantly after wear.",english,ecommerce,complaint,mixed,product_quality,poor_quality,low,none,moderate,"Use wrinkle-resistant cotton blends"
EC386,"Piping hot food thermos delivered in record time, insulated dual-wall casing keeps curries hot for hours.",english,ecommerce,appreciation,positive,product_features,none,none,none,simple,none
EC387,"bhai face cream open karke dekha to seal tooti thi aur product used lag raha tha dirty seller",hinglish,ecommerce,complaint,negative,product_authenticity,poor_quality,high,none,simple,"Enforce strict hygiene seals on cosmetics"
EC388,"Delivery driver brought change for 2000 rupee note as requested in delivery notes, very thoughtful.",english,ecommerce,appreciation,positive,delivery,none,none,none,moderate,none
EC389,"bhai order place kiya tha 1st ko deliver hua 15th ko courier transit me 2 hafte ghumta raha",hinglish,ecommerce,complaint,negative,delivery_time,late_delivery,medium,none,simple,"Optimize intermediate hub sorting speeds"
EC390,"Allow shoppers to request specific delivery dates to align with their home availability schedules.",english,ecommerce,suggestion,neutral,delivery_time,none,none,none,moderate,"Enable custom delivery date scheduling"
EC391,"Crisp mechanical key response, solid aluminum chassis, braided USB cable, top tier gaming accessory.",english,ecommerce,appreciation,positive,product_quality,none,none,none,moderate,none
EC392,"bhai parcel balcony me fek ke chala gaya courier wala andar glass tumbler set tha tooth gaya",hinglish,ecommerce,complaint,negative,damaged_product,damaged_product,medium,none,moderate,"Prohibit throwing parcels over walls or balconies"
EC393,"Is it possible to verify seller warranty coverage with the brand before dispatching large home appliances?",english,ecommerce,question,neutral,seller,none,none,none,moderate,none
EC394,"The travel backpack has ample pockets and compartments, though the chest strap buckle feels rather fragile.",english,ecommerce,informational,mixed,product_quality,none,low,none,moderate,none
EC395,"Fast delivery, pleasant logistics executive, pristine unboxing, exceptional experience throughout.",english,ecommerce,appreciation,positive,delivery,none,none,none,simple,none
EC396,"bhai wireless mouse ke box me USB nano receiver gayab tha ab kaise connect kare PC se?",hinglish,ecommerce,complaint,negative,missing_item,missing_item,medium,none,moderate,"Verify dongles are packed with wireless mice"
EC397,"Include realistic fabric weight in GSM on all bedsheet and apparel product detail listings.",english,ecommerce,suggestion,neutral,product_description,none,none,none,moderate,"List fabric GSM weight on textile items"
EC398,"The electric kettle boils quickly, but the cord length is barely one foot, limiting counter placement.",english,ecommerce,complaint,mixed,product_features,poor_quality,medium,none,moderate,"Extend power cord length on kettles"
EC399,"bhai promo code discount apply hua par final invoice me convenience fee jod ke cancel kar diya effect",hinglish,ecommerce,question,negative,discount,discount_issue,low,none,moderate,"Ensure real coupon benefits reflect on invoices"
EC400,"Great fabric quality, vibrant prints on curtains, fits the balcony doors cleanly, thoroughly satisfied.",english,ecommerce,appreciation,positive,product_quality,none,none,none,simple,none
EC401,"Courier partner was polite, delivered right to our residential doorstep quietly without disturbing sleep.",english,ecommerce,appreciation,positive,delivery,none,none,none,moderate,none
EC402,"bhai ceiling fan motor se ajeeb buzzing noise aa rahi hai winding fault lagta hai defective piece",hinglish,ecommerce,complaint,negative,product_quality,poor_quality,medium,none,simple,"Test motor acoustics before factory dispatch"
EC403,"Can we tip the delivery partner digitally through the mobile application after order completion?",english,ecommerce,question,neutral,app,none,none,none,simple,none
EC404,"The running shoes look vibrant and athletic, but the arch support is uncomfortably stiff for long standing.",english,ecommerce,complaint,mixed,product_fit,poor_fit,low,none,moderate,"Provide flexible arch inserts"
EC405,"Apps should provide automatic compensation vouchers when guaranteed express delivery commitments are breached.",english,ecommerce,suggestion,neutral,delivery_time,none,none,none,moderate,"Automate delayed delivery vouchers"
EC406,"Delivered in 24 hours, tablet was brand new, packaging was pristine and warranty registered online easily.",english,ecommerce,appreciation,positive,delivery_time,none,none,none,simple,none
EC407,"bhai support agent ne bina meri baat sune replacement request reject kar di useless customer service",hinglish,ecommerce,complaint,negative,customer_support,poor_customer_support,high,mild,"Review replacement rejections with human supervisor"
EC408,"Fragrant essential oils, tightly sealed dropper tops, leak-proof amber glass bottles, superb care taken.",english,ecommerce,appreciation,positive,packaging,none,none,none,moderate,none
EC409,"bhai formal shoes ka size 9 manga tha par box pe 9 likh ke andar size 8 ka joota bhej diya bekaar service",hinglish,ecommerce,complaint,negative,product_size,wrong_size,medium,none,simple,"Ensure matching shoe and box sizes"
EC410,"Does the portal allow splitting payment across two different UPI virtual payment addresses?",english,ecommerce,question,neutral,payment,none,none,none,moderate,none
EC411,"The backpack material is resilient and waterproof, though the side water bottle mesh tore on second trek.",english,ecommerce,appreciation,mixed,product_quality,poor_quality,low,none,moderate,"Reinforce water bottle side mesh pockets"
EC412,"Delivery executive carried the heavy office table carton safely up the winding stairs with complete composure.",english,ecommerce,appreciation,positive,delivery,none,none,none,moderate,none
EC413,"bhai do jeans order ki thi courier bag me se ek hi nikli dispatch team ki laparwahi hai ye",hinglish,ecommerce,complaint,negative,missing_item,missing_item,medium,none,simple,"Verify garment counts prior to sealing polybags"
EC414,"Provide an option for buyers to opt out of physical marketing brochures packed inside apparel parcels.",english,ecommerce,suggestion,neutral,packaging,none,none,none,moderate,"Eliminate promotional paper collateral"
EC415,"Pure brass diya set arrived polished and radiant, packed in individual bubble pouches for festive celebration.",english,ecommerce,appreciation,positive,product_quality,none,none,none,simple,none
EC416,"bhai 8 din se return pickup pending hai roz fake courier attempt message aata hai phone pe",hinglish,ecommerce,complaint,negative,return,return_delay,high,none,moderate,"Audit false return pickup status updates"
EC417,"Are all portable power banks sold here certified by the Bureau of Indian Standards for flight travel?",english,ecommerce,question,neutral,product_features,none,none,none,moderate,none
EC418,"The winter jacket keeps chilly winds out effectively, but the pocket zipper gets caught in the inner fabric.",english,ecommerce,complaint,mixed,product_quality,poor_quality,low,none,moderate,"Add anti-snag tape behind zipper teeth"
EC419,"Rider was polite, reached promptly, and helped check that the glass crockery pieces were intact.",english,ecommerce,appreciation,positive,delivery,none,none,none,simple,none
EC420,"bhai app me wishlist items ka price drop notification time pe nahi aata sale khatam hone ke baad alert diya",hinglish,ecommerce,complaint,negative,app,app_issue,medium,none,moderate,"Send instantaneous price drop alerts"
EC421,"Enable customers to view exact fabric shrinkage percentages after first wash on cotton clothing listings.",english,ecommerce,suggestion,neutral,product_description,none,none,none,moderate,"Specify garment wash shrinkage rates"
EC422,"Crisp and breathable linen trousers, fine tailoring, perfect waistband comfort for day-long meetings.",english,ecommerce,appreciation,positive,product_fit,none,none,none,moderate,none
EC423,"bhai packaged food packet expired nikla aur expiry date pe naya sticker chipka rakha tha fraud seller",hinglish,ecommerce,complaint,negative,product_authenticity,poor_quality,high,severe,"Delist merchants modifying expiration labels"
EC424,"Can I change my default invoice billing address without affecting pending transit deliveries?",english,ecommerce,question,neutral,app,none,none,none,simple,none
EC425,"Delivery arrived within time frame, product was original, though outer box had slight moisture stains.",english,ecommerce,informational,mixed,packaging,none,low,none,simple,none
EC426,"Outstanding performance on this cordless drill, battery retains charge through heavy home DIY tasks easily.",english,ecommerce,appreciation,positive,product_features,none,none,none,moderate,none
EC427,"bhai UPI transaction fail hui account se paise cut gaye par order generate nahi hua paisa kab aayega?",hinglish,ecommerce,question,negative,payment,payment_failure,medium,none,moderate,"Automate instant UPI failure reversals"
EC428,"The mixer grinder performs dry grinding effortlessly, though the motor emits a loud high-pitched whine.",english,ecommerce,complaint,mixed,product_quality,poor_quality,low,none,moderate,"Dampen motor vibration harmonics"
EC429,"Delivery partner climbed three floors with a heavy 20L water dispenser carton without complaining once.",english,ecommerce,appreciation,positive,delivery,none,none,none,moderate,none
EC430,"bhai courier boy ne apartment gate pe parcel drop kar diya bina call kiye lost ho sakta tha",hinglish,ecommerce,complaint,negative,delivery,poor_customer_support,high,none,moderate,"Mandate customer phone contact before gate drop"
EC431,"Apparel brands should specify exact inseam measurements in centimeters for all trousers and jeans.",english,ecommerce,suggestion,neutral,product_description,none,none,none,moderate,"Include precise inseam measurements in cm"
EC432,"Tempered glass screen protector arrived intact with alcohol wipes and alignment frame, effortless bubble-free installation.",english,ecommerce,appreciation,positive,product_features,none,none,none,simple,none
EC433,"bhai order dispatch hone me 6 din lag gaye itna slow packaging system kyu hai tumhara",hinglish,ecommerce,complaint,negative,delivery_time,late_delivery,medium,none,simple,"Reduce warehouse dispatch processing time"
EC434,"Does this gaming chair include the lumbar cushion and headrest pillow within the standard purchase price?",english,ecommerce,question,neutral,product_features,none,none,none,moderate,none
EC435,"The cotton kurta has fine thread work, though the armpit seam felt slightly tight during arm movement.",english,ecommerce,complaint,mixed,product_fit,poor_fit,low,none,moderate,"Allow broader armhole tailoring on kurtas"
EC436,"Neat packaging, cardboard edge protectors on study desk, zero scratches, exceptionally pleased.",english,ecommerce,appreciation,positive,packaging,none,none,none,simple,none
EC437,"bhai extra memory card ke paise liye combo offer me par box me sirf digital camera bheja",hinglish,ecommerce,complaint,negative,missing_item,missing_item,medium,none,moderate,"Audit bundle shipments for accessory cards"
EC438,"Allow customers to schedule return pickups on Sundays for people working corporate hours on weekdays.",english,ecommerce,suggestion,neutral,return,none,none,none,moderate,"Offer Sunday return pickup slots"
EC439,"Delicious crunchy cashews, vacuum packed in resealable pouches, zero rancidity, top grade product.",english,ecommerce,appreciation,positive,product_quality,none,none,none,simple,none
EC440,"bhai delivery guy ne bina OTP verification ke parcel unknown security guard ko thama diya",hinglish,ecommerce,complaint,negative,delivery,poor_customer_support,medium,none,moderate,"Ensure OTP handoff verification"
EC441,"Is there any extra fee charged if I cancel an apparel order while it is still under processing state?",english,ecommerce,question,neutral,order_cancellation,none,none,none,moderate,none
EC442,"The sports watch has accurate heart rate tracking, though the silicon strap causes skin irritation in sweat.",english,ecommerce,informational,mixed,product_features,none,low,none,moderate,none
EC443,"Rider followed Google pin instructions accurately, reached directly without multiple navigation calls.",english,ecommerce,appreciation,positive,delivery,none,none,none,moderate,none
EC444,"bhai track pants ka fabric itna patla hai ki ek wash me hi bobbles aa gaye bekaar quality",hinglish,ecommerce,complaint,negative,product_quality,poor_quality,medium,none,simple,"Use anti-pilling fabric blends"
EC445,"Show real-time seller inventory quantities so customers know if an item is truly on last stock.",english,ecommerce,suggestion,neutral,website,none,none,none,moderate,"Display exact stock quantity counts"
EC446,"Flawless cotton towels, ultra-absorbent and vibrant colors remained true after multiple machine washes.",english,ecommerce,appreciation,positive,product_quality,none,none,none,moderate,none
EC447,"bhai checkout page par bank credit card discount apply nahi ho raha server error thrown repeatedly",hinglish,ecommerce,complaint,negative,discount,discount_issue,medium,none,moderate,"Fix card discount checkout gateway errors"
EC448,"Can we request formal wooden crate packing for long distance transit of expensive electronic guitars?",english,ecommerce,question,neutral,packaging,none,none,none,moderate,none
EC449,"The desk organizer is spacious and sturdy, but the white paint finish has small yellow stains near joints.",english,ecommerce,complaint,mixed,product_quality,damaged_product,low,none,moderate,"Inspect paint consistency before packing"
EC450,"Polite executive, fast doorstep delivery, original brand sealed headphones, 5 stars.",english,ecommerce,appreciation,positive,delivery,none,none,none,simple,none
EC451,"bhai facial cream kholi to andar fungus lagi hui thi packaged skincare ki koi checking nahi hoti kya",hinglish,ecommerce,complaint,negative,product_quality,poor_quality,high,none,simple,"Implement strict skincare quality checks"
EC452,"Provide option to save customized delivery preference instructions permanently on user profile.",english,ecommerce,suggestion,neutral,app,none,none,none,moderate,"Allow persistent delivery instruction notes"
EC453,"Steaming hot water thermos flask, high vacuum dual wall insulation, superior quality finish.",english,ecommerce,appreciation,positive,product_quality,none,none,none,moderate,none
EC454,"bhai parcel delivered mark ho gaya OTP liye bina par mujhe parcel mila hi nahi fraud rider",hinglish,ecommerce,complaint,negative,delivery,late_delivery,high,mild,"Strictly enforce OTP delivery handoffs"
EC455,"How can I get an itemized tax breakdown invoice for corporate expense reimbursement claims?",english,ecommerce,question,neutral,website,none,none,none,moderate,none
EC456,"The casual sneakers look sporty and trendy, though the tongue of the shoe slides sideways during walking.",english,ecommerce,complaint,mixed,product_fit,poor_fit,low,none,moderate,"Anchor shoe tongues with lace loops"
EC457,"Delivery partner handled the delicate chandelier glass components with great responsibility, spotless delivery.",english,ecommerce,appreciation,positive,delivery,none,none,none,moderate,none
EC458,"bhai body lotion ki seal khuli hui thi transit me aadha lotion bag me beh gaya cheap packaging",hinglish,ecommerce,complaint,negative,packaging,damaged_product,high,none,simple,"Tape lotion pump dispensers securely"
EC459,"Prompt customer support executive credited the refund for returned shoe size within ten minutes of pickup.",english,ecommerce,appreciation,positive,refund,none,none,none,moderate,none
EC460,"bhai mobile case manga tha transparent inhone yellowed old stock bhej diya ganda product",hinglish,ecommerce,complaint,negative,product_quality,poor_quality,low,none,simple,"Ship fresh non-oxidized transparent cases"
EC461,"Can we select specific courier partners while checking out if certain services have poor local presence?",english,ecommerce,suggestion,neutral,delivery,none,none,none,moderate,"Allow carrier partner selection"
EC462,"The cotton bedsheet has crisp patterns, though it requires heavy steam ironing to remove wrinkles after wash.",english,ecommerce,informational,mixed,product_quality,none,low,none,moderate,none
EC463,"Quick delivery, polite delivery partner, original electronic hardware, completely satisfied.",english,ecommerce,appreciation,positive,delivery,none,none,none,simple,none
EC464,"bhai courier wale ne lift kharab hone par 3rd floor aane se mana kiya aur parcel cancel kar diya",hinglish,ecommerce,complaint,negative,delivery,poor_customer_support,high,none,moderate,"Mandate stair climb for lower floors"
EC465,"Does the manufacturer provide doorstep replacement warranty for technical defects on this mixer grinder?",english,ecommerce,question,neutral,replacement,none,none,none,moderate,none
EC466,"Crisp sound quality on desktop soundbar, rich bass radiators, arrived within twenty-four hours safely.",english,ecommerce,appreciation,positive,delivery_time,none,none,none,moderate,none
EC467,"bhai formal trousers ki length description se 3 inch choti thi ankle length lag raha hai bekaar fitting",hinglish,ecommerce,complaint,negative,product_size,wrong_size,low,none,simple,"Match trouser length with size charts"
EC468,"Allow shoppers to sort reviews by verified purchasers who uploaded actual product photographs.",english,ecommerce,suggestion,neutral,app,none,none,none,moderate,"Add photo review sorting filter"
EC469,"Superb ceramic coffee mug set, thick walls keep coffee hot, pleasant pastel tones, pristine arrival.",english,ecommerce,appreciation,positive,product_quality,none,none,none,simple,none
EC470,"bhai credit card se payment cut gayi transaction failed screen aayi aur balance lock ho gaya 7 din ke liye",hinglish,ecommerce,complaint,negative,payment,payment_failure,high,none,simple,"Speed up bank gateway error unblocking"
EC471,"Is there an estimated restocking date for the 32GB RAM variant of this professional gaming laptop?",english,ecommerce,question,neutral,availability,none,none,none,moderate,none
EC472,"The winter hoodie is thick and warm, though the front kangaroo pocket stitching came undone on day three.",english,ecommerce,informational,mixed,product_quality,poor_quality,low,none,moderate,none
EC473,"Super fast delivery, courteous courier executive, factory sealed gaming console, totally thrilled.",english,ecommerce,appreciation,positive,delivery_time,none,none,none,simple,none
EC474,"bhai smart bulb connect nahi ho raha WiFi se bilkul dead piece bhej diya seller ne waste of money",hinglish,ecommerce,complaint,negative,product_features,poor_quality,high,mild,"Ensure functional testing of smart hardware"
EC475,"Allow buyers to pause recurring grocery delivery subscriptions during extended holiday vacations.",english,ecommerce,suggestion,neutral,website,none,none,none,moderate,"Add pause option on subscriptions"
EC476,"Steaming hot water thermos, leak-proof screw lid, flawless matte finish, wonderful daily commute companion.",english,ecommerce,appreciation,positive,product_quality,none,none,none,simple,none
EC477,"bhai tracking me parcel 4 din se ek hi intermediate hub pe stuck dikha raha hai koi movement nahi hai",hinglish,ecommerce,complaint,negative,delivery,late_delivery,medium,none,simple,"Expedite delayed hub sorting"
EC478,"Can we opt for invoice delivery exclusively via WhatsApp notifications instead of email attachments?",english,ecommerce,question,neutral,app,none,none,none,moderate,none
EC479,"The leather laptop bag looks executive and formal, but the shoulder strap padding is too thin for daily loads.",english,ecommerce,complaint,mixed,product_features,poor_quality,low,none,moderate,"Add ergonomic padding to shoulder straps"
EC480,"Delivered on time, polite partner, tamper-evident security tape completely untampered.",english,ecommerce,appreciation,positive,packaging,none,none,none,simple,none
EC481,"bhai electric kettle ka auto-cut sensor kaam nahi kar raha paani ubal ke bahar gir gaya defective thermostat",hinglish,ecommerce,complaint,negative,product_features,poor_quality,medium,none,simple,"Test thermostat switches before shipping"
EC482,"Offer round-up savings at checkout where spare rupees go directly toward verified environmental tree planting.",english,ecommerce,suggestion,neutral,payment,none,none,none,moderate,"Introduce checkout tree-planting round-off"
EC483,"Warm fleece blanket, lightweight yet exceptionally warm, stitched borders ensure zero fraying after wash.",english,ecommerce,appreciation,positive,product_quality,none,none,none,moderate,none
EC484,"bhai delivery boy ne instructions ignore karke doorbell zor zor se baja di bacha so raha tha",hinglish,ecommerce,complaint,negative,delivery,poor_customer_support,low,none,moderate,"Observe customer doorbell notes"
EC485,"Where can I check if a particular third-party merchant is an authorized Indian brand retailer?",english,ecommerce,question,neutral,seller,none,none,none,moderate,none
EC486,"The casual shoes look stylish and sleek, but the insole padding is too hard for extended walking.",english,ecommerce,informational,mixed,product_quality,poor_quality,low,none,moderate,none
EC487,"Pristine mechanical keyboard delivered within twenty hours, satisfying tactile feedback, flawless setup.",english,ecommerce,appreciation,positive,delivery_time,none,none,none,moderate,none
EC488,"bhai laptop ke sath wired mouse free likha tha offer me par box me koi mouse nahi nikla missing item",hinglish,ecommerce,complaint,negative,missing_item,missing_item,medium,none,simple,"Enclose promised promotional freebies"
EC489,"Enable dark mode on the mobile web shopping view to reduce screen glare during nighttime browsing.",english,ecommerce,suggestion,neutral,website,none,none,none,moderate,"Implement website dark mode interface"
EC490,"Soft cotton towels, high absorbency, beautiful pastel shades, completely satisfied with purchase.",english,ecommerce,appreciation,positive,product_quality,none,none,none,simple,none
EC491,"bhai replacement approve hue 10 din ho gaye dispatch update abhi tak nahi aaya lazy logistics",hinglish,ecommerce,complaint,negative,replacement,replacement_delay,high,none,moderate,"Expedite replacement dispatch turnaround"
EC492,"Is there an option to schedule delivery specifically during morning hours before 10 AM?",english,ecommerce,question,neutral,delivery_time,none,none,none,moderate,none
EC493,"The wireless mouse glides smoothly on surfaces, though the primary click buttons are noticeably loud.",english,ecommerce,appreciation,mixed,product_features,none,low,none,moderate,none
EC494,"Polite executive, fast doorstep delivery, original brand sealed phone, complete peace of mind.",english,ecommerce,appreciation,positive,delivery,none,none,none,simple,none
EC495,"bhai leather jacket me se heavy chemical smell aa rahi thi packaging cheap plastic me ki thi",hinglish,ecommerce,complaint,negative,product_quality,poor_quality,medium,none,simple,"Aerate leather goods before bagging"
EC496,"E-commerce portals should allow order cancellation within a two-minute window after accidental checkout clicks.",english,ecommerce,suggestion,neutral,order_cancellation,none,none,none,moderate,"Introduce 2-minute cancellation grace window"
EC497,"Steaming hot water geyser delivered right on schedule, unboxed and verified carefully by delivery staff.",english,ecommerce,appreciation,positive,delivery_time,none,none,none,moderate,none
EC498,"bhai checkout pe festive coupon apply hone ke baad bill increase ho gaya hidden convenience fee lagake",hinglish,ecommerce,complaint,negative,price,high_price,medium,none,moderate,"Abolish hidden convenience fees"
EC499,"Can delivery executives access customer contact phone numbers directly or are mobile numbers masked for safety?",english,ecommerce,question,neutral,delivery,none,none,none,moderate,none
EC500,"Ergonomic office chair, breathable mesh, smooth rolling casters, exceptional comfort for long coding marathons.",english,ecommerce,appreciation,positive,product_quality,none,none,none,moderate,none