id,text,language,service,behavior,sentiment,aspect,issue,severity,abuse,complexity,suggestion
HC001,Doctor listened patiently and answered every query without rushing through the consultation.,english,healthcare,appreciation,positive,doctor,none,none,none,simple,none
HC002,"The consultation was quite thorough, but waiting over seventy minutes past the scheduled slot was very exhausting.",english,healthcare,complaint,mixed,waiting_time,long_wait,medium,none,complex,Adhere strictly to consultation slot times
HC003,bhai blood test report 24 ghante me aani thi 3 din ho gaye portal pe upload nahi hui,hinglish,healthcare,complaint,negative,medical_report,report_delay,high,none,moderate,Upload diagnostic reports within promised timeframe
HC004,What are the visiting hours for relatives in the general recovery ward?,english,healthcare,question,neutral,facility,none,none,none,moderate,none
HC005,Pharmacy staff ne prescribed generic medicines turant dispense kar di billing bhi fast thi.,hinglish,healthcare,appreciation,positive,pharmacy,none,none,none,simple,none
HC006,Hospitals should implement a digital token display board in waiting lounges to track live queue progression.,english,healthcare,suggestion,neutral,waiting_time,none,none,none,moderate,Install live queue display screens in waiting areas
HC007,"cashless TPA insurance approval took seven agonizing hours, keeping discharged patient waiting in lobby unnecessarily",english,healthcare,complaint,negative,insurance,insurance_issue,high,none,moderate,Streamline TPA discharge clearance protocols
HC008,"I wouldn't call the clinic poorly managed, but the air conditioning in the ultrasound lounge was completely dysfunctional.",english,healthcare,complaint,mixed,facility,facility_problem,low,none,complex,Ensure regular maintenance of waiting room AC units
HC009,doctor was scheduled for 10 AM but arrived at 12:30 PM without reception offering any updates to waiting patients,english,healthcare,complaint,negative,appointment,appointment_delay,high,none,moderate,Notify patients proactively regarding doctor delays
HC010,Sample collection for annual health checkup was completed at 7:30 AM as scheduled by phlebotomist.,english,healthcare,informational,neutral,diagnostic_test,none,none,none,simple,none
HC011,bhai billing counter staff itna badtameez aur incompetent hai ghanta bhar invoice generate karne me laga diya,hinglish,healthcare,complaint,negative,billing,poor_staff_behavior,high,mild,Train billing staff in professional customer courtesy,
HC012,"Hospital corridors, washrooms, and patient waiting areas were sanitized and spotlessly clean throughout.",english,healthcare,appreciation,positive,hospital_cleanliness,none,none,none,simple,none
HC013,Can I reschedule my video consultation slot with the dermatologist without paying cancellation fees?,english,healthcare,question,neutral,rescheduling,none,none,none,moderate,none
HC014,radiology department delayed MRI scan by two hours because previous emergency cases were backlogged without intimation,english,healthcare,complaint,negative,diagnostic_test,test_delay,medium,none,moderate,Communicate emergency scan priority clearly to outpatient bookings
HC015,"prescribed ear drops were out of stock at in-house pharmacy, forced to search four external medical shops",english,healthcare,complaint,negative,medicine,medicine_unavailable,medium,none,simple,Maintain adequate stock of commonly prescribed drops
HC016,bhai ultrasound ke liye empty stomach 3 ghante bitha ke rakha coordination bilkul third class hai,hinglish,healthcare,complaint,negative,diagnostic_test,test_delay,high,mild,Schedule fasting ultrasound appointments in priority slots,
HC017,"The senior orthopedist handled my knee assessment with great competence, despite the noisy waiting hall nearby.",english,healthcare,appreciation,positive,doctor,none,none,none,moderate,none
HC018,Hospitals should provide SMS reminders three hours before appointment time with clear clinic wing directions.,english,healthcare,suggestion,neutral,communication,none,none,none,moderate,Send detailed SMS reminders with wing locations
HC019,bhai app se online consultation book kiya paise kat gaye par doctor room link activate hi nahi hua,hinglish,healthcare,complaint,negative,app,app_issue,high,none,moderate,Fix automated consultation link generation on app
HC020,Nurse gently administered the intravenous drip without causing bruising and checked vitals regularly with a warm attitude.,english,healthcare,appreciation,positive,nursing_staff,none,none,none,moderate,none
HC021,"Although the pediatrician examined my baby very carefully, the front desk took twenty minutes just to generate the receipt.",english,healthcare,complaint,mixed,reception,support_delay,low,none,complex,Speed up patient registration at reception
HC022,unhygienic sample collection area with overflowing biohazard waste bins right next to blood collection chairs,english,healthcare,complaint,negative,hospital_cleanliness,cleanliness_issue,high,none,moderate,Empty biohazard waste containers frequently
HC023,consultation fee was 800 rupees and medicines cost 450 rupees from ground floor pharmacy counter.,hinglish,healthcare,informational,neutral,billing,none,none,none,simple,none
HC024,Does this diagnostic center offer doorstep blood collection services on Sunday mornings?,english,healthcare,question,neutral,diagnostic_test,none,none,none,moderate,none
HC025,Pathetic useless hospital administration kept critically sick patient waiting two hours for bed allocation bloody heartless staff,english,healthcare,complaint,negative,patient_support,support_delay,high,severe,Streamline emergency admission bed allotment,
HC026,physiotherapist ne exercises bohot patiently samjhaye aur posture correction ka chart bhi print karke diya,hinglish,healthcare,appreciation,positive,staff_behavior,none,none,none,simple,none
HC027,"I wouldn't say the clinical staff was unskilled, but the lack of coordination between nursing and radiology wasted our entire afternoon.",english,healthcare,complaint,mixed,nursing_staff,poor_communication,medium,none,complex,Improve inter-departmental communication between wards and radiology
HC028,"Smooth appointment flow, arrived at 9 AM, consultation started at 9:05 AM, fully satisfied.",english,healthcare,appreciation,positive,appointment,none,none,none,moderate,none
HC029,kya TPA health card se opd consultation charges reimburse ho sakte hain is hospital me?,hinglish,healthcare,question,neutral,insurance,none,none,none,simple,none
HC030,"Receptionist was unnecessarily arrogant, threw the appointment slip on counter and refused to answer simple queries.",english,healthcare,complaint,negative,reception,poor_staff_behavior,medium,mild,Enforce professional etiquette training at front desk,
HC031,"Lab report sent over WhatsApp had another patient's demographic details attached, shocking breach of confidentiality.",english,healthcare,complaint,negative,medical_report,report_delay,high,none,moderate,Audit automated digital report dispatch for patient matching
HC032,Hospital mobile app crashed repeatedly during final bill settlement and transaction timed out after debit.,english,healthcare,complaint,negative,payment,payment_issue,high,none,complex,Ensure payment gateway stability on healthcare app
HC033,"The eye specialist was remarkably knowledgeable, though the eye drop testing wait took over ninety minutes.",english,healthcare,appreciation,mixed,waiting_time,long_wait,low,none,complex,Optimize pupil dilation waiting workflow
HC034,bhai stretcher availability nahi thi casualty entrance pe security guard ne koi help nahi ki,hinglish,healthcare,complaint,negative,emergency_service,facility_problem,high,none,moderate,Ensure emergency stretchers and attendants remain stationed at gate
HC035,"Dietitian created a customized meal schedule considering regional dietary habits, exceptional guidance.",english,healthcare,appreciation,positive,doctor,none,none,none,moderate,none
HC036,kya telemedicine portal pe upload kiye gaye previous MRI scan reports doctor screen pe visible rehte hain?,hinglish,healthcare,question,neutral,online_consultation,none,none,none,moderate,none
HC037,"Phlebotomist handled my frightened eight-year-old child with utmost tenderness during blood draw, painless experience.",english,healthcare,appreciation,positive,staff_behavior,none,none,none,complex,none
HC038,"Drinking water coolers on the second floor were clean, chilled, and paper cups were fully stocked.",english,healthcare,appreciation,positive,facility,none,none,none,moderate,none
HC039,"Blood pressure monitoring cuff in triage was visibly stained with dirt and sweat, completely unacceptable hygiene.",english,healthcare,complaint,negative,hospital_cleanliness,cleanliness_issue,high,none,moderate,Sanitize shared diagnostic apparatus between patients
HC040,apointmnt late ho gyi aur staff ne kuch bataya nhi 2 ghante baithe rahe,hinglish,healthcare,complaint,negative,waiting_time,long_wait,medium,none,simple,Inform waiting patients about expected consultation delays
HC041,"While the cardiologist provided comprehensive medical insights, getting insurance pre-authorization cleared took five tedious hours.",english,healthcare,complaint,mixed,insurance,insurance_issue,medium,none,complex,Expedite insurance pre-authorization desk paperwork
HC042,Can the hospital accounts department provide a finalized break-up summary for pharmacy bill reimbursement?,english,healthcare,question,neutral,billing,none,none,none,moderate,none
HC043,OPD registration fee 1200 rupay charge ki par consultation barely 3 minute me khatam kar di unreasonable cost,hinglish,healthcare,complaint,negative,billing,billing_issue,medium,none,simple,Ensure consultation duration matches fee expectations
HC044,Everything was fine until we discovered that the prescribed antibiotic was out of stock across all nearby hospital pharmacies.,english,healthcare,complaint,mixed,medicine,medicine_unavailable,medium,none,moderate,Maintain inventory for routinely prescribed antibiotics
HC045,Diagnostic labs should provide tracking links showing whether sample is under processing or ready for download.,english,healthcare,suggestion,neutral,medical_report,none,none,none,moderate,Provide real-time sample processing tracking links
HC046,"wheelchairs at main lobby entrance had jammed wheels and torn seats, making transfer painful for elderly patients",english,healthcare,complaint,negative,facility,facility_problem,medium,none,simple,Repair and service patient transit wheelchairs
HC047,bhaiya lab assistant ne painless blood sample nikala bilkul feel nahi hua thank you,hinglish,healthcare,appreciation,positive,diagnostic_test,none,none,none,moderate,none
HC048,Is cashless mediclaim facility accepted for daycare cataract surgeries in this branch?,english,healthcare,question,neutral,insurance,none,none,none,moderate,none
HC049,"Doctor was competent, billing support wasn't.",english,healthcare,complaint,mixed,billing,billing_issue,medium,none,simple,Speed up billing counter clearances
HC050,terrible experience emergency desk receptionist arguing on personal phone while patient was groaning in pain shameless negligence,hinglish,healthcare,complaint,negative,emergency_service,poor_staff_behavior,high,severe,Prohibit personal phone usage at emergency triage desks,
HC051,"Vaccination drive was well organized, entered booth at 10:15 AM and exited comfortably by 10:30 AM.",english,healthcare,appreciation,positive,appointment,none,none,none,simple,none
HC052,bhai appointment auto-cancel ho gayi bina SMS alert bheje hospital aane ke baad pata chala doctor leave pe hain,hinglish,healthcare,complaint,negative,cancellation,appointment_cancelled,high,none,moderate,Notify patients immediately if doctor cancels consultation
HC053,"Honestly, I expected overcrowded chaos, but the daycare surgical unit was remarkably serene, disciplined, and punctual.",english,healthcare,appreciation,mixed,facility,none,none,none,complex,none
HC054,Hospital app shows available slots for general surgery but throws server timeout when selecting morning timeslots.,english,healthcare,complaint,negative,app,app_issue,medium,none,moderate,Resolve slot booking timeout errors in mobile app
HC055,kya ultrasound report collect karne ke liye patient ka original prescription slip lana compulsory hai?,hinglish,healthcare,question,neutral,medical_report,none,none,none,moderate,none
HC056,"Pathology sample tube was dropped by lab orderly, required painful secondary venipuncture after an hour's delay.",english,healthcare,complaint,negative,laboratory,test_delay,high,none,moderate,Train orderly staff in secure biological sample handling
HC057,Clear signage throughout the multi-storey facility made finding the nephrology department effortless for first-time visitors.,english,healthcare,appreciation,positive,facility,none,none,none,moderate,none
HC058,Clinics should mention doctor consultation room numbers explicitly on printed registration tokens.,english,healthcare,suggestion,neutral,reception,none,none,none,moderate,Print consultation room numbers on token slips
HC059,radiologist delayed sonography by 90 minutes without giving explanation completely disrespectful towards fasting patients,english,healthcare,complaint,negative,waiting_time,long_wait,medium,mild,Respect scheduled timing for fasting ultrasound patients,
HC060,"The pediatric nurse was exceptionally gentle with vaccinations, though the waiting area was somewhat warm and stuffy.",english,healthcare,appreciation,mixed,facility,facility_problem,low,none,moderate,Improve ventilation in pediatric waiting lounges
HC061,report kab milegi?? 48 ghante ho gye portal pe pending dikha rha h,hinglish,healthcare,question,negative,medical_report,report_delay,medium,none,simple,Expedite digital lab report uploads
HC062,"Biodegradable medicine packaging envelopes used at pharmacy instead of toxic plastic bags, commendable green initiative.",english,healthcare,appreciation,positive,pharmacy,none,none,none,simple,none
HC063,Customer care helpline kept looping promotional recordings and never transferred call to casualty ambulance coordinator.,english,healthcare,complaint,negative,emergency_service,support_delay,high,none,moderate,Provide zero-wait call routing for emergency ambulance lines
HC064,discharge summary me medicine dosage timing clarify nahi kiya tha nurse ne baad me confusion hua,hinglish,healthcare,complaint,negative,nursing_staff,poor_communication,medium,none,moderate,Provide clear medication timing charts at discharge
HC065,Are corporate discount health cards applicable for specialized executive MRI screenings?,english,healthcare,question,neutral,billing,none,none,none,moderate,none
HC066,Billing clerk demanded exact cash change for 15 rupees photocopy charges despite multiple digital UPI boards displayed prominently.,english,healthcare,complaint,negative,billing,payment_issue,low,none,moderate,Permit digital UPI payments for all minor hospital desk fees
HC067,"The ENT specialist clearly explained eardrum anatomy using 3D models, dispelling our medical anxieties completely.",english,healthcare,appreciation,positive,doctor,none,none,none,moderate,none
HC068,bhai doctor ne prescribed syrup brand change kiya par pharmacy wale purani medicine जबरदस्ती chipka rahe the,hinglish,healthcare,complaint,negative,pharmacy,pharmacy_issue,medium,none,moderate,Dispense only exact brand or salt prescribed
HC069,"The dental extraction was performed with utmost skill, although waiting over ninety minutes past the appointment tested our patience.",english,healthcare,complaint,mixed,waiting_time,long_wait,medium,none,complex,Schedule dental appointments with realistic buffer times
HC070,How many business days does it usually take for TPA security deposit refunds to credit back to bank accounts?,english,healthcare,question,neutral,insurance,none,none,none,moderate,none
HC071,"Urine sample collection container was unsealed and placed openly on public washroom counter, severe hygiene violation.",english,healthcare,complaint,negative,laboratory,cleanliness_issue,high,none,moderate,Distribute sterile sealed specimen cups from lab counter only
HC072,physiotherapy session was beneficial but the treatment beds were old and torn,english,healthcare,complaint,mixed,facility,facility_problem,low,none,simple,Upgrade physiotherapy treatment examination couches
HC073,subah 8 baje sample diya tha 11 baje blood sugar report WhatsApp pe aa gayi fast service,hinglish,healthcare,appreciation,positive,medical_report,none,none,none,simple,none
HC074,Hospitals should provide a quiet feeding room for nursing mothers near the pediatric outpatient wing.,english,healthcare,suggestion,neutral,facility,none,none,none,moderate,Set up dedicated mother nursing rooms in pediatric areas
HC075,washroom me liquid soap aur water bilkul nahi tha unhygienic hospital conditions,hinglish,healthcare,complaint,negative,hospital_cleanliness,cleanliness_issue,high,none,simple,Replenish soap dispensers and ensure constant water supply
HC076,"Prescription software printed wrong strength of cardiac medicine, fortunately alert pharmacist caught error before dispensing.",english,healthcare,complaint,negative,communication,poor_communication,high,none,moderate,Ensure automatic dosage warning alerts in electronic prescribing software
HC077,"The floor nurse responded to the bedside patient call bell within forty seconds, truly attentive care.",english,healthcare,appreciation,positive,nursing_staff,none,none,none,moderate,none
HC078,Does the hospital pathology lab operate 24 hours for urgent pre-operative blood cross-matching?,english,healthcare,question,neutral,laboratory,none,none,none,moderate,none
HC079,"I wouldn't call the appointment coordinator rude, but their unwillingness to reschedule a canceled slot without another consultation charge was unfair.",english,healthcare,complaint,mixed,rescheduling,billing_issue,low,none,complex,none
HC080,negligent staff administered drip without checking patient allergy wristband completely unacceptable life threatening incompetence,english,healthcare,complaint,negative,nursing_staff,poor_staff_behavior,high,severe,Mandate barcode cross-checking of allergy bands before drug administration,
HC081,"Delivered discharge folder with laminated diagnostic reports and itemized medicine instructions, highly professional documentation.",english,healthcare,appreciation,positive,patient_support,none,none,none,simple,none
HC082,app me lab report download karne par white blank page open ho raha hai fix this technical bug,hinglish,healthcare,complaint,negative,app,app_issue,medium,none,simple,Fix PDF report rendering glitch on patient portal
HC083,"The laparoscopic surgeon was reassuring and warm, though post-operative room allotment took five hours of sitting in lobby.",english,healthcare,appreciation,mixed,facility,support_delay,medium,none,complex,Speed up sanitized room turnover for admitted patients
HC084,Are patient attendants permitted to stay overnight in the semi-private recovery rooms?,english,healthcare,question,neutral,facility,none,none,none,moderate,none
HC085,bhai CT scan machine me 40 minute delay hua par technician ne softly apologize kiya aur care ki,hinglish,healthcare,informational,mixed,diagnostic_test,test_delay,low,none,moderate,Maintain scan machine schedules strictly
HC086,"Online video consultation started on the exact designated minute, clear audio-visual transmission and immediate e-prescription sent.",english,healthcare,appreciation,positive,online_consultation,none,none,none,simple,none
HC087,Please introduce designated priority counters for senior citizens at outpatient pharmacy and billing desks.,english,healthcare,suggestion,neutral,reception,none,none,none,moderate,Introduce priority desks for elderly patients
HC088,worst hospital experience ever lab technician punctured vein three times brutally causing massive hematoma useless staff,english,healthcare,complaint,negative,laboratory,poor_staff_behavior,high,mild,Deploy experienced phlebotomists for difficult venipunctures,
HC089,booked Dr Sharma for 4 PM received consultation with junior resident doctor without informing beforehand,hinglish,healthcare,complaint,negative,doctor,appointment_reschedule,medium,none,simple,Inform patients if consultant substitutes junior doctor
HC090,"A pleasant and hassle-free blood donation experience, clean reclining chairs, sterile needles, and refreshment juice served.",english,healthcare,informational,positive,facility,none,none,none,simple,none
HC091,bhai doctor consultation bohot detailed tha bas waiting room me sitting chairs kam pad gayi thi,hinglish,healthcare,suggestion,mixed,facility,facility_problem,low,none,moderate,Add more ergonomic seating in outpatient waiting halls
HC092,Why does the billing counter charge a non-refundable biomedical waste management cess on simple outpatient doctor visits?,english,healthcare,question,negative,billing,billing_issue,low,none,moderate,Abolish separate waste fees on outpatient visits
HC093,"The neonatal intensive care unit was spotlessly sterile, quiet, and guarded by stringent antiseptic protocol entries.",english,healthcare,appreciation,positive,hospital_cleanliness,none,none,none,moderate,none
HC094,bhai ambulance booking number pe call kiya to bola driver available nahi hai emergency me aisi service?,hinglish,healthcare,complaint,negative,emergency_service,support_delay,high,none,moderate,Ensure dedicated standby drivers for hospital ambulances
HC095,"Not exactly the quickest pharmacy queue I have encountered, but at least every single prescribed brand was available.",english,healthcare,informational,mixed,pharmacy,support_delay,low,none,complex,none
HC096,nursing staff ignored intravenous fluid line occlusion alarm for thirty minutes while talking in duty room dangerous negligence,english,healthcare,complaint,negative,nursing_staff,poor_staff_behavior,high,none,moderate,Enforce immediate response protocols to infusion pump alarms
HC097,doctor ne checkup ke baad diet sheet aur exercise timetable WhatsApp pe share kar diya great service,hinglish,healthcare,appreciation,positive,doctor,none,none,none,simple,none
HC098,Can family members access digital laboratory test archives through the hospital web portal using patient UHID?,english,healthcare,question,neutral,medical_report,none,none,none,moderate,none
HC099,"Exemplary guidance from oncology nursing counselors, patient and family received clear emotional and therapeutic roadmap.",english,healthcare,appreciation,positive,patient_support,none,none,none,simple,none
HC100,bhai hospital lobby me AC band tha garmi me bimar log paseene se pareshan ho rahe the pathetic management,hinglish,healthcare,complaint,negative,facility,facility_problem,medium,none,moderate,Ensure continuous centralized climate control in waiting areas
HC101,"Ultrasound probe cover was not changed in front of patient, creating severe anxiety regarding sterilization practices.",english,healthcare,complaint,negative,hospital_cleanliness,cleanliness_issue,high,none,moderate,Demonstrate sterile probe cover replacement in patient view
HC102,"orthopedic ward staff was attentive, helped patient mobilize post-surgery with kind encouraging words.",english,healthcare,appreciation,positive,nursing_staff,none,none,none,simple,none
HC103,bhai blood test report me patient age galat print kardi dobara correct karwane me 2 ghante lage,hinglish,healthcare,complaint,negative,medical_report,report_delay,medium,none,simple,Verify patient demographics against ID before issuing reports
HC104,Please mention the approximate waiting time on the digital appointment confirmation SMS sent to registered phones.,english,healthcare,suggestion,neutral,communication,none,none,none,moderate,Include approximate queue wait times in confirmation texts
HC105,Where do I submit stamped hospital discharge papers for initiating corporate medical claim reimbursements?,english,healthcare,question,neutral,insurance,none,none,none,moderate,none
HC106,"Super quick turnaround, thyroid profile blood drawn at 8 AM, comprehensive digital report delivered by 1 PM.",english,healthcare,appreciation,positive,medical_report,none,none,none,simple,none
HC107,"The MRI machine room lacked basic ear protection headphones, leading to deafening noise discomfort during the entire scan.",english,healthcare,complaint,negative,facility,facility_problem,medium,none,moderate,Provide noise-canceling headphones during MRI procedures
HC108,bhai doctor ne bina baat ke 5 mehenge blood tests prescribe kar diye commissions ke chakkar me,hinglish,healthcare,complaint,negative,doctor,billing_issue,medium,none,simple,Prescribe only clinically essential diagnostic evaluations
HC109,"While the neurological evaluation was reassuring, the hospital elevator was out of order, forcing my arthritic father to climb stairs.",english,healthcare,complaint,mixed,facility,facility_problem,high,none,complex,Ensure continuous functionality of patient elevators
HC110,The front desk executive patiently explained the breakup of surgical package costs without hiding ancillary expenses.,english,healthcare,appreciation,positive,billing,none,none,none,moderate,none
HC111,refund for canceled endoscopy appointment was processed back to original card within twenty-four hours without deductions.,english,healthcare,appreciation,positive,billing,none,none,none,moderate,none
HC112,pharmacy counter pe itni bheed thi ki medicine lene me 45 minute khade rehna pada koi line management nahi,hinglish,healthcare,complaint,negative,pharmacy,long_wait,medium,none,simple,Install multi-window token queues at hospital pharmacies
HC113,Why is an extra documentation fee charged on insurance cashless claims when TPA desk is already paid by insurer?,english,healthcare,question,negative,insurance,billing_issue,medium,none,moderate,Eliminate undocumented hospital TPA processing surcharges
HC114,Allow patients to check in online thirty minutes prior to arrival to reduce congestion at outpatient reception counters.,english,healthcare,suggestion,neutral,app,none,none,none,moderate,Introduce online self check-in for outpatient visits
HC115,"The clinical diagnosis was sound, but the doctor spent three of the five consultation minutes answering private phone calls.",english,healthcare,complaint,mixed,doctor,poor_staff_behavior,low,none,moderate,Minimize non-emergency telephone interruptions during patient consultations
HC116,bhai ICU patient ke attendants ke liye waiting room me ek bench tak nahi thi poori raat floor pe bitayi,hinglish,healthcare,complaint,negative,facility,facility_problem,high,none,simple,Provide dignified overnight seating for ICU family attendants
HC117,"Warm and empathetic speech therapy session, child responded positively to the interactive learning tools utilized.",english,healthcare,appreciation,positive,staff_behavior,none,none,none,moderate,none
HC118,casualty doctor shouted at panicked family members instead of attending to the profusely bleeding wound disgusting cruelty,english,healthcare,complaint,negative,emergency_service,poor_staff_behavior,high,severe,Sensitize emergency doctors to communicate calmly with distressed families,
HC119,Can I request physical films along with digital DICOM links for high-resolution chest CT scans?,english,healthcare,question,neutral,diagnostic_test,none,none,none,moderate,none
HC120,reception pe registration smoothly ho gaya aur 10 minute me token number announce ho gaya,hinglish,healthcare,appreciation,positive,reception,none,none,none,simple,none
HC121,"The gynecologist addressed all concerns with warmth, though the ultrasound room was shared between multiple patients without privacy curtains.",english,healthcare,complaint,mixed,facility,facility_problem,medium,none,moderate,Install secure privacy curtains in shared sonography rooms
HC122,fraudulent billing department added three PPE kits and doctor visit charges on day patient was already discharged absolute robbery,english,healthcare,complaint,negative,billing,billing_issue,high,severe,Audit post-discharge billing for unrendered services,
HC123,Include an option to download official stamped medical certificates directly from the hospital mobile app portal.,english,healthcare,suggestion,neutral,app,none,none,none,moderate,Enable digital download of stamped medical certificates
HC124,"dialysis unit maintained exemplary sterility and patient monitoring, staff was alert and attentive throughout.",english,healthcare,appreciation,positive,hospital_cleanliness,none,none,none,simple,none
HC125,bhai doctor ne prescription me aisi handwriting likhi ki 3 pharmacist ko samajh nahi aayi printed do na yaar,hinglish,healthcare,complaint,negative,communication,poor_communication,medium,none,simple,Mandate printed computerized prescriptions across all departments
HC126,Is prior appointment mandatory for getting routine fasting lipid profile blood drawn at the central diagnostic facility?,english,healthcare,question,neutral,appointment,none,none,none,moderate,none
HC127,"I was handed someone else's sensitive biopsy report at the dispatch counter, gross violation of patient confidentiality.",english,healthcare,complaint,negative,medical_report,report_delay,high,none,moderate,Verify identity strictly before handing over physical pathology reports
HC128,"Smooth laparoscopic surgery scheduling, pre-anesthetic clearance was completed within an hour without repetitive queues.",english,healthcare,appreciation,positive,patient_support,none,none,none,simple,none
HC129,bhaiya ward boy ne wheelchair safely manage ki aur lift tak accompany kiya very humble person,hinglish,healthcare,appreciation,positive,staff_behavior,none,none,none,simple,none
HC130,"The dental procedure was painless and meticulous, although the equipment tray looked stained and showed slight rust near hinges.",english,healthcare,complaint,mixed,hospital_cleanliness,cleanliness_issue,low,none,complex,Upgrade and sterilize stainless steel dental instrument trays
HC131,"triage nurse dismissed severe chest discomfort as routine acidity without checking pulse, almost cost patient life",english,healthcare,complaint,negative,emergency_service,poor_staff_behavior,high,none,moderate,Ensure protocol-driven triage ECG checks for chest pain complaints
HC132,kya daycare chemotherapy sessions ke liye advance bed reservation karwana compulsory hota hai?,hinglish,healthcare,question,neutral,appointment,none,none,none,moderate,none
HC133,"Clean patient room, sanitized bed linen replaced every morning, and housekeeping arrived punctually upon request.",english,healthcare,appreciation,positive,hospital_cleanliness,none,none,none,moderate,none
HC134,"infusion pump stopped working midway through IV antibiotics, took nurses twenty minutes to replace backup machine",english,healthcare,complaint,negative,facility,facility_problem,high,none,moderate,Maintain pre-tested standby infusion pumps on all nursing stations
HC135,bhai discharge card me prescribed inhaler ka dosage mention nahi kiya chemist confusion me hai,hinglish,healthcare,complaint,negative,communication,poor_communication,medium,none,moderate,Specify accurate inhalation dosages in discharge summaries
HC136,Hospitals should offer dedicated charging points and stable public Wi-Fi in outpatient long-wait waiting areas.,english,healthcare,suggestion,neutral,facility,none,none,none,moderate,Provide device charging stations in outpatient lounges
HC137,"The ENT endoscopic examination was explained visually on high-resolution monitor, making diagnosis transparent and easy to follow.",english,healthcare,appreciation,positive,doctor,none,none,none,moderate,none
HC138,How can an attendant request a temporary entry gate pass for changing patient attendants during night shifts?,english,healthcare,question,neutral,facility,none,none,none,simple,none
HC139,hospital infrastructure was okay okay type not justifying the five star corporate pricing,hinglish,healthcare,complaint,mixed,billing,billing_issue,low,none,simple,none
HC140,The palliative care physician spoke with deep empathy and helped our family organize comfortable home nursing support.,english,healthcare,appreciation,positive,doctor,none,none,none,moderate,none
HC141,bhai pharmacy counter pe medicine interchange karke de di brand alag tha shukar hai padh liya maine,hinglish,healthcare,complaint,negative,pharmacy,pharmacy_issue,high,none,simple,Strictly verify drug brand names against prescriptions before handoff
HC142,Never visiting this diagnostic branch again technician dropped blood vial on dirty floor and picked up without changing gloves disgusting,english,healthcare,complaint,negative,hospital_cleanliness,cleanliness_issue,high,severe,Enforce immediate glove replacement upon floor contact,
HC143,Is the hospital cafeteria food inspected periodically by certified municipal food safety officers?,english,healthcare,question,neutral,facility,none,none,none,moderate,none
HC144,"Physiotherapy rehabilitation room was spacious, equipped with modern traction units and clean foam mats.",english,healthcare,appreciation,positive,facility,none,none,none,simple,none
HC145,"Doctor arrived promptly, but the consultation room lacked air ventilation, making fifteen minutes inside suffocating.",english,healthcare,complaint,mixed,facility,facility_problem,low,none,moderate,Install adequate cross-ventilation in small consultation cabins
HC146,bhai reception helpline pe call karo to ghanta bhar busy tone aati hai appointment kaise book kare?,hinglish,healthcare,question,negative,reception,support_delay,low,none,moderate,Expand multi-line reception call capacity
HC147,"Great dermatology advice overall, though the clinic did not accept cashless UPI payments below five hundred rupees.",english,healthcare,informational,mixed,payment,payment_issue,low,none,simple,none
HC148,Patient transport van took ninety minutes to cover three kilometers due to uncoordinated dispatch logistics.,english,healthcare,complaint,negative,emergency_service,support_delay,medium,none,moderate,Optimize ambulance fleet GPS tracking and dispatch coordination
HC149,dermatologist ne skin problem ki root cause acche se explain ki aur unnecessary steroid creams avoid karne ko bola,hinglish,healthcare,appreciation,positive,doctor,none,none,none,simple,none
HC150,Clinics should provide an estimated consultation queue status on their website so patients can arrive just in time.,english,healthcare,suggestion,neutral,waiting_time,none,none,none,moderate,Display live queue status on clinic portal
HC151,bhai vaccination bottle room temperature pe rakhi thi deep fridge me nahi integrity pe doubt hai,hinglish,healthcare,complaint,negative,medicine,medicine_unavailable,high,none,simple,Maintain strict cold chain storage for all vaccines
HC152,The pediatric dentist used engaging cartoons and gentle banter to ensure cavity filling was completely tear-free.,english,healthcare,appreciation,positive,doctor,none,none,none,moderate,none
HC153,Does the central diagnostic laboratory offer home delivery of hardcopy pathology dossiers with dry embossed seals?,english,healthcare,question,neutral,medical_report,none,none,none,moderate,none
HC154,"Doctor was knowledgeable, but the clinic waiting room was excessively cramped with standing patients spilling onto stairs.",english,healthcare,complaint,mixed,facility,facility_problem,low,none,simple,none
HC155,bhai online appointment book kiya paise kat gaye par doctor ki list me mera naam show hi nahi hua,hinglish,healthcare,complaint,negative,appointment,app_issue,high,none,moderate,Sync online appointment bookings with clinic daily roster
HC156,"Clean recovery ward, nurse checked surgical drain output regularly and recorded vital charts every two hours.",english,healthcare,appreciation,positive,nursing_staff,none,none,none,moderate,none
HC157,"terrible eye clinic, dilated patient pupils and then announced doctor had left for emergency surgery without backup doctor",english,healthcare,complaint,negative,appointment,appointment_cancelled,high,none,moderate,Arrange backup doctors before administering clinical dilating drops
HC158,bhai ultrasound technician ne bohot detailed explanation di screen dikha ke excellent behavior,hinglish,healthcare,appreciation,positive,staff_behavior,none,none,none,simple,none
HC159,Does this tertiary hospital maintain a dedicated pediatric intensive care unit staffed with 24/7 intensivists?,english,healthcare,question,neutral,facility,none,none,none,complex,none
HC160,"Front desk staff was extremely abrasive, refused to guide elderly patient to the blood collection basement area.",english,healthcare,complaint,negative,reception,poor_staff_behavior,medium,mild,Provide wheelchair escorts for elderly patients to testing basements,
HC161,"The cardiology consultation was reassuring, but the ECG machine had loose lead cables that required four attempts to record.",english,healthcare,complaint,mixed,diagnostic_test,facility_problem,low,none,moderate,Maintain and replace worn ECG suction electrodes and cables
HC162,"blood collection center was air-conditioned, token system organized, and blood draw was swift and painless.",english,healthcare,appreciation,positive,diagnostic_test,none,none,none,simple,none
HC163,bhai discount health package me se do important tests silently omit kar diye counter pe cheating chal rahi hai,hinglish,healthcare,complaint,negative,billing,billing_issue,medium,mild,Honor all advertised tests in package vouchers,
HC164,Provide an option on the patient portal to request second-opinion video reviews without repeating preliminary administrative forms.,english,healthcare,suggestion,neutral,online_consultation,none,none,none,moderate,Allow streamlined second-opinion bookings on portal
HC165,How do I request an official duplicate itemized hospital bill for submitting tax medical claims?,english,healthcare,question,neutral,billing,none,none,none,simple,none
HC166,"Super quick turnaround, ECG taken at triage, analyzed by emergency physician, and cleared within fifteen minutes of arrival.",english,healthcare,appreciation,positive,diagnostic_test,none,none,none,moderate,none
HC167,bhai doctor room me bulaya par 20 minute tak laptop pe kuch typing karte rahe patient ko notice tak nahi kiya,hinglish,healthcare,complaint,negative,doctor,poor_staff_behavior,medium,none,moderate,Maintain eye contact and active listening during consultations
HC168,"The hospital cafeteria food was fresh and mildly seasoned, though the dining tables had grease marks.",english,healthcare,informational,neutral,facility,cleanliness_issue,low,none,simple,none
HC169,"sanitary napkin disposal bin in the female outpatient washroom was overflowing and broken, appalling lack of hygiene",english,healthcare,complaint,negative,hospital_cleanliness,cleanliness_issue,high,none,moderate,Empty female washroom sanitary bins multiple times daily
HC170,"Attending physician communicated surgical risks with clarity, dignity, and compassion, helping the family reach a calm decision.",english,healthcare,appreciation,positive,doctor,none,none,none,complex,none
HC171,bhai consultation slot 5 PM ka tha 6:45 PM pe number aaya time ki koi value nahi hai yahan,hinglish,healthcare,complaint,negative,waiting_time,long_wait,medium,none,moderate,Manage appointment pacing to prevent two-hour delays
HC172,"Although the knee replacement surgery was successful, the administrative process for room upgrade took seven frustrating hours.",english,healthcare,complaint,mixed,patient_support,support_delay,medium,none,complex,Expedite inpatient room category modification requests
HC173,Customer support desk immediately replaced the damaged medicine bottle dispensed from in-house pharmacy without questioning.,english,healthcare,appreciation,positive,pharmacy,none,none,none,moderate,none
HC174,bhai drip lagate waqt nurse ne do baar vein burst kardi hath neela pad gaya unprofessional staff,hinglish,healthcare,complaint,negative,nursing_staff,poor_staff_behavior,high,none,simple,Assign trained IV cannulation specialists for delicate veins
HC175,Hospitals should implement digital feedback kiosks outside outpatient consultation rooms to record real-time patient ratings.,english,healthcare,suggestion,neutral,patient_support,none,none,none,moderate,Install instant feedback kiosks outside clinics
HC176,Is the surgical equipment used in the day-care ophthalmic theatre autoclaved under certified European sterilization standards?,english,healthcare,question,neutral,hospital_cleanliness,none,none,none,moderate,none
HC177,"Cataract operation was smooth, painless, modern phacoemulsification technology used, discharged within three hours.",english,healthcare,appreciation,positive,facility,none,none,none,simple,none
HC178,bhai billing executive ne final discharge ke waqt 5000 extra cash manga documentation charges ke naam pe shameless loot,hinglish,healthcare,complaint,negative,billing,billing_issue,high,severe,Prohibit arbitrary unreceipted cash collections at discharge,
HC179,"The consultation was helpful, but the medicine brand prescribed is proprietary and exclusively available at their own expensive pharmacy.",english,healthcare,complaint,mixed,pharmacy,pharmacy_issue,low,none,moderate,Prescribe standard generic drug formulations accessible everywhere
HC180,utter rubbish service casualty doctor refused to examine head injury patient without cash deposit while patient was vomiting blood heartless idiots,english,healthcare,complaint,negative,emergency_service,poor_staff_behavior,high,severe,Enforce emergency medical care stabilization prior to financial billing,
HC181,"Audiometry test booth was completely sound-insulated, audiologist was methodical and explained the decibel graph patiently.",english,healthcare,appreciation,positive,diagnostic_test,none,none,none,moderate,none
HC182,kya hospital premises me parking coupon validation desk se discount stamp milta hai?,hinglish,healthcare,question,neutral,facility,none,none,none,simple,none
HC183,Security personnel guided our vehicle to the nearest handicap parking slot and brought an empty wheelchair immediately.,english,healthcare,appreciation,positive,patient_support,none,none,none,simple,none
HC184,"blood sample taken at 9 AM but the lab failed to run centrifugation on time, resulting in hemolyzed sample and re-draw request",english,healthcare,complaint,negative,laboratory,test_delay,medium,none,moderate,Process collected blood specimens within recommended turnaround windows
HC185,bhai doctor ne 10 minute me 4 different patients ko cabin me bula liya privacy bilkul zero hai,hinglish,healthcare,complaint,negative,doctor,poor_staff_behavior,high,mild,Ensure strictly one patient per consultation cabin,
HC186,Can hospitals allow attendants to select patient meal preferences via a mobile bedside application?,english,healthcare,suggestion,neutral,facility,none,none,none,moderate,Introduce bedside mobile meal selection app
HC187,"The endocrinologist was very knowledgeable, but obtaining the printed receipt required standing in an unventilated basement corridor.",english,healthcare,appreciation,mixed,facility,facility_problem,low,none,complex,Relocate billing desks to well-ventilated ground floor halls
HC188,"arrived at daycare center at 8:00 AM, laparoscopic hernia repair completed, and discharged home safely by 4:00 PM.",english,healthcare,informational,positive,appointment,none,none,none,simple,none
HC189,bhaiya lab attendant ne sample collect karne ke baad juice pack offer kiya bohot courteous behavior,hinglish,healthcare,appreciation,positive,staff_behavior,none,none,none,moderate,none
HC190,Why is GST invoiced on sanitizers and sterile gloves during mandatory daycare hospital admissions?,english,healthcare,question,neutral,billing,none,none,none,moderate,none
HC191,Cashless insurance claim was rejected initially because the hospital billing desk uploaded blurry illegible discharge summaries.,english,healthcare,complaint,negative,insurance,insurance_issue,high,none,moderate,Scan insurance claim paperwork with high-resolution scanners
HC192,"The neonatal phototherapy unit was well supervised, nurses monitored baby temperature and eye shields every thirty minutes.",english,healthcare,appreciation,positive,nursing_staff,none,none,none,moderate,none
HC193,bhai doctor bohot experienced hain par unke clinic me drinking water dispenser poora empty tha,hinglish,healthcare,complaint,mixed,facility,facility_problem,low,none,simple,Maintain full drinking water coolers in clinics
HC194,Please give an option to download diagnostic reports with doctor signature stamps in password-protected digital archives.,english,healthcare,suggestion,neutral,medical_report,none,none,none,moderate,Provide password-protected signed lab report archives
HC195,I wouldn't recommend this pediatric clinic if you want a doctor who patiently listens to first-time parental anxiety.,english,healthcare,complaint,negative,doctor,poor_staff_behavior,low,none,moderate,none
HC196,bhai pathology test ka online refund kab credit hoga? 5 din pehle canceled slot ka confirmation aaya tha,hinglish,healthcare,question,negative,billing,billing_issue,medium,none,moderate,Accelerate refund turnaround for cancelled diagnostic slots
HC197,Great initiative by hospital conducting free diabetes and hypertension screening camps for neighborhood senior citizens.,english,healthcare,appreciation,positive,facility,none,none,none,simple,none
HC198,"The orthopedic brace provided was sturdy, but the fitting technician lacked patience and tightened straps uncomfortably.",english,healthcare,complaint,mixed,staff_behavior,poor_staff_behavior,low,none,moderate,Train orthopedic orthotists in patient comfort adjustments
HC199,"pharmacy cashier insulted an illiterate villager for not reading medicine names aloud, disgraceful discriminatory behavior",english,healthcare,complaint,negative,pharmacy,poor_staff_behavior,medium,severe,Penalize staff exhibiting discriminatory behavior against patients,
HC200,"Video consultation was seamless, doctor examined uploaded skin rash pictures and prescribed non-greasy lotion accurately.",english,healthcare,appreciation,positive,online_consultation,none,none,none,moderate,none
HC201,bhai kya hospital app pe doctor ki real-time chamber arrival status dekhne ka koi tracker hai?,hinglish,healthcare,suggestion,neutral,app,none,none,none,moderate,Add live doctor arrival tracking on mobile app
HC202,"The cardiologist was methodical and reassuring, but the echo test waiting line was disorganized without queue numbers.",english,healthcare,complaint,mixed,waiting_time,long_wait,low,none,moderate,Implement token queues for cardiac echocardiography
HC203,Found used syringes and discarded blood-stained cotton rolls left openly on the emergency triage side table.,english,healthcare,complaint,negative,hospital_cleanliness,cleanliness_issue,high,none,moderate,Dispose of used sharps and biohazard waste immediately
HC204,"Quick discharge process, final TPA approval received and room vacated within forty-five minutes of doctor clearance.",english,healthcare,appreciation,positive,insurance,none,none,none,simple,none
HC205,bhai appointment 11 baje thi reception ne 1 baje doctor cabin me bheja pure 2 ghante barbaad ho gaye,hinglish,healthcare,complaint,negative,waiting_time,long_wait,medium,none,simple,Regulate booking slots to prevent two-hour delays
HC206,Does the oncology daycare center permit personal music devices or headphones during infusion sessions?,english,healthcare,question,neutral,facility,none,none,none,moderate,none
HC207,"Honestly, the physical therapy sessions were surprisingly gentle and restored my frozen shoulder mobility much faster than predicted.",english,healthcare,appreciation,positive,staff_behavior,none,none,none,moderate,none
HC208,bhai online report download link click karne par broken link error 404 show karta hai fix this issue,hinglish,healthcare,complaint,negative,medical_report,app_issue,medium,none,moderate,Fix broken diagnostic report download URL redirects
HC209,"Hospitals should let patients rate nursing care, food, and cleanliness separately on an automated discharge feedback tablet.",english,healthcare,suggestion,neutral,patient_support,none,none,none,moderate,Deploy segregated discharge survey tablets
HC210,"The consultation was rushed, doctor barely spent two minutes before printing prescription and calling next token number.",english,healthcare,complaint,negative,doctor,poor_staff_behavior,low,none,moderate,Allocate minimum ten minutes per outpatient consultation
HC211,"Quick and polite service, phlebotomist arrived at home at 6:45 AM, drew fasting blood effortlessly, and left silently.",english,healthcare,appreciation,positive,diagnostic_test,none,none,none,simple,none
HC212,bhai casualty ward me fans chal nahi rahe the macchar kaat rahe the critically ill patient ko aisi halat thi,hinglish,healthcare,complaint,negative,facility,facility_problem,high,none,moderate,Install working fans and mosquito screens in casualty wards
HC213,Can I exchange unopened strips of prescribed tablets at the hospital pharmacy if the doctor altered medication next morning?,english,healthcare,question,neutral,pharmacy,none,none,none,moderate,none
HC214,"General ward washrooms were cleaned regularly, though the liquid handwash dispenser remained broken throughout our three-day stay.",english,healthcare,complaint,mixed,hospital_cleanliness,facility_problem,medium,none,moderate,Repair broken soap dispensers in inpatient wards
HC215,"Disgusting hospital cafeteria food, served stale fermented sandwiches to post-surgery attendants, absolute hygiene disaster.",english,healthcare,complaint,negative,facility,cleanliness_issue,high,severe,Ensure strict quality audits on hospital canteen food,
HC216,bhai physiotherapy clinic ka environment bohot peaceful tha aur staff ne posture exercises acche se sikhaye,hinglish,healthcare,appreciation,positive,facility,none,none,none,simple,none
HC217,"Insurance TPA desk executive was uncooperative, gave vague explanations and refused to submit queries on the web portal.",english,healthcare,complaint,negative,insurance,poor_staff_behavior,medium,none,moderate,Ensure dedicated proactive assistance at TPA insurance desks
HC218,Include an option to request zero-contact home delivery of chronic medicines directly from hospital pharmacy app.,english,healthcare,suggestion,neutral,pharmacy,none,none,none,moderate,Enable automated chronic medication delivery via app
HC219,Is there a maximum cap on emergency room consultation charges during late night hours between 1 AM and 6 AM?,english,healthcare,question,neutral,billing,none,none,none,moderate,none
HC220,"The neurosurgeon explained spinal decompression surgery clearly, though the surgical package quote had ambiguous miscellaneous expense headers.",english,healthcare,appreciation,mixed,billing,billing_issue,none,none,complex,Provide unambiguous line-item quotes for surgeries
HC221,bhai billing counter pe 45 minute khade rehne ke baad bola system slow hai kal aana irresponsible bank-like behavior,hinglish,healthcare,complaint,negative,billing,support_delay,high,mild,Ensure backup manual billing options during server downtimes,
HC222,"Vaccination nurse maintained calm, distraction toys kept infant occupied, and vaccine administered without agitation.",english,healthcare,appreciation,positive,nursing_staff,none,none,none,moderate,none
HC223,"Emergency department had zero oxygen cylinders with working regulator flow meters, terrifying shortage during acute breathlessness crisis.",english,healthcare,complaint,negative,emergency_service,facility_problem,high,none,moderate,Inspect oxygen regulator meters on emergency cylinders daily
HC224,bhai app me appointment book karte waqt doctor schedule 'in clinic' show kar raha tha par wahan jakar pata chala operation theatre me hain,hinglish,healthcare,question,negative,appointment,poor_communication,medium,none,moderate,Sync operating theater schedules with OPD appointment rosters
HC225,"The dermatology consultation was helpful, but purchasing prescribed specialty ointments cost almost four times the consultation fee.",english,healthcare,complaint,mixed,medicine,billing_issue,low,none,simple,none
HC226,"Super clean chemotherapy daycare lounge, reclining chairs are comfortable and nursing staff monitors vitals vigilantly.",english,healthcare,appreciation,positive,hospital_cleanliness,none,none,none,simple,none
HC227,bhai blood test report me normal range values misprinted the doctor ne cross-check karke lab ko call kiya bekaar lab,hinglish,healthcare,complaint,negative,laboratory,medical_report,low,none,simple,Standardize biological reference ranges on pathology sheets
HC228,Hospitals should provide wheelchair accessible ramps with non-slip rubber grips at all secondary exit gates.,english,healthcare,suggestion,neutral,facility,none,none,none,moderate,Install rubberized anti-skid wheelchair ramps at exits
HC229,The floor supervisor arranged an immediate bed change for elderly asthma patient when adjoining room began noisy civil renovation.,english,healthcare,appreciation,positive,patient_support,none,none,none,moderate,none
HC230,"The diagnostic sonography was rushed, doctor barely spent forty seconds scanning abdomen and refused to answer questions.",english,healthcare,complaint,negative,diagnostic_test,poor_staff_behavior,medium,none,moderate,Ensure adequate clinical duration for abdominal ultrasound exams
HC231,bhai kya hospital app par lab report download karte waqt doctor ka digital sign verified rehta hai?,hinglish,healthcare,question,neutral,medical_report,none,low,none,moderate,none
HC232,"Vaccine administered safely, but the front desk forgot to stamp the official immunization booklet before discharging.",english,healthcare,complaint,mixed,reception,poor_communication,low,none,moderate,Ensure mandatory stamping of physical immunization records
HC233,"Clean and modern dialysis suite, individual entertainment screens for patients, and attentive technician support.",english,healthcare,appreciation,positive,facility,none,none,none,moderate,none
HC234,bhai doctor ne 10 baje ka appointment deke 12 baje tak clinic hi nahi kholi useless irresponsible clinic,hinglish,healthcare,complaint,negative,appointment,appointment_delay,high,mild,Ensure doctors arrive punctually at advertised clinic opening hours,
HC235,Please allow patients to select regional language options for medication instruction printouts at the pharmacy desk.,english,healthcare,suggestion,neutral,communication,none,none,none,moderate,Print medication dosage instructions in regional languages
HC236,Emergency room doctors prioritized corporate executive with minor fever while road accident victim was left unattended on floor shameful discrimination,english,healthcare,complaint,negative,emergency_service,poor_staff_behavior,high,severe,Adhere strictly to medical triage priority over social status,
HC237,"Appointment started within five minutes of arrival, consultation was constructive, and e-prescription synced to my mobile instantly.",english,healthcare,appreciation,positive,appointment,none,none,none,simple,none
HC238,kya outstation patients ke attendants ke liye hospital campus me subsidized dormitory accommodation available hai?,hinglish,healthcare,question,neutral,facility,none,none,none,moderate,none
HC239,"The orthopedic surgeon was exceptional, though the plaster room technician was rough and caused unnecessary pain during cast application.",english,healthcare,complaint,mixed,staff_behavior,poor_staff_behavior,low,none,complex,Train plaster room staff in gentle cast application techniques
HC240,bhai medicines pe hospital pharmacy 10 percent discount deti hai par MRP pehle hi inflated hoti hai overall no saving,hinglish,healthcare,complaint,mixed,pharmacy,billing_issue,low,none,moderate,none
HC241,"Ambulance arrived without emergency oxygen kit and paramedic lacked basic pulse oximeter equipment, appalling negligence.",english,healthcare,complaint,negative,emergency_service,facility_problem,high,none,moderate,Inspect pre-hospital paramedic kits on ambulances daily
HC242,"Comprehensive master health checkup completed seamlessly within three hours, complimentary breakfast served was wholesome and fresh.",english,healthcare,appreciation,positive,diagnostic_test,none,none,none,moderate,none
HC243,Can the hospital provide an official tax exemption certificate under Section 80D for preventive health checkup expenditures?,english,healthcare,question,neutral,billing,none,none,none,moderate,none
HC244,bhai lab test package me vitamin D include kiya tha par final report me uska result hi gayab tha,hinglish,healthcare,complaint,negative,medical_report,report_delay,medium,none,simple,Ensure all packaged tests appear on finalized report sheets
HC245,"Not terrible at all, but waiting forty minutes to collect a routine computerized blood test receipt felt unnecessarily slow.",english,healthcare,informational,mixed,waiting_time,support_delay,low,none,moderate,none
HC246,"Housekeeping staff sanitized patient room three times daily, replaced dustbin liners, and mopped floors without disturbing recovery.",english,healthcare,appreciation,positive,hospital_cleanliness,none,none,none,moderate,none
HC247,bhai doctor cabin me ceiling fan itni zor se aawaz kar raha tha ki doctor ki aawaz hi sunai nahi de rahi thi,hinglish,healthcare,complaint,negative,facility,facility_problem,medium,none,simple,Service noisy cabin fans and fixtures
HC248,Healthcare institutions should introduce an automated SMS notification when a doctor is running more than thirty minutes late.,english,healthcare,suggestion,neutral,communication,none,none,none,moderate,Send automated delay notifications to scheduled patients
HC249,"Zero-pain blood collection by home visit technician, sterile sealed vacuum tubes opened right before my eyes.",english,healthcare,appreciation,positive,diagnostic_test,none,none,none,simple,none
HC250,bhai CT scan ke liye gown pehna ke 50 minute cold corridor me baithaya rakha shivering hone lagi patient ko,hinglish,healthcare,complaint,negative,diagnostic_test,facility_problem,medium,none,moderate,Provide warm blankets for patients waiting in scan hallways
HC251,"The consultation was helpful, though the billing clerk refused to accept digital payments and insisted on cash transactions.",english,healthcare,complaint,mixed,payment,payment_issue,low,none,moderate,Mandate digital payment acceptance across all hospital counters
HC252,Why does the hospital registration portal require patient Aadhaar upload even for basic dental scaling checkups?,english,healthcare,question,negative,reception,none,low,none,moderate,Make Aadhaar upload optional for basic outpatient consults
HC253,"Flawless video consultation on the hospital app, doctor reviewed past prescriptions, suggested diet modifications, and sent verified Rx.",english,healthcare,appreciation,positive,online_consultation,none,none,none,moderate,none
HC254,bhai nursing staff ne post-surgery dressing change karte waqt gloves wear nahi kiye severe risk of infection,hinglish,healthcare,complaint,negative,hospital_cleanliness,cleanliness_issue,high,mild,Strictly enforce sterile glove protocols during wound dressings,
HC255,"I wouldn't say the doctor was inattentive, but taking two phone calls from pharmaceutical representatives during my slot was annoying.",english,healthcare,complaint,mixed,doctor,poor_staff_behavior,low,none,moderate,none
HC256,Hospitals should maintain segregated waiting lounges for immunocompromised oncology patients away from general outpatient crowds.,english,healthcare,suggestion,neutral,facility,none,none,none,moderate,Create isolated waiting spaces for immunocompromised patients
HC257,Attending pediatrician answered every single maternal query regarding infant solid food transition with patience and empathy.,english,healthcare,appreciation,positive,doctor,none,none,none,moderate,none
HC258,bhai medicine dispenser machine se galat tablet strip drop ho gayi thi alert attendant ne roki,hinglish,healthcare,complaint,negative,pharmacy,pharmacy_issue,medium,none,simple,Calibrate automated pharmacy dispensing mechanisms regularly
HC259,Is cashless hospitalization available for international policyholders under reciprocal overseas medical insurance?,english,healthcare,question,neutral,insurance,none,none,none,moderate,none
HC260,"Crisp and clean bedsheets, quiet recovery corridor, timely medicine administration by ward nurse, exceptional hospital stay.",english,healthcare,appreciation,positive,nursing_staff,none,none,none,moderate,none
HC261,pathetic reception desk staff kept mocking elderly rural patient who couldn't read token screen cruel and heartless behavior,english,healthcare,complaint,negative,reception,poor_staff_behavior,high,severe,Train front desk staff to assist illiterate patients respectfully,
HC262,bhai hospital pharmacy me essential painkiller injections out of stock the emergency ke waqt,hinglish,healthcare,complaint,negative,medicine,medicine_unavailable,high,none,simple,Maintain mandatory reserve stock of critical emergency injections
HC263,"Consultation started within ten minutes, doctor reviewed recent ECG carefully, and clearly laid out preventive dietary steps.",english,healthcare,appreciation,positive,appointment,none,none,none,moderate,none
HC264,"The orthopedic consultation was thorough and reassuring, though the hospital lift was overcrowded and skipped our floor twice.",english,healthcare,appreciation,mixed,facility,facility_problem,low,none,complex,Program elevators with priority floor stopping algorithms
HC265,Can we reschedule a missed diagnostic appointment without forfeiting the non-refundable advance slot deposit?,english,healthcare,question,neutral,rescheduling,none,none,none,moderate,none
HC266,"Phlebotomist followed proper sterile protocol, disinfected skin thoroughly, and drew blood from pediatric patient without tears.",english,healthcare,appreciation,positive,diagnostic_test,none,none,none,moderate,none
HC267,bhai blood test report me cholesterol values swapped kardi lab assistant ne panic create kar diya ghar pe,hinglish,healthcare,complaint,negative,laboratory,medical_report,medium,none,moderate,Enforce dual-pathologist verification before signing reports
HC268,Allow patients to track real-time bed availability in multi-specialty intensive care units via public hospital dashboard.,english,healthcare,suggestion,neutral,facility,none,none,none,complex,Publish live ICU bed availability on public dashboard
HC269,"Super clean diagnostic booth, blood sugar test completed, results printed and laminated within fifteen minutes.",english,healthcare,appreciation,positive,diagnostic_test,none,none,none,simple,none
HC270,bhai bill me emergency doctor visit charges 2000 rupay add kiye jabki doctor cabin me aaye hi nahi the,hinglish,healthcare,complaint,negative,billing,billing_issue,medium,none,moderate,Audit billing sheets against doctor physical round logs
HC271,"The eye checkup was thorough, but the optical shop within clinic premises charged double the market price for basic frames.",english,healthcare,complaint,mixed,facility,billing_issue,low,none,moderate,Regulate internal hospital vendor retail pricing
HC272,Staff nurse handled the crying toddler's nebulization therapy with exceptional tenderness and engaging nursery rhymes.,english,healthcare,appreciation,positive,nursing_staff,none,none,none,medium,none
HC273,"Authentic and caring medical support, the palliative care team visited our residence, assessed vitals, and provided comfort medications.",english,healthcare,appreciation,positive,patient_support,none,none,none,moderate,none
HC274,bhai ambulance me oxygen mask damaged tha emergency transfer ke time patient ko suffocation hone lagi terrible carelessness,hinglish,healthcare,complaint,negative,emergency_service,facility_problem,high,mild,Check ambulance breathing circuits and masks daily,
HC275,Are senior citizens entitled to free ambulance pick-up services within a five-kilometer radius of the hospital?,english,healthcare,question,neutral,emergency_service,none,none,none,moderate,none
HC276,"Waiting time took forty-five minutes past schedule, but the neurologist spent full thirty minutes explaining scan findings without rush.",english,healthcare,informational,mixed,waiting_time,long_wait,low,none,moderate,none
HC277,"Registration process finished in two minutes at self-service kiosk, barcode token printed instantly, and queue moved swiftly.",english,healthcare,appreciation,positive,reception,none,none,none,simple,none
HC278,bhai TPA desk ne cashless pre-auth request delay ki jiski wajah se chemotherapy session 4 ghante late start hua,hinglish,healthcare,complaint,negative,insurance,insurance_issue,high,none,moderate,Submit chemotherapy pre-authorization requests on high priority
HC279,Include an option to receive diagnostic laboratory results in both English and regional languages on digital patient dashboards.,english,healthcare,suggestion,neutral,medical_report,none,none,none,moderate,Provide multi-language laboratory report printouts
HC280,"The hospital rooms were clean and bright, though the patient food served was lukewarm and lacked seasoning.",english,healthcare,appreciation,mixed,facility,facility_problem,low,none,moderate,Serve patient meals at warm appetising temperatures
HC281,"Worst diagnostic center ever, technician punctured my arm multiple times leaving painful black bruising and gave no apology.",english,healthcare,complaint,negative,diagnostic_test,poor_staff_behavior,high,severe,Deploy senior staff for difficult vein blood collection,
HC282,bhaiya duty doctor ne raat ko 2 baje bhi smile ke sath call attend kiya aur patient ko stabilize kiya thank you,hinglish,healthcare,appreciation,positive,doctor,none,none,none,simple,none
HC283,Why did the customer care desk close my billing dispute ticket without sharing the audited itemized medicine charges?,english,healthcare,question,negative,billing,billing_issue,high,none,moderate,Provide detailed audit breakdown before closing billing disputes
HC284,Hospital emergency line kept ringing for twenty minutes without anyone answering while our relative was having breathing spasms.,english,healthcare,complaint,negative,emergency_service,support_delay,high,none,moderate,Ensure emergency telephone lines are answered within three rings
HC285,"The pediatric ward walls were painted with playful animal motifs, easing medical anxiety for young recovering children.",english,healthcare,appreciation,positive,facility,none,none,none,moderate,none
HC286,bhai doctor consultation time pe ho gaya par hospital parking me car nikaalne me 40 minute lag gaye no management,hinglish,healthcare,complaint,negative,facility,facility_problem,low,none,moderate,Streamline hospital basement parking traffic flow
HC287,"Ultrasound appointment went smoothly, though the waiting lounge seating was packed with attendants, forcing patients to stand.",english,healthcare,complaint,mixed,facility,facility_problem,low,none,moderate,Restrict waiting lounge seating to patients only
HC288,Offer an option to order prescribed chronic medicine refills directly via WhatsApp messaging with hospital pharmacy.,english,healthcare,suggestion,neutral,pharmacy,none,none,none,moderate,Enable WhatsApp medicine refill ordering
HC289,"Outstanding care by the surgical intensive care nurses, vital signs monitored meticulously, and bed hygiene was immaculate.",english,healthcare,appreciation,positive,nursing_staff,none,none,none,simple,none
HC290,bhai online consultation me audio cut ho raha tha doctor ki baat samajh nahi aayi aur consultation end ho gaya,hinglish,healthcare,complaint,negative,online_consultation,app_issue,high,none,moderate,Ensure stable high-bandwidth audio servers for video consults
HC291,"The dermatologist was helpful and thorough, but purchasing the prescribed imported sunblock at hospital pharmacy cost a fortune.",english,healthcare,complaint,mixed,pharmacy,billing_issue,low,none,moderate,Stock affordable domestic alternatives for dermatological products
HC292,Cardiology technician explained treadmill stress test protocols reassuringly and monitored heart rate parameters vigilantly throughout.,english,healthcare,appreciation,positive,staff_behavior,none,none,none,moderate,none
HC293,fraudulent lab desk generated dummy lipid profile report without drawing sample when system was down criminal malpractice,english,healthcare,complaint,negative,laboratory,poor_staff_behavior,high,severe,Audit laboratory testing logs against physical sample barcodes,
HC294,bhai pharmacy me prescription drop kiya par 30 minute baad bola medicine out of stock hai pehle kyu nahi bataya?,hinglish,healthcare,complaint,negative,pharmacy,medicine_unavailable,medium,none,simple,Inform medicine stock status immediately upon prescription drop
HC295,Does this eye hospital provide customized low-vision rehabilitation aids and occupational therapy guidance?,english,healthcare,question,neutral,facility,none,none,none,moderate,none
HC296,"Prompt sample collection, painless blood draw, and clear digital receipt generated within four minutes of entering lab center.",english,healthcare,appreciation,positive,diagnostic_test,none,none,none,simple,none
HC297,bhai security guard ne stretcher access block karke rakha VIP car pass karwane ke liye shameless hospital priorities,hinglish,healthcare,complaint,negative,patient_support,poor_staff_behavior,high,mild,Never block emergency stretcher access for vehicular traffic,
HC298,Hospitals should provide sanitary napkin vending machines and diaper changing stations in all public outpatient restrooms.,english,healthcare,suggestion,neutral,facility,none,none,none,moderate,Install sanitary pad dispensers in public hospital restrooms
HC299,"The consultation was productive, but navigating through three separate billing desks for doctor, lab, and pharmacy was exhausting.",english,healthcare,complaint,mixed,billing,billing_issue,low,none,moderate,"Consolidate doctor, lab, and pharmacy billing into single counter"
HC300,"Smooth outpatient consultation, digital token system operated punctually, doctor listened attentively, completely satisfied.",english,healthcare,appreciation,positive,appointment,none,none,none,simple,none
HC301,bhai mobile app pe lab test cancel karne ka option grayed out kyu aa raha hai jab slot kal ka hai?,hinglish,healthcare,question,negative,app,app_issue,medium,none,moderate,Enable instant cancellation toggle for future diagnostic slots
HC302,"The emergency department was chaotic, lacking triage nurse guidance, leaving disoriented trauma patients unattended in hallway.",english,healthcare,complaint,negative,emergency_service,poor_communication,high,none,moderate,Station visible triage marshals at emergency hall entrances
HC303,"Comfortable semi-private recovery room, air conditioning was quiet, and nursing call bell was answered within sixty seconds.",english,healthcare,appreciation,positive,facility,none,none,none,moderate,none
HC304,bhai discharge summary me allergy warning note add karna bhool gaye doctor dangerous medical documentation error,hinglish,healthcare,complaint,negative,communication,poor_communication,high,none,simple,Mandate drug allergy cross-checking on discharge sheets
HC305,"Not the most luxurious hospital room, but the nursing staff's dedication and warm bedside manner made recovery pleasant.",english,healthcare,appreciation,mixed,nursing_staff,none,none,none,moderate,none
HC306,Can hospitals display transparent surgical package inclusions and exclusions on their public notice boards?,english,healthcare,suggestion,neutral,billing,none,none,none,moderate,Display transparent surgical package breakups publicly
HC307,"The senior pediatrician handled my infant's ear infection with great patience, explaining every drop schedule thoroughly.",english,healthcare,appreciation,positive,doctor,none,none,none,moderate,none
HC308,bhai blood test report me hemoglobin value impossible likh di lab ne dobara check kiya to clerical error nikla,hinglish,healthcare,complaint,negative,laboratory,medical_report,medium,none,simple,Implement automated biological plausibility checks in lab software
HC309,Why do hospital pharmacies round up bill totals to nearest ten rupees without returning exact coin balance to patients?,english,healthcare,question,negative,pharmacy,billing_issue,low,none,moderate,Return exact change at pharmacy counters
HC310,"Sturdy examination beds, clean crutches provided, and the physiotherapist supervised walking rehabilitation meticulously.",english,healthcare,appreciation,positive,facility,none,none,none,moderate,none
HC311,"The doctor was clinically skilled, but the waiting room television was blaring loud soap operas, disturbing resting patients.",english,healthcare,complaint,mixed,facility,facility_problem,low,none,complex,Keep waiting room televisions muted or tuned to calm content
HC312,bhai casualty medical officer ne patient ko check kiye bina bol diya doosre hospital le jao no bed irresponsible staff,hinglish,healthcare,complaint,negative,emergency_service,poor_staff_behavior,high,mild,Mandate emergency stabilization before referring patients elsewhere,
HC313,"Delivery of prescription medicines by hospital home service was swift, properly packed with cold gel packs for insulin.",english,healthcare,appreciation,positive,pharmacy,none,none,none,simple,none
HC314,bhai kya hospital app se pathology report directly doctor ke consultation portal pe share ho sakti hai?,hinglish,healthcare,question,neutral,app,none,none,none,simple,none
HC315,"The clinical consultation was reassuring, but levying an administrative registration fee on every return visit feels unfair.",english,healthcare,complaint,mixed,billing,billing_issue,low,none,moderate,Abolish recurring registration fees for follow-up visits
HC316,Allow patients to specify dietary restrictions like diabetic or low-sodium meals directly through bedside tablet applications.,english,healthcare,suggestion,neutral,facility,none,none,none,moderate,Enable bedside dietary preference selection via tablets
HC317,Soft-spoken ophthalmologist explained cataract lens choices clearly without pressuring toward expensive premium imported implants.,english,healthcare,appreciation,positive,doctor,none,none,none,moderate,none
HC318,bhai ultrasound technician ne bina gloves pehne scan conduct kiya basic hygiene standards follow nahi ho rahe,hinglish,healthcare,complaint,negative,hospital_cleanliness,cleanliness_issue,high,none,simple,Enforce glove usage during all ultrasound examinations
HC319,Is prior appointment compulsory for getting routine fasting blood sugar and urine tests drawn at the lab?,english,healthcare,question,neutral,appointment,none,none,none,simple,none
HC320,"The consultation was helpful, though the printed prescription was faded because the clinic printer was running out of toner.",english,healthcare,complaint,mixed,communication,poor_communication,low,none,moderate,Replace low-toner printer cartridges promptly
HC321,"Reception staff greeted warmly, validated our appointment QR code swiftly, and guided us directly to the consultation lounge.",english,healthcare,appreciation,positive,reception,none,none,none,simple,none
HC322,bhai doctor room me bulaya par prescription pad dhoondne me 10 minute laga diye highly disorganized management,hinglish,healthcare,complaint,negative,doctor,facility_problem,low,none,simple,Ensure doctor cabins are pre-stocked with stationery
HC323,Can we opt for digital receipts via SMS and avoid collecting duplicate paper printouts at billing counters?,english,healthcare,suggestion,neutral,billing,none,none,none,moderate,Adopt paperless digital billing receipts by default
HC324,"I wouldn't say the nursing care was lacking, but getting fresh bedsheets took three repeated reminders to housekeeping.",english,healthcare,complaint,mixed,hospital_cleanliness,cleanliness_issue,low,none,complex,none
HC325,emergency ambulance arrived without working suction machine patient choked in transit criminal negligence by management,english,healthcare,complaint,negative,emergency_service,facility_problem,high,severe,Mandate functional pre-trip checklist for ambulance life-support gear,
HC326,bhai doctor ne time nikal kar lifestyle aur sleep patterns pe advice di medicines kam di bohot accha laga,hinglish,healthcare,appreciation,positive,doctor,none,none,none,moderate,none
HC327,How long does it usually take for pathology department to release specialized immunohistochemistry biopsy reports?,english,healthcare,question,neutral,laboratory,none,none,none,moderate,none
HC328,"The daycare chemotherapy unit was spotlessly clean, nurses were vigilant, and anti-emetic medications were given right on schedule.",english,healthcare,appreciation,positive,hospital_cleanliness,none,none,none,moderate,none
HC329,bhai pharmacy cashier ne generic replacement dene se mana kar diya branded mehengi dawa lene pe force kiya,hinglish,healthcare,complaint,negative,pharmacy,pharmacy_issue,medium,none,moderate,Dispense cost-effective generic alternatives when requested
HC330,"The consultation was insightful, though the waiting room chairs were hard plastic without adequate back cushioning.",english,healthcare,complaint,mixed,facility,facility_problem,low,none,moderate,Install ergonomic cushioned seating in waiting lobbies
HC331,"Prompt assistance from patient care coordinator, arranged wheelchair and priority lift transit for breathless senior citizen.",english,healthcare,appreciation,positive,patient_support,none,none,none,moderate,none
HC332,bhai hospital app pe bill payment kiya paise deduct ho gaye par billing counter receipt generate nahi kar raha,hinglish,healthcare,complaint,negative,payment,payment_issue,high,none,moderate,Reconcile app payments with hospital billing terminal in real-time
HC333,Provide dedicated quiet recovery zones for night-shift doctors and nurses to prevent clinical burnout and errors.,english,healthcare,suggestion,neutral,facility,none,none,none,moderate,Establish quiet rest pods for hospital duty staff
HC334,Can an outpatient consultation booking be transferred to a family member if the original patient is unable to travel?,english,healthcare,question,neutral,rescheduling,none,none,none,moderate,none
HC335,"Pristine surgical dressing room, nurse used sterile gloves, sealed gauze packs, and handled the wound with gentle dexterity.",english,healthcare,appreciation,positive,hospital_cleanliness,none,none,none,simple,none
HC336,bhai doctor ne checkup ke beech me personal phone pe 15 minute property deal discuss ki completely unprofessional,hinglish,healthcare,complaint,negative,doctor,poor_staff_behavior,medium,mild,Prohibit private phone calls during patient appointments,
HC337,"The dialysis unit functions efficiently, although the attendant waiting room outside has no air conditioning.",english,healthcare,appreciation,mixed,facility,facility_problem,low,none,simple,Install cooling units in dialysis attendant waiting rooms
HC338,"Audiologist conducted the hearing assessment methodically, explaining the decibel graph and hearing aid options patiently.",english,healthcare,appreciation,positive,doctor,none,none,none,moderate,none
HC339,bhai pharmacy counter pe bill banate waqt GST calculation me error tha 200 rupay extra add ho gaye,hinglish,healthcare,complaint,negative,pharmacy,billing_issue,low,none,moderate,Verify pharmacy software tax computation tables
HC340,Is there an in-house pharmacy helpline number to verify medicine availability before travelling twenty kilometers?,english,healthcare,question,neutral,pharmacy,none,none,none,moderate,none
HC341,"Quiet, sterile, and well-organized neonatal intensive care unit, doctors updated anxious parents with kindness and clarity.",english,healthcare,appreciation,positive,hospital_cleanliness,none,none,none,moderate,none
HC342,bhai hospital lift 20 minute se stuck thi technician available nahi tha critically ill patient fas gaya tha,hinglish,healthcare,complaint,negative,facility,facility_problem,high,none,simple,Maintain on-site 24/7 technicians for hospital elevators
HC343,"The speech therapy session was productive, but the therapy room was adjacent to noisy construction work.",english,healthcare,complaint,mixed,facility,facility_problem,low,none,moderate,Soundproof speech and psychological therapy rooms
HC344,Hospitals should allow online booking for specific routine diagnostic slots to avoid morning fasting crowd chaos.,english,healthcare,suggestion,neutral,diagnostic_test,none,none,none,moderate,Offer dedicated time slots for fasting diagnostic blood draws
HC345,"Superb outpatient coordination, doctor was punctual, receptionist guided us politely, and tests were scheduled seamlessly.",english,healthcare,appreciation,positive,appointment,none,none,none,moderate,none
HC346,bhai emergency desk pe security guard medical triage advice de raha tha doctor cabin me so raha tha shocking negligence,hinglish,healthcare,complaint,negative,emergency_service,poor_staff_behavior,high,mild,Ensure qualified medical officers conduct emergency triage,
HC347,What is the official procedure to request copies of inpatient medical case sheets for legal insurance disputes?,english,healthcare,question,neutral,patient_support,none,none,none,moderate,none
HC348,Delivered the finalized histopathology biopsy report ahead of promised date with clear microscopic findings and signatures.,english,healthcare,appreciation,positive,medical_report,none,none,none,simple,none
HC349,bhai wheelchair ka brake fail tha ramp se utarte waqt patient slip hote hote bacha criminal maintenance fault,hinglish,healthcare,complaint,negative,facility,facility_problem,high,none,moderate,Check wheelchair wheel locks and mechanical brakes daily
HC350,"The doctor was gentle and empathetic, though the examination room bed paper liner was crinkled and visibly reused.",english,healthcare,appreciation,mixed,hospital_cleanliness,cleanliness_issue,low,none,moderate,Replace paper couch liners after every patient examination
HC351,Nurse checked intravenous infusion flow rate meticulously and ensured catheter dressing was dry and clean throughout night.,english,healthcare,appreciation,positive,nursing_staff,none,none,none,moderate,none
HC352,bhai lab reception ne test tube pe galat patient name label chipka diya shukar hai maine observe kar liya,hinglish,healthcare,complaint,negative,laboratory,poor_staff_behavior,high,none,simple,Cross-verify sample tube barcoding with patient directly
HC353,Please introduce mobile charging lockers in inpatient ward corridors for family attendants.,english,healthcare,suggestion,neutral,facility,none,none,none,moderate,Install secure mobile charging lockers in waiting areas
HC354,"Clean ultrasound booth, disposable sterile probe cover used, gel was warmed, and radiologist explained fetal parameters gently.",english,healthcare,appreciation,positive,diagnostic_test,none,none,none,moderate,none
HC355,bhai appointment 4 baje thi doctor 6:30 baje aaye aur bina sorry bole 2 minute me consult wrap kar diya,hinglish,healthcare,complaint,negative,waiting_time,appointment_delay,medium,none,moderate,Respect appointment commitments and apologize for delays
HC356,Does this hospital accept third-party diagnostic reports if tests were performed at accredited NABL reference laboratories?,english,healthcare,question,neutral,diagnostic_test,none,none,none,moderate,none
HC357,"The consultation was helpful, but the outpatient clinic was located in basement three without adequate elevator signage.",english,healthcare,complaint,mixed,facility,facility_problem,low,none,moderate,Improve directional signage for basement clinical wings
HC358,"Registration kiosk scanned health ID card smoothly, token allotted instantly, and consultation proceeded without friction.",english,healthcare,appreciation,positive,reception,none,none,none,simple,none
HC359,bhai pharmacy me medicine lene gaya to bola computer server down hai cash receipt nahi de sakte manual bhi nahi,hinglish,healthcare,complaint,negative,pharmacy,pharmacy_issue,medium,none,simple,Provide emergency manual billing books during computer outages
HC360,Allow patients to track their position in doctor consultation queue live via smartphone notifications.,english,healthcare,suggestion,neutral,waiting_time,none,none,none,moderate,Provide live mobile queue position notifications
HC361,"The physical therapy exercises were effective, though the treatment room floor had wet patches from air conditioner leakage.",english,healthcare,complaint,mixed,facility,cleanliness_issue,low,none,moderate,Repair air conditioning leaks in therapy suites
HC362,bhai discharge procedure me 6 ghante lag gaye TPA clearance aane ke baad bhi billing staff file pe baitha raha,hinglish,healthcare,complaint,negative,billing,support_delay,high,mild,Hand over discharge summaries within 90 minutes of TPA clearance,
HC363,"Sanitized and modern dialysis suite, sterile needle packs opened in front of patient, vigilant technician care throughout.",english,healthcare,appreciation,positive,hospital_cleanliness,none,none,none,moderate,none
HC364,Where can I check if a particular visiting consultant is available for OPD review on public holidays?,english,healthcare,question,neutral,appointment,none,none,none,simple,none
HC365,Billing desk added charges for five surgical blades when operation note recorded use of single sterile blade blatant fraud,english,healthcare,complaint,negative,billing,billing_issue,high,severe,Reconcile operating room consumable billing with surgical nursing logs,
HC366,bhai duty nurse ne injection lagane se pehle expired date check karwai patient ko very honest and disciplined practice,hinglish,healthcare,appreciation,positive,nursing_staff,none,none,none,simple,none
HC367,"The clinical consultation was reassuring, but the medicine brand prescribed is proprietary and exclusively available at their pharmacy.",english,healthcare,complaint,mixed,pharmacy,pharmacy_issue,low,none,simple,Prescribe generic formulations accessible at open retail pharmacies
HC368,Provide automated SMS notifications whenever outpatient diagnostic test results are signed and uploaded to portal.,english,healthcare,suggestion,neutral,communication,none,none,none,moderate,Send immediate SMS alerts upon report upload
HC369,"Prompt assistance by emergency nursing triage, patient stabilized with oxygen support within ninety seconds of arrival.",english,healthcare,appreciation,positive,emergency_service,none,none,none,moderate,none
HC370,bhai online consultation book kiya par doctor ne audio disconnect karke WhatsApp text pe medicine prescribe kardi rip off,hinglish,healthcare,complaint,negative,online_consultation,poor_staff_behavior,high,mild,Mandate full audio-visual consultations for telemedicine,
HC371,Can we request an itemized pharmacy bill before payment to verify against prescribed medication sheets?,english,healthcare,question,neutral,pharmacy,none,none,none,moderate,none
HC372,"Delivered within Promised time, specialized home dialysis consumables arrived intact in insulated temperature-controlled crates.",english,healthcare,appreciation,positive,medicine,none,none,none,simple,none
HC373,bhai OPD washroom me bad smell itni thi ki vomiting hone lagi hospital hygiene bilkul neglected hai,hinglish,healthcare,complaint,negative,hospital_cleanliness,cleanliness_issue,high,none,simple,Maintain continuous exhaust and sanitization in outpatient restrooms
HC374,"The doctor was clinically skilled, though obtaining physical copy of blood reports required standing in two separate basement queues.",english,healthcare,informational,mixed,medical_report,support_delay,low,none,moderate,none
HC375,Hospitals should offer digital self-service kiosks for instant printing of pathology test reports via barcode scan.,english,healthcare,suggestion,neutral,medical_report,none,none,none,moderate,Install barcode-scanning report printing kiosks
HC376,"Spotlessly clean patient room, quiet corridor, linen changed daily, and courteous housekeeping staff made hospital stay restful.",english,healthcare,appreciation,positive,hospital_cleanliness,none,none,none,moderate,none
HC377,bhai casualty ward me bleeding patient ko 1 ghante tak painkiller nahi diya nurse bolti hai doctor round pe hain inhuman,hinglish,healthcare,complaint,negative,emergency_service,poor_staff_behavior,high,severe,Ensure standing orders for emergency analgesia by trained triage nurses,
HC378,Does the hospital offer specialized pediatric nutritional counseling for children diagnosed with food allergies?,english,healthcare,question,neutral,doctor,none,none,none,moderate,none
HC379,"The pediatric consultation was constructive, but the waiting lounge was overcrowded with patients coughing openly without masks.",english,healthcare,complaint,mixed,facility,cleanliness_issue,medium,none,moderate,Enforce mask guidelines and adequate spacing in pediatric halls
HC380,bhai ward attendant ne wheelchair safely manage ki aur lift tak accompany kiya bohot polite aur humble staff tha,hinglish,healthcare,appreciation,positive,staff_behavior,none,none,none,moderate,none
HC381,"The ultrasound examination was conducted with high technical skill, but the gel used was freezing cold and caused discomfort.",english,healthcare,appreciation,mixed,diagnostic_test,facility_problem,none,none,moderate,Use gel warmers for diagnostic ultrasound probes
HC382,bhai hospital management ne bina bataye appointment time reschedule kar diya jab hum already raste me the,hinglish,healthcare,complaint,negative,rescheduling,appointment_reschedule,medium,none,simple,Notify schedule changes at least four hours in advance
HC383,Offer options for biodegradable paper medicine envelopes instead of non-recyclable plastic polybags at hospital pharmacies.,english,healthcare,suggestion,neutral,pharmacy,none,none,none,moderate,Switch to recyclable paper medicine envelopes
HC384,Can international medical visa patients clear outstanding hospital bills using foreign multi-currency credit cards?,english,healthcare,question,neutral,payment,none,none,none,simple,none
HC385,"The consultation was very reassuring, but the reception area had mosquitoes due to open lobby doors.",english,healthcare,complaint,mixed,facility,facility_problem,low,none,moderate,Install insect screens on hospital entrance doors
HC386,"Smooth vaccination drive, token generated at 10 AM, vaccine administered at 10:10 AM, observation hall was clean and peaceful.",english,healthcare,appreciation,positive,appointment,none,none,none,simple,none
HC387,bhai MRI machine me music system kharab tha deafening metallic knocking noise sunte sunte sir dard ho gaya,hinglish,healthcare,complaint,negative,facility,facility_problem,medium,none,simple,Ensure functional acoustic headphones during MRI procedures
HC388,Floor supervisor assisted elderly cardiac patient with wheelchair transit and ensured priority registration at billing desk.,english,healthcare,appreciation,positive,patient_support,none,none,none,moderate,none
HC389,bhai online report download link pe click karne par server 500 error throw kar raha hai 2 din se stuck hai,hinglish,healthcare,complaint,negative,medical_report,app_issue,medium,none,simple,Fix server 500 error on medical report download portal
HC390,Allow patients to reschedule appointments directly through hospital WhatsApp chatbot without calling call center.,english,healthcare,suggestion,neutral,rescheduling,none,none,none,moderate,Enable appointment rescheduling via WhatsApp chatbot
HC391,"Crisp and clean examination cabin, doctor listened to history patiently, examined thoroughly, and outlined clear treatment steps.",english,healthcare,appreciation,positive,doctor,none,none,none,moderate,none
HC392,bhai casualty ward me oxygen cylinder empty nikla emergency me attendant doosre ward se cylinder dhund ke laya terrifying negligence,hinglish,healthcare,complaint,negative,emergency_service,facility_problem,high,mild,Ensure all emergency bay cylinders are filled and verified daily,
HC393,Is it possible to receive duplicate computerized discharge certificates if the original physical copy was misplaced?,english,healthcare,question,neutral,patient_support,none,none,none,moderate,none
HC394,"The eye specialist was methodical, though the testing room technician was impatient while adjusting lens frames.",english,healthcare,informational,mixed,diagnostic_test,poor_staff_behavior,low,none,moderate,none
HC395,"Fast sample collection, polite phlebotomist, painless blood draw, and digital report delivered within four hours.",english,healthcare,appreciation,positive,diagnostic_test,none,none,none,simple,none
HC396,bhai pharmacy me medicine lene gaya to bola credit card machine kharab hai cash nikalo ATM se ajeeb harassment hai,hinglish,healthcare,complaint,negative,pharmacy,payment_issue,medium,none,moderate,Maintain backup POS terminals at hospital pharmacies
HC397,Include detailed dosage timings and dietary interactions on printed outpatient prescription slips.,english,healthcare,suggestion,neutral,communication,none,none,none,moderate,Print food interaction warnings on prescriptions
HC398,"The dental cleaning was painless, but the water suction tubing had low pressure and required frequent spitting.",english,healthcare,complaint,mixed,facility,facility_problem,medium,none,moderate,Service dental chair suction pumps for consistent pressure
HC399,bhai discount health package me se do blood tests omit kar diye billing counter pe dispute karna pada tab jaake add kiya,hinglish,healthcare,question,negative,billing,billing_issue,low,none,moderate,Ensure health checkup packages match published brochures
HC400,"Great clinical advice, doctor was compassionate, nursing staff was attentive, hospital stay was very reassuring.",english,healthcare,appreciation,positive,doctor,none,none,none,simple,none
HC401,Dietitian reviewed diabetic food preferences patiently and designed an easy-to-follow meal plan using affordable local produce.,english,healthcare,appreciation,positive,doctor,none,none,none,moderate,none
HC402,bhai TPA desk ne cashless claim query 24 ghante tak reply nahi ki patient bina wajah hospital me ruka raha,hinglish,healthcare,complaint,negative,insurance,insurance_issue,medium,none,simple,Respond to insurance query letters within two hours
HC403,Can we book an emergency home visit by a qualified nursing assistant for changing surgical drain tubes?,english,healthcare,question,neutral,nursing_staff,none,none,none,simple,none
HC404,"The orthopedic assessment was sharp, but administrative process for scheduling MRI scan took an hour of counter jumping.",english,healthcare,complaint,mixed,diagnostic_test,support_delay,low,none,moderate,Integrate doctor scan requisitions with radiology booking directly
HC405,Hospitals should provide automated compensation or priority vouchers when scheduled appointments are delayed beyond sixty minutes.,english,healthcare,suggestion,neutral,waiting_time,none,none,none,moderate,Provide priority passes when appointments are severely delayed
HC406,"Delivered in 24 hours, home sample collection technician arrived punctually, and digital pathology reports were uploaded smoothly.",english,healthcare,appreciation,positive,diagnostic_test,none,none,none,simple,none
HC407,bhai casualty doctor ne head injury patient ko bina CT scan kiye ghar bhej diya negligence beyond belief incompetent staff,hinglish,healthcare,complaint,negative,emergency_service,poor_staff_behavior,high,mild,Ensure mandatory clinical protocols for trauma cases,
HC408,"Clean recovery room, peaceful ambiance, nurse checked vitals regularly, and discharge billing was completed within thirty minutes.",english,healthcare,appreciation,positive,facility,none,none,none,moderate,none
HC409,bhai wheelchair access ramp pe construction material pada tha patient ko god me utha ke le jana pada disgraceful maintenance,hinglish,healthcare,complaint,negative,facility,facility_problem,medium,none,simple,Keep all hospital ramps clear of construction debris
HC410,Does the hospital mobile application support multiple family member profiles linked under a single mobile number?,english,healthcare,question,neutral,app,none,none,none,moderate,none
HC411,"The pediatric consultation was constructive, though locating the vaccination booth in basement two had zero directional signage.",english,healthcare,appreciation,mixed,facility,facility_problem,low,none,moderate,Install clear floor markings leading to vaccination booths
HC412,"Phlebotomist handled my mother's collapsed veins with exceptional skill, securing blood sample on the very first needle insert.",english,healthcare,appreciation,positive,diagnostic_test,none,none,none,moderate,none
HC413,bhai do blood tests book kiye the lab assistant ne sirf ek ka sample lia doosre ke liye dobara puncture karwana pada,hinglish,healthcare,complaint,negative,diagnostic_test,test_delay,medium,none,simple,Review requisition sheets before needle insertion
HC414,Provide an option to opt out of physical paper folders and receive electronic medical records directly on digilocker.,english,healthcare,suggestion,neutral,medical_report,none,none,none,moderate,Integrate hospital EMR with national Digilocker
HC415,"Pure sterile environment in the ophthalmology procedure room, painless laser treatment, and warm nursing assistance throughout.",english,healthcare,appreciation,positive,hospital_cleanliness,none,none,none,simple,none
HC416,bhai 5 din se pathology refund pending hai call center bolta hai finance team approval baaki hai lazy management,hinglish,healthcare,complaint,negative,billing,billing_issue,high,none,moderate,Process diagnostic test refunds within 48 hours
HC417,Are all in-house hospital pharmacies compliant with national temperature monitoring standards for biological vaccines?,english,healthcare,question,neutral,pharmacy,none,none,none,moderate,none
HC418,"The room was spacious and clean, but the television cable was disconnected and patient remote had dead batteries.",english,healthcare,complaint,mixed,facility,facility_problem,low,none,moderate,Ensure room entertainment devices are operational before admission
HC419,"Staff nurse was calm and compassionate, answered post-operative queries patiently, and guided patient mobilization gently.",english,healthcare,appreciation,positive,nursing_staff,none,none,none,simple,none
HC420,bhai app me appointment book karne ke baad booking slip blank aati hai transaction reference number gayab hai,hinglish,healthcare,complaint,negative,app,app_issue,medium,none,moderate,Fix blank appointment confirmation receipt bug in app
HC421,Enable patients to view real-time laboratory sample processing stages on the hospital web portal.,english,healthcare,suggestion,neutral,medical_report,none,none,none,moderate,Display real-time lab processing stages on portal
HC422,"Crisp and clean examination linen, sterile instruments unpacked in front of patient, and doctor conducted exam with thorough care.",english,healthcare,appreciation,positive,hospital_cleanliness,none,none,none,moderate,none
HC423,bhai ICU me patient ke pass used syringes floor pe padi thi hygiene level bilkul zero dangerous infection risk,hinglish,healthcare,complaint,negative,hospital_cleanliness,cleanliness_issue,high,severe,Sanitize ICU floors and remove biological sharps immediately,
HC424,Can I change my registered communication mobile number on the patient portal without visiting hospital administration in person?,english,healthcare,question,neutral,app,none,none,none,simple,none
HC425,"The consultation was helpful, but the outpatient clinic was located on the third floor with only one slow lift functioning.",english,healthcare,informational,mixed,facility,none,low,none,moderate,none
HC426,"Outstanding care in the intensive care unit, doctors updated relatives twice daily with clarity and dignified bedside manners.",english,healthcare,appreciation,positive,doctor,none,none,none,moderate,none
HC427,bhai online medicine order deliver hone me 4 din lag gaye acute illness me aisi slow pharmacy service ka kya fayda?,hinglish,healthcare,complaint,negative,pharmacy,support_delay,medium,none,moderate,Ensure same-day delivery for acute prescription orders
HC428,"The physician answered medical questions thoroughly, though the consultation room door was kept open, compromising privacy.",english,healthcare,complaint,mixed,doctor,facility_problem,low,none,moderate,Ensure consultation cabin doors remain closed during examinations
HC429,"Attending nurse handled the crying child's cannula insertion with immense patience, soothing words, and painless technique.",english,healthcare,appreciation,positive,nursing_staff,none,none,none,moderate,none
HC430,bhai receptionist ne doctor ke aane ka galat time bataya hum 2 ghante baithe rahe aur doctor aaye hi nahi useless reception,hinglish,healthcare,complaint,negative,reception,poor_communication,high,none,moderate,Verify consultant arrival times before giving estimates
HC431,Hospitals should display clear transparent guidelines regarding companion attendant passes for intensive care visitors.,english,healthcare,suggestion,neutral,facility,none,none,none,moderate,Publish clear ICU visitor pass regulations
HC432,"Quick and seamless ultrasound procedure, radiologist explained the pelvic anatomy on screen clearly and report delivered in twenty minutes.",english,healthcare,appreciation,positive,diagnostic_test,none,none,none,simple,none
HC433,bhai casualty desk ne advance cash deposit bina treatment start karne se mana kar diya critically injured patient suffering bleeding,hinglish,healthcare,complaint,negative,emergency_service,billing_issue,medium,none,simple,Initiate emergency trauma care prior to financial clearance
HC434,Does this healthcare facility offer specialized pediatric emergency triage services round the clock?,english,healthcare,question,neutral,emergency_service,none,none,none,moderate,none
HC435,"The surgical procedure went smoothly, though the post-operative room allotment took four hours of waiting in recovery hallway.",english,healthcare,complaint,mixed,facility,support_delay,low,none,moderate,Speed up room turnover for post-surgical patients
HC436,"Clean clinic ambiance, digital token moved systematically, doctor was attentive, thoroughly satisfied with consultation.",english,healthcare,appreciation,positive,appointment,none,none,none,simple,none
HC437,bhai lab report me reference range column completely blank chhod diya normal ya abnormal kaise samjhe,hinglish,healthcare,complaint,negative,medical_report,medical_report,medium,none,moderate,Ensure reference range values are printed on lab results
HC438,Allow patients to request repeat prescriptions online for chronic maintenance medications without booking full clinical consultation.,english,healthcare,suggestion,neutral,online_consultation,none,none,none,moderate,Introduce online chronic prescription refill requests
HC439,"Smooth phlebotomy service, technician used butterfly needle for fragile veins, zero pain, and sample collection finished in two minutes.",english,healthcare,appreciation,positive,diagnostic_test,none,none,none,simple,none
HC440,bhai hospital lift me alarm button kaam nahi kar raha tha power surge ke dauran panic ho gaya,hinglish,healthcare,complaint,negative,facility,facility_problem,medium,none,moderate,Inspect elevator emergency alarm and intercom systems
HC441,Is there any concession on diagnostic laboratory packages for registered central government health scheme beneficiaries?,english,healthcare,question,neutral,billing,none,none,none,moderate,none
HC442,"The doctor was clinically thorough, though the air conditioning in the consultation cabin was blowing directly on patient's face.",english,healthcare,informational,mixed,facility,none,low,none,moderate,none
HC443,"Receptionist welcomed warmly, validated insurance papers in five minutes, and escorted elderly patient to consultation suite.",english,healthcare,appreciation,positive,reception,none,none,none,moderate,none
HC444,bhai doctor room me bulaya par prescription software chal nahi raha tha manual likhne se mana kar diya 20 min waste,hinglish,healthcare,complaint,negative,doctor,app_issue,medium,none,simple,Allow manual prescriptions when software freezes
HC445,Show real-time expected consultation start time updates on outpatient digital screens to manage waiting patient anxiety.,english,healthcare,suggestion,neutral,waiting_time,none,none,none,moderate,Display estimated start times on queue screens
HC446,"Flawless pediatric care, vaccination was administered gently, infant was comforted, and milestone chart was filled accurately.",english,healthcare,appreciation,positive,doctor,none,none,none,moderate,none
HC447,bhai pharmacy ne doctor ke likhe dosage se different strength ki medicine pack kar di dangerous dispensing blunder,hinglish,healthcare,complaint,negative,pharmacy,pharmacy_issue,medium,none,moderate,Double check medicine strengths before bagging
HC448,Can we request an itemized billing estimate for elective orthopedic surgery prior to scheduling admission?,english,healthcare,question,neutral,billing,none,none,none,moderate,none
HC449,"The clinical advice was excellent, but waiting over two hours in crowded hallway without drinking water was grueling.",english,healthcare,complaint,mixed,waiting_time,facility_problem,low,none,moderate,Install water dispensers in high-density waiting halls
HC450,"Polite physician, thorough physical examination, clearly laid out dietary plan, exceptional consultation experience.",english,healthcare,appreciation,positive,doctor,none,none,none,simple,none
HC451,bhai casualty staff ne fracture patient ko bina support ke chalne ko bola wheelchair nahi thi disgraceful incompetence,hinglish,healthcare,complaint,negative,emergency_service,facility_problem,high,none,simple,Provide wheelchair transport for all limb trauma patients
HC452,Provide option to request home delivery of physical X-ray and MRI films with digital report links.,english,healthcare,suggestion,neutral,diagnostic_test,none,none,none,moderate,Offer courier delivery of radiological films and reports
HC453,"Instant SMS updates for test results, reports uploaded securely to health portal, very efficient diagnostic service.",english,healthcare,appreciation,positive,medical_report,none,none,none,moderate,none
HC454,bhai hospital ward boy ne attendant se medicine lane ke liye extra tip maangi openly corrupt staff,hinglish,healthcare,complaint,negative,staff_behavior,poor_staff_behavior,high,mild,Enforce strict anti-tipping policies for hospital attendants,
HC455,How can I get an official stamped certificate of inpatient treatment expenses for income tax medical deduction filing?,english,healthcare,question,neutral,billing,none,none,none,moderate,none
HC456,"The physician listened to symptoms attentively, though obtaining the prescribed eye drops required visiting an external chemist.",english,healthcare,complaint,mixed,medicine,medicine_unavailable,low,none,moderate,Stock all hospital-prescribed ophthalmic solutions in-house
HC457,Customer care desk resolved our billing query promptly and credited the excess room tariff refund within twenty-four hours.,english,healthcare,appreciation,positive,billing,none,none,none,moderate,none
HC458,bhai CT scan slot 11 baje ka tha 2 baje number aaya fasting patient bhookh se behosh hone laga terrible scheduling,hinglish,healthcare,complaint,negative,diagnostic_test,test_delay,high,none,simple,Schedule fasting diagnostic scans strictly on time
HC459,"Prompt assistance by reception executive, rescheduled our missed appointment to next morning without charging penalty fees.",english,healthcare,appreciation,positive,rescheduling,none,none,none,moderate,none
HC460,bhai nurse ne injection lene ke baad cotton swab nahi diya blood kapdo pe lag gaya carelessness,hinglish,healthcare,complaint,negative,nursing_staff,poor_staff_behavior,low,none,simple,Provide secure sterile cotton swabs after injections
HC461,Can hospitals offer automated WhatsApp updates regarding inpatient surgical milestone status to waiting relatives?,english,healthcare,suggestion,neutral,communication,none,none,none,moderate,Send live surgical stage updates via WhatsApp to families
HC462,"The medical advice was solid, though the clinic waiting room was noisy due to continuous intercom announcements.",english,healthcare,informational,mixed,facility,none,low,none,moderate,none
HC463,"Quick registration, polite doctor, clean consultation room, clear treatment guidance, completely satisfied with hospital visit.",english,healthcare,appreciation,positive,doctor,none,none,none,simple,none
HC464,bhai ambulance booking call pe executive ne address do baar sun ke bhi wrong colony me vehicle bhej diya disastrous delay,hinglish,healthcare,complaint,negative,emergency_service,poor_communication,high,none,moderate,Implement GPS location sharing for ambulance requests
HC465,Does the clinic provide dedicated parking spaces with wheelchair ramp access for disabled patient vehicles?,english,healthcare,question,neutral,facility,none,none,none,moderate,none
HC466,"Sterile and spotless pathology collection cubicle, phlebotomist wore fresh gloves, painless blood draw, and polite demeanor.",english,healthcare,appreciation,positive,hospital_cleanliness,none,none,none,moderate,none
HC467,bhai hospital app pe consultation slot book kiya par clinic aane par pata chala doctor leave pe hain communication zero,hinglish,healthcare,complaint,negative,appointment,poor_communication,low,none,simple,Sync doctor leave schedules with mobile booking apps
HC468,Allow patients to submit pre-admission insurance authorization forms online twenty-four hours prior to planned hospital admission.,english,healthcare,suggestion,neutral,insurance,none,none,none,moderate,Enable pre-admission insurance pre-authorization online
HC469,"Superb pediatric care, doctor made infant laugh during examination, administered oral drops gently, and explained feeding roadmap.",english,healthcare,appreciation,positive,doctor,none,none,none,simple,none
HC470,bhai online bill payment kiya par hospital reception portal pe unpaid show kar raha hai 2 ghante counter pe phasaya,hinglish,healthcare,complaint,negative,payment,payment_issue,high,none,simple,Reconcile online payment gateway immediately with reception
HC471,Is there an emergency on-call pediatrician available in casualty during nighttime between 10 PM and 6 AM?,english,healthcare,question,neutral,emergency_service,none,none,none,moderate,none
HC472,"The clinical diagnosis was clear, though the hospital pharmacy only had expensive brand-name versions of basic multivitamins.",english,healthcare,informational,mixed,pharmacy,billing_issue,low,none,moderate,none
HC473,"Super fast outpatient flow, token allotted at 9:00 AM, entered doctor chamber at 9:08 AM, very impressed with punctuality.",english,healthcare,appreciation,positive,appointment,none,none,none,simple,none
HC474,bhai billing desk ne ICU charges add kar diye jabki patient ko step-down ward me transfer kar diya tha shameless overbilling,hinglish,healthcare,complaint,negative,billing,billing_issue,high,mild,Ensure ward transfer timestamps reflect on daily billing,
HC475,Allow patients to cancel or reschedule appointments with full refund up to two hours before consultation.,english,healthcare,suggestion,neutral,cancellation,none,none,none,moderate,Provide two-hour cancellation window with full refunds
HC476,"Spotless hospital corridors, pleasant fragrance, quiet waiting zones, and helpful floor attendants created a healing environment.",english,healthcare,appreciation,positive,hospital_cleanliness,none,none,none,simple,none
HC477,bhai MRI report me radiologist signature missing tha insurance claim reject ho gaya hospital ki laparwahi se,hinglish,healthcare,complaint,negative,medical_report,medical_report,medium,none,simple,Ensure all released diagnostic reports bear digital signatures
HC478,Can we opt for digital consultation summaries delivered via email rather than physical printed prescription sheets?,english,healthcare,question,neutral,communication,none,none,none,moderate,none
HC479,"The doctor was attentive and compassionate, but the waiting room air cooler was noisy and threw damp water droplets.",english,healthcare,complaint,mixed,facility,facility_problem,low,none,moderate,Service air coolers in patient waiting halls
HC480,"Delivered on time, specialized prescription eye drops arrived in temperature-controlled cool pouch with intact tamper seal.",english,healthcare,appreciation,positive,pharmacy,none,none,none,simple,none
HC481,bhai casualty ward me stretcher ke wheels jammed the attendant patient ko jhatke dete hue le gaya painful experience,hinglish,healthcare,complaint,negative,emergency_service,facility_problem,medium,none,simple,Maintain and lubricate emergency stretcher wheels
HC482,Offer subsidized preventive health checkup packages for domestic workers and gig economy drivers on weekend mornings.,english,healthcare,suggestion,neutral,billing,none,none,none,moderate,Introduce subsidized health screening camps for gig workers
HC483,"Clear visual explanation on anatomical models, doctor took time to address my concerns, and outlined gentle recovery steps.",english,healthcare,appreciation,positive,doctor,none,none,none,moderate,none
HC484,bhai doctor cabin me private consultation ke time pharmaceutical MR ko andar bula liya patient ko baithaye rakha disrespectful,hinglish,healthcare,complaint,negative,doctor,poor_staff_behavior,low,none,moderate,Schedule pharmaceutical meetings strictly outside clinic hours
HC485,Where can I check if this multi-specialty hospital is accredited under national hospital quality boards?,english,healthcare,question,neutral,facility,none,none,none,moderate,none
HC486,"The medical consultation was thorough, though obtaining medicine from hospital pharmacy took forty minutes standing in queue.",english,healthcare,informational,mixed,pharmacy,long_wait,low,none,moderate,none
HC487,"Pristine diagnostic center, blood collection was completely painless, and full digital reports were sent by 1 PM same day.",english,healthcare,appreciation,positive,diagnostic_test,none,none,none,moderate,none
HC488,bhai ultrasound ke liye bulaya 9 baje par doctor 11:30 baje aaye empty stomach patient ko fainting hone lagi,hinglish,healthcare,complaint,negative,diagnostic_test,test_delay,medium,none,simple,Ensure sonologists arrive punctually for morning fasting scans
HC489,Enable dark mode on the patient health portal to reduce screen glare when reviewing reports at night.,english,healthcare,suggestion,neutral,app,none,none,none,moderate,Implement dark mode on patient web portal
HC490,"Smooth blood donation experience, clean reclining couches, sterilized disposable needles, and courteous nursing supervision.",english,healthcare,appreciation,positive,facility,none,none,none,simple,none
HC491,bhai TPA desk ne insurance approval slip hold karke rakhi discharge me 5 ghante waste kar diye careless staff,hinglish,healthcare,complaint,negative,insurance,insurance_issue,high,none,moderate,Expedite physical discharge paperwork after TPA approval
HC492,Is there an option to book doorstep physiotherapist rehabilitation visits through the hospital mobile application?,english,healthcare,question,neutral,facility,none,none,none,moderate,none
HC493,"The consultation was helpful, though the billing clerk refused to accept digital wallet payments below two hundred rupees.",english,healthcare,appreciation,mixed,payment,payment_issue,low,none,moderate,none
HC494,"Polite reception executive, fast appointment validation, zero waiting time, and doctor gave insightful clinical advice.",english,healthcare,appreciation,positive,reception,none,none,none,simple,none
HC495,bhai pathology lab me blood draw karte waqt technician phone pe baat kar raha tha careless and unprofessional,hinglish,healthcare,complaint,negative,laboratory,poor_staff_behavior,medium,none,simple,Prohibit phone usage during invasive phlebotomy procedures
HC496,Hospitals should provide an automated emergency SOS ambulance booking icon directly on the home screen of their app.,english,healthcare,suggestion,neutral,emergency_service,none,none,none,moderate,Add one-touch SOS ambulance booking on app
HC497,"Steaming hot, clean, and nutritious patient meals served on time, customized perfectly for low-salt hypertensive diet.",english,healthcare,appreciation,positive,facility,none,none,none,moderate,none
HC498,bhai doctor ne prescription me aisi illegible handwriting likhi ki chemist ne wrong dosage de di printed do,hinglish,healthcare,complaint,negative,communication,poor_communication,medium,none,moderate,Mandate printed computerized prescriptions across hospital
HC499,Can family attendants request temporary vehicle parking fee waivers during long-term intensive care hospitalization?,english,healthcare,question,neutral,facility,none,none,none,moderate,none
HC500,"Exceptional medical care, compassionate nursing staff, spotless recovery ward, and smooth billing, thoroughly grateful to hospital team.",english,healthcare,appreciation,positive,patient_support,none,none,none,moderate,none
HC501,The blood test sample was collected at the pathology laboratory at 8 AM.,english,healthcare,informational,neutral,diagnostic_test,none,none,none,simple,none
HC502,My doctor consultation appointment is scheduled for Thursday at 10:30 AM.,english,healthcare,informational,neutral,appointment,none,none,none,simple,none
HC503,Diagnostic ultrasound report was generated and uploaded to the hospital patient portal.,english,healthcare,informational,neutral,report,none,none,none,simple,none
HC504,Hospital outpatient billing counter accepted cashless health insurance card.,english,healthcare,informational,neutral,billing,none,none,none,simple,none
HC505,Prescribed blood pressure tablets were purchased from the 24-hour hospital pharmacy.,english,healthcare,informational,neutral,pharmacy,none,none,none,simple,none
HC506,The orthopedic surgeon consultation token number 14 was called into room 204.,english,healthcare,informational,neutral,doctor,none,none,none,simple,none
HC507,Fasting blood sugar test requires twelve hours of prior overnight fasting.,english,healthcare,informational,neutral,diagnostic_test,none,none,none,simple,none
HC508,The hospital visiting hours for in-patients are from 5 PM to 7 PM daily.,english,healthcare,informational,neutral,hospital_staff,none,none,none,simple,none
HC509,Digital copy of the chest X-ray was emailed in high-resolution DICOM format.,english,healthcare,informational,neutral,report,none,none,none,simple,none
HC510,The pediatrician clinic operates on the first floor near the immunization wing.,english,healthcare,informational,neutral,doctor,none,none,none,simple,none
HC511,Doctor consultation appointment confirmation SMS mobile par receive ho gaya.,hinglish,healthcare,informational,neutral,appointment,none,none,none,simple,none
HC512,Blood report download karne ka link portal par 6 baje activate hoga.,hinglish,healthcare,informational,neutral,report,none,none,none,simple,none
HC513,Hospital reception counter par new patient registration form fill kiya gaya.,hinglish,healthcare,informational,neutral,hospital_staff,none,none,none,simple,none
HC514,Pharmacy counter par prescription medicines ki availability check karwai.,hinglish,healthcare,informational,neutral,pharmacy,none,none,none,simple,none
HC515,MRI scan ke liye appointment slot Saturday morning me confirm hua hai.,hinglish,healthcare,informational,neutral,diagnostic_test,none,none,none,simple,none
HC516,Doctor ne follow up consultation ke liye 15 din baad ka schedule diya.,hinglish,healthcare,informational,neutral,consultation,none,none,none,simple,none
HC517,Discharge summary document hospital billing desk par stamp ho gaya.,hinglish,healthcare,informational,neutral,billing,none,none,none,simple,none
HC518,Physiotherapy clinic room basement block B me located hai.,hinglish,healthcare,informational,neutral,hospital_staff,none,none,none,simple,none
HC519,Vaccination dosage certificate Cowin portal ke saath link ho gaya.,hinglish,healthcare,informational,neutral,report,none,none,none,simple,none
HC520,Health checkup package me total 45 blood parameters included the.,hinglish,healthcare,informational,neutral,diagnostic_test,none,none,none,simple,none
HC521,"I appreciate the doctor's expert medical diagnosis, but waiting over two hours past my confirmed slot was exhausting.",english,healthcare,complaint,negative,waiting_time,long_waiting_time,medium,none,moderate,Space appointment intervals to avoid consultation delays
HC522,"Thank you for performing the blood test smoothly, however promising reports in four hours and delaying for two days caused acute panic.",english,healthcare,complaint,negative,report,delayed_report,high,none,moderate,Adhere strictly to diagnostic report delivery timelines
HC523,"The nursing staff was attentive and kind, but billing desk adding unexplained registration fees without explanation was disappointing.",english,healthcare,complaint,negative,billing,billing_issue,medium,none,moderate,Itemize all outpatient hospital fees clearly
HC524,"I understand emergency cases take priority, but the specialist doctor abruptly left the clinic without attending to booked patients.",english,healthcare,complaint,negative,doctor,doctor_unavailable,high,none,moderate,Arrange substitute doctors during emergency departures
HC525,"While I value the clinic's sanitation, the pharmacy counter staff spoke extremely rudely when asked about generic medicines.",english,healthcare,complaint,negative,pharmacy,poor_staff_behavior,medium,none,moderate,Train pharmacy personnel in patient communication
HC526,"Thanks for booking my ultrasound scan slot, yet nobody informed me that four hours of fasting was mandatory prior to test.",english,healthcare,complaint,negative,diagnostic_test,facility_problem,medium,none,moderate,Send automated pre-test fasting instructions via SMS
HC527,"The consultation room was clean and well kept, but the doctor rushed through my complex symptoms in barely ninety seconds.",english,healthcare,complaint,negative,consultation,poor_staff_behavior,high,none,moderate,Allocate minimum ten minutes for initial consultations
HC528,"I appreciate your hospital's modern facilities, though the air conditioning in the patient waiting area was completely non functional.",english,healthcare,complaint,negative,hospital_staff,facility_problem,medium,none,moderate,Repair waiting room air conditioning units
HC529,"Thank you for the emergency room assistance, however issuing handwritten illegible prescriptions caused pharmacy errors.",english,healthcare,complaint,negative,pharmacy,wrong_prescription,high,none,moderate,Mandate printed electronic medical prescriptions
HC530,"I appreciate your billing team's apologies, but making an elderly patient stand in queue for ninety minutes for discharge is painful.",english,healthcare,complaint,negative,billing,billing_issue,high,none,moderate,Provide dedicated seated counters for senior citizens
HC531,"Doctor ne politely baat ki, par lab test report aane me 48 hours lag gaye jabki emergency case tha.",hinglish,healthcare,complaint,negative,report,delayed_report,high,none,moderate,Emergency lab samples prioritize karein
HC532,"Hospital reception staff decent tha, lekin confirmed appointment hone ke baad bhi do ghante wait karwaya.",hinglish,healthcare,complaint,negative,waiting_time,long_waiting_time,medium,none,moderate,Token queue timing accurately schedule karein
HC533,"Shukriya consultation ke liye, lekin pharmacy me doctor ki prescribed dawai available nahi thi aur bahar se leni padi.",hinglish,healthcare,complaint,negative,pharmacy,facility_problem,medium,none,moderate,Essential medicine inventory maintain karein
HC534,"Nurse ne politely blood sample liya, par patient portal par report galat name se upload kar di unhone.",hinglish,healthcare,complaint,negative,report,delayed_report,high,none,moderate,Report upload par patient ID verification double check karein
HC535,"Thanks response ke liye, lekin billing desk ne insurance cashless claim approve hone me pura din laga diya.",hinglish,healthcare,complaint,negative,billing,billing_issue,high,none,moderate,TPA insurance desk process speedup karein
HC536,"Doctor ne bilkul wait nahi karwaya, exact appointment time par consultation start ho gayi.",hinglish,healthcare,appreciation,positive,waiting_time,none,none,none,simple,none
HC537,Blood sample lete waqt phlebotomist ne koi pain feel nahi hone diya.,hinglish,healthcare,appreciation,positive,diagnostic_test,none,none,none,simple,none
HC538,"Hospital billing me koi hidden room charges nahi lagaye gaye, completely transparent tha.",hinglish,healthcare,appreciation,positive,billing,none,none,none,simple,none
HC539,The physician did not rush and answered every health query with remarkable patience.,english,healthcare,appreciation,positive,doctor,none,none,none,simple,none
HC540,"No delay occurred in diagnostic report delivery, received digital copy in one hour.",english,healthcare,appreciation,positive,report,none,none,none,simple,none
HC541,"X-ray machine ke samne bilkul lambi line nahi thi, turant scan complete hua.",hinglish,healthcare,appreciation,positive,diagnostic_test,none,none,none,simple,none
HC542,Prescribed generic medicines lene me pharmacy par koi dikkat nahi aayi.,hinglish,healthcare,appreciation,positive,pharmacy,none,none,none,simple,none
HC543,Patient vitals monitoring chart me abhi koi abnormal readings record nahi hui hain.,hinglish,healthcare,informational,neutral,hospital_staff,none,none,none,simple,none
HC544,Doctor clinic me abhi tak koi emergency surgery case call nahi aaya tha.,hinglish,healthcare,informational,neutral,doctor,none,none,none,simple,none
HC545,Doctor clinic par nahi aaye aur teen ghante wait karwake appointment cancel kar diya.,hinglish,healthcare,complaint,negative,doctor,doctor_unavailable,high,none,moderate,Prior cancellation notice SMS bhejein
HC546,Blood report portal par upload nahi hui jabki urgent surgery scheduled thi.,hinglish,healthcare,complaint,negative,report,delayed_report,high,none,moderate,Urgent surgical test reports expedite karein
HC547,Billing staff ne cashless insurance approve nahi kiya aur unnecessary cash deposit manga.,hinglish,healthcare,complaint,negative,billing,billing_issue,high,none,moderate,Cashless authorization process streamline karein
HC548,Nurse ne cannula properly insert nahi kiya aur patient ke hath par heavy swelling aa gayi.,hinglish,healthcare,complaint,negative,hospital_staff,poor_staff_behavior,high,none,moderate,Skilled nursing staff deploy karein
HC549,Pharmacy counter par prescribed injection available nahi tha aur staff ne alternate nahi bataya.,hinglish,healthcare,complaint,negative,pharmacy,facility_problem,medium,none,moderate,Critical injection stock ensure karein
HC550,Doctor ne symptoms dhyan se nahi sune aur bina checkup kiye medicines likh di.,hinglish,healthcare,complaint,negative,consultation,poor_staff_behavior,high,none,moderate,Thorough patient physical examination conduct karein
HC551,Why book appointment slots at fifteen minute intervals if doctors arrive three hours late?,english,healthcare,complaint,negative,waiting_time,long_waiting_time,high,none,moderate,Enforce doctor punctuality benchmarks
HC552,Why does a standard routine blood test report take forty-eight hours in an NABH accredited hospital?,english,healthcare,complaint,negative,report,delayed_report,medium,none,moderate,Automate pathology reporting workflows
HC553,How can hospital billing charge Rs 500 for gloves and PPE when patient was only in OPD consultation?,english,healthcare,complaint,negative,billing,billing_issue,high,none,moderate,Audit outpatient billing for bogus consumables
HC554,Is there any reason why emergency room patients have to wait forty minutes for a resident doctor?,english,healthcare,complaint,negative,hospital_staff,doctor_unavailable,high,none,moderate,Ensure 24x7 ER doctor presence on floor
HC555,Bina bataye bill me extra charges add karke loot machana medical ethics ke khilaf nahi hai?,hinglish,healthcare,complaint,negative,billing,billing_issue,high,none,moderate,Transparent pricing display karein
HC556,Fever me tadap rahe patient ko bina bed diye corridor me khada rakhna kahan ka treatment hai?,hinglish,healthcare,complaint,negative,hospital_staff,facility_problem,high,none,moderate,Emergency triage beds reserve karein
HC557,What is the procedure to obtain duplicate digital copies of old discharge summaries?,english,healthcare,question,neutral,report,none,none,none,simple,none
HC558,Are generic pharmaceutical alternatives allowed for substitution under the hospital pharmacy policy?,english,healthcare,question,neutral,pharmacy,none,none,none,simple,none
HC559,Senior citizen discount cashless billing counter par apply karne ka kya criteria hai?,hinglish,healthcare,question,neutral,billing,none,none,none,simple,none
HC560,Full body health checkup me fasting sample dene ke kitne time baad breakfast milta hai?,hinglish,healthcare,question,neutral,diagnostic_test,none,none,none,simple,none
HC561,"bhai doctor sahab ne itne patience se consult kiya aur problem jad se khatam ho gayi, best physician!",hinglish,healthcare,appreciation,positive,doctor,none,none,none,simple,none
HC562,"bhai diagnostic lab report 2 ghante me WhatsApp par aa gayi, super efficient staff hai hospital ka.",hinglish,healthcare,appreciation,positive,report,none,none,none,simple,none
HC563,"bhai nursing staff bohot caring aur cooperative tha, night duty me har ghante vitals check kiye.",hinglish,healthcare,appreciation,positive,hospital_staff,none,none,none,simple,none
HC564,bhai ultrasound scan ke liye appointment slot online book hota hai ya offline aana padega?,hinglish,healthcare,question,neutral,appointment,none,none,none,simple,none
HC565,bhai hospital pharmacy par CGHS card par medicines issue hoti hain kya?,hinglish,healthcare,question,neutral,pharmacy,none,none,none,simple,none
HC566,bhai patient admit hone par attendant ke rukne ke liye alag room charge lagta hai?,hinglish,healthcare,question,neutral,billing,none,none,none,simple,none
HC567,"bhai kya bekar hospital hai, emergency me aane ke baad bhi ek ghanta billing counter par khada rakha.",hinglish,healthcare,complaint,negative,billing,billing_issue,high,mild,moderate,Emergency admissions fast-track karein
HC568,"bhai doctor ne bina report dekhe heavy antibiotics likh di, patient ki tabiyat aur kharab ho gayi.",hinglish,healthcare,complaint,negative,doctor,wrong_prescription,high,none,moderate,Antibiotic stewardship audit conduct karein
HC569,bhai doctor consultation bohot achhi thi but hospital pharmacy me bill bohot zyada banaya unnecessarily.,hinglish,healthcare,complaint,mixed,billing,billing_issue,medium,none,moderate,Pharmacy pricing transparency ensure karein
HC570,bhai hospital clean tha aur AC working tha par staff reception par bohot rudely baat kar raha tha.,hinglish,healthcare,complaint,mixed,hospital_staff,poor_staff_behavior,medium,none,moderate,Front desk staff soft skills training
HC571,bohot accha doctor,hinglish,healthcare,appreciation,positive,doctor,none,none,none,simple,none
HC572,caring staff,english,healthcare,appreciation,positive,hospital_staff,none,none,none,simple,none
HC573,mast treatment,hinglish,healthcare,appreciation,positive,consultation,none,none,none,simple,none
HC574,quick report delivery,english,healthcare,appreciation,positive,report,none,none,none,simple,none
HC575,theek tha,hinglish,healthcare,informational,neutral,consultation,none,none,none,simple,none
HC576,average consultation,english,healthcare,informational,neutral,consultation,none,none,none,simple,none
HC577,bilkul bekar hospital,hinglish,healthcare,complaint,negative,hospital_staff,poor_staff_behavior,high,none,simple,Improve management
HC578,do ghante wait karwaya,hinglish,healthcare,complaint,negative,waiting_time,long_waiting_time,high,none,simple,Reduce wait time
HC579,report nahi aayi,hinglish,healthcare,complaint,negative,report,delayed_report,high,none,simple,Send reports on time
HC580,loot macha rakhi hai,hinglish,healthcare,complaint,negative,billing,billing_issue,high,none,simple,Stop overcharging
HC581,"bohot achha doctor team hai, proper explanation ke sath treatment diya.",hinglish,healthcare,appreciation,positive,doctor,none,none,none,simple,none
HC582,"bahot bekaar management hai, emergency me patient ko bed nhi mila.",hinglish,healthcare,complaint,negative,hospital_staff,facility_problem,high,none,moderate,Emergency bed availability streamline karein
HC583,Staff ne extra paise maange bina shi rasta bataya aur help ki.,hinglish,healthcare,appreciation,positive,hospital_staff,none,none,none,simple,none
HC584,"Lab test report do din baad bhi upload nhi hui, bahot khraab service.",hinglish,healthcare,complaint,negative,report,delayed_report,high,none,moderate,Report generation SLA follow karein
HC585,"Doctor OPD schedule aur room allocation chart notice board par show ho raha hai, theek hai.",hinglish,healthcare,informational,neutral,appointment,none,none,none,simple,none
HC586,"The surgeon was highly experienced and performed the procedure flawlessly, but the hospital billing department overcharged room amenities.",english,healthcare,complaint,mixed,billing,billing_issue,high,none,moderate,Audit in-patient billing for hidden fees
HC587,"The consultation fee was reasonable and affordable, however waiting two hours past the scheduled time in a noisy lobby was painful.",english,healthcare,complaint,mixed,waiting_time,long_waiting_time,medium,none,moderate,Manage consultation queue delays strictly
HC588,"Nursing care in the ICU was exceptionally gentle and vigilant, yet getting discharge paperwork completed took seven agonising hours.",english,healthcare,complaint,mixed,hospital_staff,billing_issue,medium,none,moderate,Cut discharge processing time under two hours
HC589,"The diagnostic scanning equipment is modern and high precision, but the technician refused to answer basic safety questions.",english,healthcare,complaint,mixed,diagnostic_test,poor_staff_behavior,medium,none,moderate,Train radiology technicians to reassure anxious patients
HC590,"Hospital premises are sparkling clean and sanitized, although the parking lot lacks wheelchair ramps for disabled patients.",english,healthcare,complaint,mixed,hospital_staff,facility_problem,high,none,moderate,Install disabled wheelchair access ramps
HC591,"Doctor ne bohot acche se illness explain ki, lekin unhone branded expensive medicine likhi jo sirf unke pharmacy par milti hai.",hinglish,healthcare,complaint,mixed,pharmacy,billing_issue,medium,none,moderate,Generic chemical names prescribe karein
HC592,"Blood sample collection home pickup on time tha, par digital PDF report me date of birth wrong print kar di unhone.",hinglish,healthcare,complaint,mixed,report,delayed_report,low,none,moderate,Patient demographic data check karein
HC593,"Hospital cafeteria me food fresh aur hygienic tha, magar billing counter par digital payment lene se refuse kar diya.",hinglish,healthcare,complaint,mixed,billing,billing_issue,low,none,moderate,All hospital outlets me digital payment enable karein
HC594,"Physiotherapist ne exercise bohot effectively sikhayi, lekin appointment slot har session me 40 minute delay ho jata hai.",hinglish,healthcare,complaint,mixed,waiting_time,long_waiting_time,medium,none,moderate,Therapy sessions ka fixed schedule maintain karein
HC595,"Doctor consultation thorough thi, although reception desk par insurance pre-authorization form submit karne me staff ne confuse kiya.",hinglish,healthcare,complaint,mixed,hospital_staff,billing_issue,medium,none,moderate,Insurance desk staff training ensure karein
HC596,"Brilliant appointment system, arrived at 10 AM sharp only to be called inside at 2 PM as if time is free.",english,healthcare,complaint,negative,waiting_time,long_waiting_time,high,none,moderate,Respect patient appointment slots
HC597,"Loved the ultra-fast hospital discharge, spent merely eight hours sitting on a wooden bench waiting for one stamp.",english,healthcare,complaint,negative,billing,billing_issue,high,none,moderate,Automate final billing clearance
HC598,"Fabulous diagnostic lab, promised urgent blood results in two hours and delivered them four days after recovery.",english,healthcare,complaint,negative,report,delayed_report,high,none,moderate,Deliver urgent diagnostic reports promptly
HC599,"Wonderful emergency care, had to argue with billing clerks for two hours before a doctor even touched my bleeding foot.",english,healthcare,complaint,negative,hospital_staff,doctor_unavailable,high,none,moderate,Prioritize medical emergency before paperwork
HC600,"Top notch medical handwriting, the pharmacist needed an Egyptologist to decipher whether I was prescribed aspirin or poison.",english,healthcare,complaint,negative,pharmacy,wrong_prescription,high,none,moderate,Ban illegible handwritten prescriptions
HC601,"I truly appreciate the doctor's medical expertise, but waiting two hours in the clinic despite a confirmed appointment was exhausting.",english,healthcare,complaint,negative,doctor,waiting_time,high,none,moderate,none
HC602,"Thank you for dispatching the prescribed medicines, however the pharmacy sent 500mg tablets instead of the prescribed 250mg dosage.",english,healthcare,complaint,negative,pharmacy,wrong_dosage,high,none,complex,none
HC603,"With all due respect to the nursing staff, taking four painful needle attempts for a routine blood sample caused severe bruising.",english,healthcare,complaint,negative,staff,poor_phlebotomy,high,none,moderate,none
HC604,"I understand doctors have emergency procedures, but canceling an oncology consultation five minutes before the slot left us stranded.",english,healthcare,complaint,negative,doctor,last_minute_cancellation,high,none,moderate,none
HC605,"The phlebotomist was very polite and gentle, yet my urgent blood test report has still not been uploaded after 48 hours.",english,healthcare,complaint,negative,reports,report_delay,high,none,moderate,none
HC606,"I appreciate your modern hospital building, but billing an extra unexplained consultation surcharge during discharge was upsetting.",english,healthcare,complaint,negative,billing,unexplained_charges,high,none,moderate,none
HC607,"While the teleconsultation video quality was good, the doctor spent barely 90 seconds before ending the video call abruptly.",english,healthcare,complaint,negative,doctor,rushed_consultation,medium,none,moderate,none
HC608,"Respectfully, an emergency ambulance taking 55 minutes to reach within city limits defeats the purpose of an emergency helpline.",english,healthcare,complaint,negative,ambulance,ambulance_delay,high,none,complex,none
HC609,"Thank you for offering home sample collection, but the technician arrived four hours after the scheduled morning fasting slot.",english,healthcare,complaint,negative,diagnostics,sample_delay,high,none,moderate,none
HC610,"Doctor sahab ne bohot pyaar se check kiya, par prescription itna ganda likha tha ki chemist dawa samajh hi nahi paya.",hinglish,healthcare,complaint,negative,doctor,illegible_prescription,medium,none,moderate,none
HC611,"Maine bohot shanti se wait kiya, lekin hospital billing counter ne TPA insurance claim process karne me 6 ghante laga diye.",hinglish,healthcare,complaint,negative,billing,tpa_delay,high,none,moderate,none
HC612,"I appreciate your healthcare app interface, but medical report downloads repeatedly generate blank PDF files.",english,healthcare,complaint,negative,app,blank_pdf_bug,medium,none,moderate,none
HC613,"With respect, sending automated promotional cosmetic surgery discount SMS to cardiac patients is insensitive and unprofessional.",english,healthcare,complaint,negative,communication,insensitive_spam,low,none,moderate,none
HC614,"Thank you for providing wheelchair assistance, but the attendant left an elderly patient unattended near the elevator.",english,healthcare,complaint,negative,staff,unattended_patient,high,none,moderate,none
HC615,"Support team ne politely call pe bola tha report aaj sham tak aayegi, par teen din se lab processing hi dikha raha hai.",hinglish,healthcare,complaint,negative,reports,lab_delay,high,none,moderate,none
HC616,"I understand diagnostic calibration takes time, nevertheless inaccurate lipid profile readings that required re-testing caused panic.",english,healthcare,complaint,negative,diagnostics,inaccurate_test,high,none,complex,none
HC617,"Aapka clinic premises clean hai, par reception counter par staff phone me busy tha aur patients ko attend nahi kar raha tha.",hinglish,healthcare,complaint,negative,staff,inattentive_reception,low,none,moderate,none
HC618,"The medicine delivery was fast, but the temperature-sensitive insulin vials were packed without any cooling gel packs.",english,healthcare,complaint,negative,pharmacy,no_cold_chain,high,none,complex,none
HC619,"With all respect, charging 500 rupees just to reissue a duplicate medical certificate when system had records is exorbitant.",english,healthcare,complaint,negative,billing,duplicate_fee,medium,none,moderate,none
HC620,"Doctor ne politely baat ki thi, par ultrasound scan karne ke liye female attendant present nahi thi room me.",hinglish,healthcare,complaint,negative,staff,no_female_attendant,high,none,moderate,none
HC621,"I value specialist care, but being pressured into five expensive unnecessary diagnostic scans before diagnosis felt predatory.",english,healthcare,complaint,negative,diagnostics,unnecessary_scans,high,none,complex,none
HC622,"Respectfully, delivering a generic substitute for a critical pediatric antibiotic without consulting the parent is unacceptable.",english,healthcare,complaint,negative,pharmacy,unauthorized_substitute,high,none,complex,none
HC623,"Aapke hospital ka ICU care acha tha, par patient discharge hone ke 10 din baad bhi medical summary email nahi ki gayi.",hinglish,healthcare,complaint,negative,administration,discharge_summary_delay,medium,none,moderate,none
HC624,"The dental clinic was clean and hygienic, but the dentist charged 1,500 rupees extra for routine sterilization kits.",english,healthcare,complaint,negative,billing,hidden_kit_fee,medium,none,moderate,none
HC625,"I appreciate your grievance desk trying to help, but closing my overbilling complaint without itemized ledger was unhelpful.",english,healthcare,complaint,negative,support,unresolved_billing,high,none,moderate,none
HC626,"Nursing staff ne bade aadar se baat ki, par IV drip bottle empty hone par buzzer press karne par bhi 20 minute koi nahi aaya.",hinglish,healthcare,complaint,negative,staff,iv_drip_neglect,high,none,complex,none
HC627,"While the digital prescription is convenient, the app does not allow downloading it in a standard printable format.",english,healthcare,complaint,negative,app,download_restriction,low,none,moderate,none
HC628,"Thank you for booking the MRI appointment, but machine maintenance downtime delayed the procedure by four hours.",english,healthcare,complaint,negative,diagnostics,mri_delay,medium,none,moderate,none
HC629,"With all due respect, customer care asking an acutely sick patient to fill out a 15-minute feedback survey is tone-deaf.",english,healthcare,complaint,negative,communication,tone_deaf_survey,low,none,moderate,none
HC630,"Aapki diagnostic van time par aayi, par technician ne disposable gloves use nahi kiye blood sample lete waqt.",hinglish,healthcare,complaint,negative,diagnostics,unhygienic_practice,high,none,complex,none
HC631,"I understand pathology batch testing rules, but delaying dengue antigen reports during peak fever stage is hazardous.",english,healthcare,complaint,negative,reports,dengue_report_delay,high,none,complex,none
HC632,"Thank you for issuing an apology note, but the pharmacy delivering someone else's hypertensive medicines caused distress.",english,healthcare,complaint,negative,pharmacy,medication_mixup,high,none,complex,none
HC633,"Receptionist ne politely token diya tha, par unke system glitch ki wajah se appointment number skip ho gaya.",hinglish,healthcare,complaint,negative,administration,queue_skip,medium,none,moderate,none
HC634,"Respectfully, the hospital pharmacy charging 40 percent above printed MRP for basic surgical bandages is unethical.",english,healthcare,complaint,negative,pharmacy,overcharging_mrp,high,none,moderate,none
HC635,"The physiotherapist was knowledgeable, but spent half the paid session duration answering personal phone calls.",english,healthcare,complaint,negative,doctor,phone_distraction,medium,none,moderate,none
HC636,"Maine pharmacy helpline par call kiya tha, par medicine expiry check karne ke bajaye unhone call disconnect kar di.",hinglish,healthcare,complaint,negative,pharmacy,call_disconnect,high,none,moderate,none
HC637,"I appreciate emergency triage protocols, but keeping a patient with high fever in the waiting lobby for 90 minutes is bad care.",english,healthcare,complaint,negative,hospital,triage_delay,high,none,complex,none
HC638,"Support team was courteous, but took five days to verify payment for an urgent online medical consultation.",english,healthcare,complaint,negative,billing,payment_verification_delay,high,none,moderate,none
HC639,"While the eye examination was thorough, the prescribed spectacle power caused severe headaches due to cylinder error.",english,healthcare,complaint,negative,doctor,incorrect_prescription,high,none,moderate,none
HC640,"Hospital attendant was humble, but failed to lock the patient stretcher wheel during elevator boarding causing a jerk.",english,healthcare,complaint,negative,staff,careless_handling,high,none,moderate,none
HC641,Wrong medicine delivered.,english,healthcare,complaint,negative,pharmacy,wrong_medicine,high,none,simple,none
HC642,Doctor never joined.,english,healthcare,complaint,negative,doctor,no_show,high,none,simple,none
HC643,Report not uploaded.,english,healthcare,complaint,negative,reports,delay,high,none,simple,none
HC644,Hospital bilkul ganda.,hinglish,healthcare,complaint,negative,hospital,unhygienic,high,none,simple,none
HC645,Extremely rude staff.,english,healthcare,complaint,negative,staff,rude_staff,high,none,simple,none
HC646,Ambulance delayed hours.,english,healthcare,complaint,negative,ambulance,delay,high,none,simple,none
HC647,Dawa expire thi.,hinglish,healthcare,complaint,negative,pharmacy,expired,high,none,simple,none
HC648,Billing me overcharged.,hinglish,healthcare,complaint,negative,billing,overcharge,high,none,simple,none
HC649,Report galat aayi.,hinglish,healthcare,complaint,negative,diagnostics,inaccurate,high,none,simple,none
HC650,Very long wait.,english,healthcare,complaint,negative,hospital,waiting_time,medium,none,simple,none
HC651,Hospital bill refund nahi hua.,hinglish,healthcare,complaint,negative,billing,refund_pending,high,none,simple,none
HC652,Careless blood sample.,english,healthcare,complaint,negative,diagnostics,poor_phlebotomy,high,none,simple,none
HC653,Excellent doctor consultation.,english,healthcare,appreciation,positive,doctor,none,none,none,simple,none
HC654,Gentle caring nurses.,english,healthcare,appreciation,positive,staff,none,none,none,simple,none
HC655,Bohot acha treatment.,hinglish,healthcare,appreciation,positive,doctor,none,none,none,simple,none
HC656,Clean hygienic clinic.,english,healthcare,appreciation,positive,hospital,none,none,none,simple,none
HC657,Quick lab reports.,english,healthcare,appreciation,positive,reports,none,none,none,simple,none
HC658,Paisa vasool consultation.,hinglish,healthcare,appreciation,positive,doctor,none,none,none,simple,none
HC659,Fast medicine delivery.,english,healthcare,appreciation,positive,pharmacy,none,none,none,simple,none
HC660,Polite reception staff.,english,healthcare,appreciation,positive,staff,none,none,none,simple,none
HC661,Shaandar hospital service.,hinglish,healthcare,appreciation,positive,hospital,none,none,none,simple,none
HC662,Painless blood test.,english,healthcare,appreciation,positive,diagnostics,none,none,none,simple,none
HC663,Appointment booked successfully.,english,healthcare,informational,neutral,administration,none,none,none,simple,none
HC664,Blood sample collected.,english,healthcare,informational,neutral,diagnostics,none,none,none,simple,none
HC665,Theek thaak clinic.,hinglish,healthcare,informational,neutral,hospital,none,none,none,simple,none
HC666,Report emailed.,english,healthcare,informational,neutral,reports,none,none,none,simple,none
HC667,Prescription updated in app.,english,healthcare,informational,neutral,app,none,none,none,simple,none
HC668,BP normal tha.,hinglish,healthcare,informational,neutral,doctor,none,none,none,simple,none
HC669,Normal checkup done.,english,healthcare,informational,neutral,doctor,none,none,none,simple,none
HC670,Token number eight.,english,healthcare,informational,neutral,administration,none,none,none,simple,none
HC671,Good doctor high fees.,english,healthcare,complaint,mixed,billing,expensive,low,none,simple,none
HC672,Clean lab late report.,english,healthcare,complaint,mixed,reports,delay,medium,none,simple,none
HC673,Dawa mili par late.,hinglish,healthcare,complaint,mixed,pharmacy,delay,low,none,simple,none
HC674,Polite staff long queue.,english,healthcare,complaint,mixed,staff,queue,low,none,simple,none
HC675,Acha ilaaj mehenga bill.,hinglish,healthcare,complaint,mixed,billing,expensive,low,none,simple,none
HC676,Doctor clinic me available nai the appointment hone k baad bhi.,hinglish,healthcare,complaint,negative,doctor,absent,high,none,moderate,none
HC677,Bhot achha treatment milla doctor ne time dekar pura explain kiya.,hinglish,healthcare,appreciation,positive,doctor,none,none,none,moderate,none
HC678,Lab test report me spelling mistake h patient name galat likha huwa h.,hinglish,healthcare,complaint,negative,reports,name_error,medium,none,moderate,none
HC679,Medicine time pr deliver hui aur packaging bhot achhi thi secure.,hinglish,healthcare,appreciation,positive,pharmacy,none,none,none,moderate,none
HC680,Blood test k liye technician time pr nai aaya 2 ghante wait krwaya.,hinglish,healthcare,complaint,negative,diagnostics,technician_delay,high,none,moderate,none
HC681,Hospital ka staff bhot khrab h bat krne ki tameez nai h unko.,hinglish,healthcare,complaint,negative,staff,rude_staff,high,none,moderate,none
HC682,Doctor ne bhot politely consult kiya aur medicine bhot effective rhi.,hinglish,healthcare,appreciation,positive,doctor,none,none,none,moderate,none
HC683,X-ray report download nai ho rhi portal pr file corrupted dikha rha h.,hinglish,healthcare,complaint,negative,app,file_corrupt,medium,none,moderate,none
HC684,Bhot jldi injection lagaya nurse ne bilkul pain nai milla.,hinglish,healthcare,appreciation,positive,staff,none,none,none,moderate,none
HC685,Dawa ka expiry date bhot paas ka tha ek mahine me expire hone wali h.,hinglish,healthcare,complaint,negative,pharmacy,near_expiry,high,none,moderate,none
HC686,Customer support ne billing issue solve krne se saaf mana kr diya.,hinglish,healthcare,complaint,negative,support,billing_refusal,high,none,moderate,none
HC687,Clinic bhot saaf suthra tha hygiene standards bhot achhe the.,hinglish,healthcare,appreciation,positive,hospital,none,none,none,moderate,none
HC688,TPA insurance claim reject huwa unhone wrong code apply kiya tha.,hinglish,healthcare,complaint,negative,billing,tpa_rejection,high,none,moderate,none
HC689,Home blood sample painless tarike se collect huwa bhot achha rha.,hinglish,healthcare,appreciation,positive,diagnostics,none,none,none,moderate,none
HC690,Consultation fees bhot jyada badha di bina prior notification k.,hinglish,healthcare,complaint,negative,billing,fee_hike,medium,none,moderate,none
HC691,App me live consultation link start nai huwa screen blank rhi.,hinglish,healthcare,complaint,negative,app,link_failure,high,none,moderate,none
HC692,Bhai medicine bilkul original mili discount bhi bhot badiya rha.,hinglish,healthcare,appreciation,positive,pharmacy,none,none,none,moderate,none
HC693,Insulin box me ice pack nai tha pura medicine warm ho gya tha.,hinglish,healthcare,complaint,negative,pharmacy,no_ice_pack,high,none,moderate,none
HC694,Invoice bill me extra PPE kit charge jod rkha tha jo use nai hui.,hinglish,healthcare,complaint,negative,billing,fake_charges,high,none,moderate,none
HC695,Physiotherapist bhot helpful the exercises bhot ache se sikhayi.,hinglish,healthcare,appreciation,positive,doctor,none,none,none,moderate,none
HC696,Reception pr token system khrab tha log bina line k ghus rhe the.,hinglish,healthcare,complaint,negative,administration,queue_chaos,medium,none,moderate,none
HC697,Online doctor consultation bhot smooth rhi audio video clear milla.,hinglish,healthcare,appreciation,positive,doctor,none,none,none,moderate,none
HC698,Ultrasound scan ka appointment fix huwa subah 11 baje ka.,hinglish,healthcare,informational,neutral,diagnostics,none,none,none,moderate,none
HC699,Emergency room me doctor available nai tha 30 minute tk.,hinglish,healthcare,complaint,negative,hospital,er_delay,high,none,moderate,none
HC700,Eye testing advance machines se hui reading bilkul accurate mili.,hinglish,healthcare,appreciation,positive,diagnostics,none,none,none,moderate,none
HC701,Ambulance driver ne extra cash manga drop krne k liye.,hinglish,healthcare,complaint,negative,ambulance,cash_demand,high,none,moderate,none
HC702,Blood group report dispatch status SMS k through confirm huwa.,hinglish,healthcare,informational,neutral,reports,none,none,none,moderate,none
HC703,Treatment acha tha par waiting time bhot jyada tha clinic me.,hinglish,healthcare,complaint,mixed,hospital,waiting_time,low,none,moderate,none
HC704,Pharmacy counter pr change nai tha 20 rupaye chhodne pde.,hinglish,healthcare,complaint,negative,pharmacy,no_change,low,none,moderate,none
HC705,Vaccination certificate download link active ho gya tha portal pr.,hinglish,healthcare,informational,neutral,app,none,none,none,moderate,none
HC706,The consulting doctor did not review my previous medical history files.,english,healthcare,complaint,negative,doctor,ignored_history,high,none,moderate,none
HC707,Home sample phlebotomist subah fasting time par nahi aaya.,hinglish,healthcare,complaint,negative,diagnostics,sample_delay,high,none,moderate,none
HC708,I did not receive the promised itemized hospital discharge bill.,english,healthcare,complaint,negative,billing,no_itemized_bill,high,none,moderate,none
HC709,Pharmacy did not pack the required surgical disposable gloves.,english,healthcare,complaint,negative,pharmacy,missing_item,low,none,moderate,none
HC710,Lab test report portal par 24 ghante me update nahi hui.,hinglish,healthcare,complaint,negative,reports,report_delay,medium,none,moderate,none
HC711,The doctor was not wearing a protective mask during the examination.,english,healthcare,complaint,negative,doctor,no_mask,medium,none,moderate,none
HC712,Reception desk ne emergency patient ko priority token nahi diya.,hinglish,healthcare,complaint,negative,administration,triage_failure,high,none,moderate,none
HC713,I have not authorized the extra room sanitation charges on final bill.,english,healthcare,complaint,negative,billing,unauthorized_charges,high,none,moderate,none
HC714,Pharmacy executive ne generic medicine return lene se mana kar diya.,hinglish,healthcare,complaint,negative,pharmacy,return_refused,medium,none,moderate,none
HC715,The teleconsultation audio was not working despite full microphone permissions.,english,healthcare,complaint,negative,app,audio_failure,medium,none,moderate,none
HC716,Doctor ne patient ko detailed diet chart explain nahi kiya.,hinglish,healthcare,complaint,negative,doctor,no_guidance,low,none,moderate,none
HC717,I did not receive any appointment reminder SMS on my phone.,english,healthcare,complaint,negative,communication,no_reminder,low,none,moderate,none
HC718,Chemist ne cold chain maintaining gel pack ke bina insulin deliver ki.,hinglish,healthcare,complaint,negative,pharmacy,no_cold_chain,high,none,moderate,none
HC719,The hospital wheelchair was not functional and had flat tyres.,english,healthcare,complaint,negative,hospital,broken_wheelchair,medium,none,moderate,none
HC720,Doctor ne bina lab report dekhe heavy antibiotics prescribe nahi karni chahiye thi.,hinglish,healthcare,complaint,negative,doctor,overprescription,high,none,moderate,none
HC721,Insurance claim desk did not submit documents to TPA before discharge.,english,healthcare,complaint,negative,billing,tpa_delay,high,none,moderate,none
HC722,Patient room me air conditioning properly cooling nahi kar raha tha.,hinglish,healthcare,complaint,negative,hospital,ac_fault,low,none,moderate,none
HC723,The nursing assistant was not trained in operating digital BP monitors.,english,healthcare,complaint,negative,staff,untrained_staff,medium,none,moderate,none
HC724,Clinic staff ne elderly patient ko baithne ke liye chair provide nahi ki.,hinglish,healthcare,complaint,negative,staff,no_seating,medium,none,moderate,none
HC725,I did not get any clear instructions on pre-surgery fasting hours.,english,healthcare,complaint,negative,doctor,poor_instructions,high,none,moderate,none
HC726,Hospital reception ne online payment receipt stamp karne se mana kiya.,hinglish,healthcare,complaint,negative,billing,receipt_refusal,low,none,moderate,none
HC727,The pharmacy order did not contain the prescribed nebulizer mask.,english,healthcare,complaint,negative,pharmacy,missing_item,medium,none,moderate,none
HC728,Patient bed sheet teen din se change nahi ki gayi thi ward me.,hinglish,healthcare,complaint,negative,hospital,dirty_linen,high,none,moderate,none
HC729,Doctor did not listen to the patient symptoms and rushed through checkup.,english,healthcare,complaint,negative,doctor,rushed_checkup,high,none,moderate,none
HC730,App is not allowing medical record upload in JPEG format.,english,healthcare,complaint,negative,app,format_restriction,low,none,moderate,none
HC731,"The senior doctor was extremely experienced, but waiting 90 minutes in the clinic was difficult for my mother.",english,healthcare,complaint,mixed,doctor,wait_time,medium,none,moderate,none
HC732,"Medicine delivery was fast within 2 hours, but one medicine bottle seal was slightly cracked.",english,healthcare,complaint,mixed,pharmacy,cracked_seal,medium,none,moderate,none
HC733,"Hospital nursing staff was very caring, but the room air conditioner was noisy throughout the night.",english,healthcare,complaint,mixed,hospital,noisy_ac,low,none,moderate,none
HC734,"Doctor explained the diagnosis clearly, but prescribed five expensive branded medicines with no generic option.",english,healthcare,complaint,mixed,doctor,expensive_brands,low,none,moderate,none
HC735,"The pathology lab is spotless and hygienic, but report generation took three days instead of 24 hours.",english,healthcare,complaint,mixed,reports,report_delay,low,none,moderate,none
HC736,"Online video consultation was clear, but the app crashed right when downloading the digital prescription.",english,healthcare,complaint,mixed,app,app_crash,low,none,moderate,none
HC737,"Dental cleaning procedure was painless, but billing charged an extra 500 rupees for PPE kit.",english,healthcare,complaint,mixed,billing,ppe_charge,low,none,moderate,none
HC738,"Home sample phlebotomist was very gentle, but arrived 40 minutes after the fasting slot deadline.",english,healthcare,complaint,mixed,diagnostics,late_phlebotomist,low,none,moderate,none
HC739,"Emergency room doctors stabilized the patient quickly, but administrative discharge took four hours.",english,healthcare,complaint,mixed,administration,discharge_delay,medium,none,moderate,none
HC740,"The physiotherapy exercises helped relieve back pain, but booking slots through their phone helpline is frustrating.",english,healthcare,complaint,mixed,administration,booking_friction,low,none,moderate,none
HC741,"Doctor sahab ka ilaaj bohot badiya tha, lekin unke clinic me parking ki bohot badi dikkat hai.",hinglish,healthcare,complaint,mixed,hospital,parking_issue,low,none,moderate,none
HC742,"Dawa time par deliver ho gayi ghar pe, par bill par discount coupon apply nahi hua.",hinglish,healthcare,complaint,mixed,billing,coupon_bug,low,none,moderate,none
HC743,"Lab technician ne pain-free blood nikala, par report download karne par password error dikha raha tha.",hinglish,healthcare,complaint,mixed,reports,password_bug,low,none,moderate,none
HC744,"Hospital premises bohot luxurious hai, par canteen me food options bohot limited aur mehenge the.",hinglish,healthcare,complaint,mixed,hospital,canteen_quality,low,none,moderate,none
HC745,"Doctor ne dhyan se check kiya, par prescription itna cursive tha ki chemist ko samajh nahi aaya.",hinglish,healthcare,complaint,mixed,doctor,illegible_handwriting,low,none,moderate,none
HC746,"Teleconsultation smooth raha video par, par follow up question puchne ke liye dobara full fees mangte hai.",hinglish,healthcare,complaint,mixed,billing,followup_fee,medium,none,moderate,none
HC747,"Ambulance time se pahuch gayi, par oxygen cylinder ka flow meter thoda loose tha.",hinglish,healthcare,complaint,mixed,ambulance,equipment_issue,medium,none,moderate,none
HC748,"Vaccination drive properly organized thi, par waiting lobby me AC kaam nahi kar raha tha.",hinglish,healthcare,complaint,mixed,hospital,ac_issue,low,none,moderate,none
HC749,"Surgery successful rahi patient theek hai, par TPA insurance approval aane me 8 ghante lag gaye.",hinglish,healthcare,complaint,mixed,billing,tpa_slowness,medium,none,moderate,none
HC750,"Eye specialist ne testing achhe se ki, par optical shop par chashme ke frames bohot overpriced the.",hinglish,healthcare,complaint,mixed,billing,overpriced_frames,low,none,moderate,none
HC751,Why should a patient wait two hours in the clinic when appointment was booked two days in advance?,english,healthcare,question,negative,doctor,waiting_time,high,none,moderate,none
HC752,Is it safe to deliver temperature sensitive vaccines without proper cold chain gel packs?,english,healthcare,question,negative,pharmacy,broken_cold_chain,high,none,moderate,none
HC753,How am I expected to read a handwritten prescription when three different pharmacists cannot decipher it?,english,healthcare,question,negative,doctor,illegible_prescription,high,none,moderate,none
HC754,Why was my appointment cancelled while I was already sitting in the hospital waiting lobby?,english,healthcare,question,negative,doctor,cancellation,high,none,moderate,none
HC755,Can someone explain why blood test reports for urgent surgery take 72 hours instead of promised 6 hours?,english,healthcare,question,negative,reports,report_delay,high,none,moderate,none
HC756,Why do hospitals charge emergency consultation fees when the duty doctor arrives 40 minutes late?,english,healthcare,question,negative,billing,emergency_fee,high,none,moderate,none
HC757,Is there any reason why customer support cannot verify lab report discrepancies over phone?,english,healthcare,question,negative,support,no_phone_verification,medium,none,moderate,none
HC758,Appointment 10 baje ka tha toh doctor 12:30 baje kyu aaye kya patient ka time valuable nahi hota?,hinglish,healthcare,question,negative,doctor,extreme_delay,high,none,moderate,none
HC759,Blood sample lene ke baad hath par neela nishan pad jana phlebotomist ki carelessness nahi hai kya?,hinglish,healthcare,question,negative,diagnostics,phlebotomy_injury,high,none,moderate,none
HC760,Doctor ne 30 second me bina dekhe prescription likh diya ye kaisa checkup hai?,hinglish,healthcare,question,negative,doctor,rushed_checkup,high,none,moderate,none
HC761,Urgent blood report upload hone me 3 din lagna kya kisi patient ki jaan ke sath risk nahi hai?,hinglish,healthcare,question,negative,reports,dangerous_delay,high,none,moderate,none
HC762,Pharmacy wale ne doctor ke likhe brand ki jagah generic de diya bina bataye ye fraud kyu kiya?,hinglish,healthcare,question,negative,pharmacy,unauthorized_substitute,high,none,moderate,none
HC763,TPA desk discharge hone ke baad bhi claim approval me 6 ghante kyu lagata hai har baar?,hinglish,healthcare,question,negative,billing,tpa_harassment,high,none,moderate,none
HC764,Dawa delivery me galat dosage bhej di agar patient kha leta toh hospital responsibility leta kya?,hinglish,healthcare,question,negative,pharmacy,wrong_dosage,high,none,moderate,none
HC765,Hospital me parking fee 100 rupaye per hour charge karna patient ke relatives ke sath loot nahi hai?,hinglish,healthcare,question,negative,hospital,parking_loot,medium,none,moderate,none
HC766,bhai sach me maza aa gaya doctor ne pura time dekar dhyan se checkup kiya loving it,hinglish,healthcare,appreciation,positive,doctor,none,none,none,simple,none
HC767,yaar clinic me 2 ghante wait karne ke baad doctor bolta hai kal aana bilkul bekaar management,hinglish,healthcare,complaint,negative,hospital,waiting_delay,high,none,simple,none
HC768,bhai lab test booking number HC8821 note kar lo bas ispe blood report check kar lena,hinglish,healthcare,informational,neutral,reports,none,none,none,simple,none
HC769,bhai doctor ka ilaaj shandar tha par clinic me AC bilkul kaam nahi kar raha tha,hinglish,healthcare,complaint,mixed,hospital,ac_issue,low,none,simple,none
HC770,yaar pharmacy wale ne 500mg ki jagah 250mg bhej diya ab patient ko dosage ki dikkat hogi,hinglish,healthcare,complaint,negative,pharmacy,wrong_dosage,high,none,simple,none
HC771,bhai nursing staff bohot caring aur polite tha patient ko complete comfort diya,hinglish,healthcare,appreciation,positive,staff,none,none,none,simple,none
HC772,yaar blood test report me patient ka age aur gender galat print kar diya kaisa staff hai,hinglish,healthcare,complaint,negative,reports,demographic_error,high,none,simple,none
HC773,bhai digital prescription app me turant aa gaya pharmacy se medicine order karna easy ho gaya,hinglish,healthcare,appreciation,positive,app,none,none,none,simple,none
HC774,bas itna bata do radiology scan ka report aaj sham tak aayega ya kal subah milega,hinglish,healthcare,informational,neutral,reports,none,none,none,simple,none
HC775,yaar teleconsultation video me sound bilkul crack ho raha tha kuch samajh nahi aaya,hinglish,healthcare,complaint,negative,app,audio_lag,medium,none,simple,none
HC776,bhai home sample collection wale bhaiya ne bina kisi dard ke sample nikal liya super,hinglish,healthcare,appreciation,positive,diagnostics,none,none,none,simple,none
HC777,please mera TPA insurance claim approval expedite karwa do discharge ruka hua hai bhai,hinglish,healthcare,complaint,negative,billing,tpa_delay,high,none,simple,none
HC778,yaar consultation achhi thi par doctor ne bina zaroorat ke 4 costly scans likh diye,hinglish,healthcare,complaint,mixed,diagnostics,costly_scans,low,none,simple,none
HC779,bhai prescription record app me PDF format me download ho raha hai without error,hinglish,healthcare,informational,neutral,app,none,none,none,simple,none
HC780,acha discount mila tha medicine order par par delivery 24 ghante late aayi,hinglish,healthcare,complaint,mixed,pharmacy,delay,low,none,simple,none
HC781,Blood glucose test fasting reading recorded was 98 mg per dL at 8:00 AM.,english,healthcare,informational,neutral,diagnostics,none,none,none,simple,none
HC782,Cardiology outpatient department consultation operates Monday to Friday from 9 AM to 1 PM.,english,healthcare,informational,neutral,hospital,none,none,none,simple,none
HC783,Patient prescription includes tablet Paracetamol 650mg twice daily after meals.,english,healthcare,informational,neutral,pharmacy,none,none,none,simple,none
HC784,The MRI scan procedure duration was approximately 35 minutes inside room 4.,english,healthcare,informational,neutral,diagnostics,none,none,none,simple,none
HC785,Digital lab report verification QR code is printed on top right of the PDF.,english,healthcare,informational,neutral,reports,none,none,none,simple,none
HC786,Pathology laboratory ground floor wing B me reception ke opposite located hai.,hinglish,healthcare,informational,neutral,hospital,none,none,none,simple,none
HC787,Patient vital signs BP 120 by 80 aur pulse 72 recorded hua nursing chart me.,hinglish,healthcare,informational,neutral,doctor,none,none,none,simple,none
HC788,Pharmacy delivery parcel OTP verification ke baad security guard ko handover hua.,hinglish,healthcare,informational,neutral,pharmacy,none,none,none,simple,none
HC789,Hospital emergency ward 24 ghante open rehta hai acute care cases ke liye.,hinglish,healthcare,informational,neutral,hospital,none,none,none,simple,none
HC790,Medical claim settlement letter TPA portal se PDF format me dispatch kar diya gaya.,hinglish,healthcare,informational,neutral,billing,none,none,none,simple,none
HC791,"Great appointment scheduling, waiting three hours in clinic to see doctor for 40 seconds.",english,healthcare,complaint,negative,doctor,waiting_time,high,none,moderate,none
HC792,"Wonderful pharmacy, ordered fever medicines for a sick child and got them three days later.",english,healthcare,complaint,negative,pharmacy,late_medicine,high,none,moderate,none
HC793,"Thanks for the emergency response, ambulance arriving 90 minutes later is truly rapid.",english,healthcare,complaint,negative,ambulance,ambulance_delay,high,none,moderate,none
HC794,"Loved the blood test technique, turning both my arms blue and purple is a work of art.",english,healthcare,complaint,negative,diagnostics,bruised_arms,high,none,moderate,none
HC795,"Kamaal ka doctor consultation hai, problem batane se pehle hi 5 mehenge test likh diye.",hinglish,healthcare,complaint,negative,doctor,unnecessary_tests,high,none,moderate,none
HC796,"The doctor explained diagnosis well, but clinic reception refused to accept digital UPI payment.",english,healthcare,complaint,mixed,billing,no_upi,low,none,moderate,none
HC797,"Lab reports generated accurately, but the hospital portal forced a password change on every login.",english,healthcare,complaint,mixed,app,password_loop,low,none,moderate,none
HC798,Hospital patient registration number was tagged on the digital health card ID.,english,healthcare,informational,neutral,administration,none,none,none,moderate,none
HC799,"Chemist ne dawa ghar deliver ki, par syrup bottle ka measuring cap missing tha packet me.",hinglish,healthcare,complaint,mixed,pharmacy,missing_cap,low,none,moderate,none
HC800,Physiotherapy exercise appointment timing card reception counter par log kar diya gaya.,hinglish,healthcare,informational,neutral,administration,none,none,none,moderate,none
