id,text,language,service,behavior,sentiment,aspect,issue,severity,abuse,complexity,suggestion
TR001,"The deluxe room was spotless, linens smelled fresh, and balcony offered panoramic sunrise mountain views.",english,travel_hotels,appreciation,positive,room_cleanliness,none,none,none,simple,none
TR002,"The room interior was modern and spacious, but reception took forty-five minutes to process room keys during afternoon check-in.",english,travel_hotels,complaint,mixed,check_in,checkin_delay,medium,none,complex,"Streamline front desk check-in documentation"
TR003,"bhai 10 din ho gaye hotel booking cancel kiye hue abhi tak bank refund reflect nahi hua",hinglish,travel_hotels,complaint,negative,refund,refund_delay,high,none,moderate,"Process hotel cancellation refunds within committed timelines"
TR004,"Is complimentary early morning airport shuttle service included in the standard executive room tariff?",english,travel_hotels,question,neutral,amenities,none,none,none,moderate,none
TR005,"Buffet breakfast me hot idlis aur crispy vadas mast the service bhi attentive thi.",hinglish,travel_hotels,appreciation,positive,breakfast,none,none,none,simple,none
TR006,"Hotels should mention non-refundable deposit terms prominently before guests submit card details on checkout page.",english,travel_hotels,suggestion,neutral,cancellation,none,none,none,moderate,"Display cancellation terms prominently before payment"
TR007,"hotel refused check-in claiming full occupancy despite pre-paid confirmed booking voucher in hand, left stranded at midnight",english,travel_hotels,complaint,negative,booking,booking_failure,high,none,moderate,"Strictly prohibit overbooking confirmed hotel rooms"
TR008,"I wouldn't describe the property as uninviting, but the bathroom fixtures had severe lime scale and low water pressure.",english,travel_hotels,complaint,mixed,bathroom,bathroom_issue,low,none,complex,"Descale and service bathroom shower fixtures"
TR009,"flight was rescheduled by six hours without any email alert, missed pre-booked intercity connecting train completely",english,travel_hotels,complaint,negative,flight,flight_booking_issue,high,none,moderate,"Send immediate automated alerts for flight schedule changes"
TR010,"Arrived at New Delhi railway station executive lounge at 6:30 AM and checked into platform coach by 7:00 AM.",english,travel_hotels,informational,neutral,train,none,none,none,simple,none
TR011,"bhai front desk manager itna batameez aur arrogant hai room change request pe chillane laga idiot staff",hinglish,travel_hotels,complaint,negative,hotel_staff,poor_staff_behavior,high,mild,"Train hospitality staff in courteous conflict resolution"
TR012,"Housekeeping sanitized the room daily, replenished organic tea sachets, and kept soft towels neatly stacked.",english,travel_hotels,appreciation,positive,room_cleanliness,none,none,none,simple,none
TR013,"Can guests request late check-out until 3 PM without incurring full day room billing surcharges?",english,travel_hotels,question,neutral,check_out,none,none,none,moderate,none
TR014,"the hotel swimming pool water was murky green with strong algae odor, completely unusable for families",english,travel_hotels,complaint,negative,amenities,amenity_unavailable,medium,none,moderate,"Maintain continuous pool filtration and chemical balancing"
TR015,"intercity sleeper bus was cancelled two hours prior to midnight boarding leaving twenty passengers stranded on highway",english,travel_hotels,complaint,negative,bus,bus_booking_issue,high,none,simple,"Provide guaranteed replacement coaches for cancelled bus trips"
TR016,"bhai Wi-Fi signal room ke andar bilkul dead tha reception pe jake corridor me email check karni padi",hinglish,travel_hotels,complaint,negative,wifi,wifi_issue,medium,none,moderate,"Install access point boosters across all hotel corridors"
TR017,"The heritage haveli resort has breathtaking architecture, though the dining menu prices were considerably inflated for simple dal tadka.",english,travel_hotels,appreciation,mixed,price,high_price,low,none,moderate,none
TR018,"Travel booking platforms should allow filtering hotels strictly by verified soundproof room ratings.",english,travel_hotels,suggestion,neutral,hotel_room,none,none,none,moderate,"Introduce verified soundproof room search filters"
TR019,"bhai app pe round-trip flight booking execute ki payment deduct ho gayi par PNR ticket generate nahi hua",hinglish,travel_hotels,complaint,negative,flight,booking_failure,high,none,moderate,"Automate immediate PNR generation or instant refund"
TR020,"The hotel concierge arranged an early morning packed breakfast box and booked verified local taxi to sunrise viewpoint.",english,travel_hotels,appreciation,positive,hospitality,none,none,none,moderate,none
TR021,"Although the mountain resort location was serene, the room heater stopped functioning during sub-zero night temperatures.",english,travel_hotels,complaint,mixed,amenities,amenity_unavailable,medium,none,complex,"Ensure backup heating units in high-altitude resort rooms"
TR022,"dirty stained bedsheets with hair strands and damp musty pillow covers straight out of laundry pile disgusting hygiene",english,travel_hotels,complaint,negative,room_cleanliness,dirty_room,high,none,moderate,"Enforce strict linen inspection before dressing beds"
TR023,"checked into budget hotel near railway station at 12 noon, paid 1400 rupees including basic tax invoice.",hinglish,travel_hotels,informational,neutral,hotel_room,none,none,none,simple,none
TR024,"Does this beachside resort offer wheelchair accessible pathways from cottages directly to the private shore?",english,travel_hotels,question,neutral,amenities,none,none,none,moderate,none
TR025,"Pathetic fraud hotel took advance tariff online and when reached location building was an abandoned construction site bloody thieves",english,travel_hotels,complaint,negative,booking,booking_failure,high,severe,"Physically audit listed hotel properties on booking portals"
TR026,"resort staff ne kids ke liye complimentary hot milk aur extra blankets arrange karwaye very caring hospitality",hinglish,travel_hotels,appreciation,positive,hospitality,none,none,none,simple,none
TR027,"I wouldn't say the budget hotel was unlivable, but the room lacked any exterior window making ventilation stuffy.",english,travel_hotels,complaint,mixed,hotel_room,small_room,low,none,complex,"Specify windowless room configurations clearly in listings"
TR028,"Smooth express check-out, settled minibar charges digitally via UPI, invoice emailed within three minutes.",english,travel_hotels,appreciation,positive,check_out,none,none,none,moderate,none
TR029,"kya domestic flight booking me infant lap baggage allowance free of charge included hota hai?",hinglish,travel_hotels,question,neutral,flight,none,none,none,simple,none
TR030,"Receptionist was extremely dismissive, scrolled personal phone while guests waited for keycards, and gave incorrect breakfast timings.",english,travel_hotels,complaint,negative,reception,poor_staff_behavior,medium,mild,"Ensure front desk staff remain attentive to arriving guests"
TR031,"Air conditioner leaked water continuously onto the bedroom carpet, creating an unpleasant squelching odor throughout our stay.",english,travel_hotels,complaint,negative,hotel_room,room_cleanliness,medium,none,moderate,"Service internal AC drain pipes before guest check-in"
TR032,"Booking application crashed during festival weekend flash sale and deducted money twice without confirming hotel voucher.",english,travel_hotels,complaint,negative,payment,payment_issue,high,none,complex,"Stabilize payment gateway session handling on travel apps"
TR033,"The hotel food was delicious and authentic, although the kitchen took over sixty minutes to deliver a simple club sandwich to room.",english,travel_hotels,appreciation,mixed,food,food_quality,low,none,complex,"Improve in-room dining preparation and delivery speed"
TR034,"bhai sleeper bus seat number confirm tha par conductor ne boarding pe bola seat kisi aur ko bech di",hinglish,travel_hotels,complaint,negative,bus,bus_booking_issue,high,none,moderate,"Enforce strict seat reservations on intercity bus charters"
CB035,"Zero noise pollution in the forest cottages, clean bathroom, hot water geyser worked flawlessly, serene jungle retreat.",english,travel_hotels,appreciation,positive,hotel_room,none,none,none,moderate,none
TR036,"kya hotel restaurant outside food delivery parcels accept karke room tak deliver karta hai?",hinglish,travel_hotels,question,neutral,food,none,none,none,moderate,none
TR037,"The resort bellhop helped load our bulky photography tripods onto the airport cab with great care and smiling demeanor.",english,travel_hotels,appreciation,positive,hotel_staff,none,none,none,complex,none
TR038,"High-speed complimentary Wi-Fi reached 80 Mbps across all garden cottages, making remote work seamless.",english,travel_hotels,appreciation,positive,wifi,none,none,none,moderate,none
TR039,"Cockroaches crawling on the bedside table and bathroom washbasin, appalling lack of basic pest control.",english,travel_hotels,complaint,negative,room_cleanliness,dirty_room,high,none,moderate,"Implement mandatory monthly pest control across hotel rooms"
TR040,"room clean tha but checkin bhut late hua 2 ghante lobby me wait kiya",hinglish,travel_hotels,complaint,negative,check_in,checkin_delay,medium,none,simple,"Ensure rooms are readied by standard check-in hour"
TR041,"While the hotel is situated right next to the beach, the constant blaring music from adjoining beach shacks prevented all sleep.",english,travel_hotels,complaint,mixed,location,poor_location,medium,none,complex,"Install double-glazed acoustic soundproof windows"
TR042,"Can customer support assist with changing passenger names on booked train tickets due to minor spelling error?",english,travel_hotels,question,neutral,train,none,none,none,moderate,none
TR043,"room tariff 4500 rupay tha par room size itna chota tha ki do suitcases kholne ki jagah nahi thi",hinglish,travel_hotels,complaint,negative,room_size,small_room,medium,none,simple,"Provide accurate square-footage measurements on room cards"
TR044,"Everything was pleasant until we discovered the bathroom geyser tripped the electrical breaker whenever turned on.",english,travel_hotels,complaint,mixed,bathroom,bathroom_issue,medium,none,moderate,"Inspect high-draw electrical circuits in guest bathrooms"
TR045,"Hotel booking websites should show real unedited guest photos alongside professional staging pictures.",english,travel_hotels,suggestion,neutral,website,none,none,none,moderate,"Feature unedited verified guest photographs prominently"
TR046,"the hotel elevator was broken throughout our stay, forcing elderly relatives to climb four flights of narrow stairs",english,travel_hotels,complaint,negative,amenities,amenity_unavailable,high,none,simple,"Maintain continuous elevator upkeep in multi-storey hotels"
TR047,"bhaiya cab driver ne airport terminal 2 pe gate number 4 ke samne drop kiya bilkul hassle free journey",hinglish,travel_hotels,appreciation,positive,travel_booking,none,none,none,moderate,none
TR048,"Is complimentary airport transfer included for guests booking executive suites for three consecutive nights?",english,travel_hotels,question,neutral,airport,none,none,none,moderate,none
TR049,"Room was spacious, buffet breakfast options weren't.",english,travel_hotels,complaint,mixed,breakfast,breakfast_issue,low,none,simple,"Expand breakfast buffet spread variety"
TR050,"terrible experience hotel staff entered room without knocking while guests were changing privacy completely violated disgusting perverts",hinglish,travel_hotels,complaint,negative,hospitality,poor_staff_behavior,high,severe,"Enforce strict knock-and-announce protocols for housekeeping"
TR051,"Flight departed on time, cabin crew was attentive, and luggage was delivered onto carousel within fifteen minutes of landing.",english,travel_hotels,appreciation,positive,flight,none,none,none,simple,none
TR052,"bhai hotel ne bina bataye booking cancel kardi jab hum hill station pahunch gaye the family ke sath torture",hinglish,travel_hotels,complaint,negative,booking,booking_failure,high,none,moderate,"Prohibit last-minute unilateral hotel booking cancellations"
TR053,"Honestly, I expected a dingy budget motel given the pricing, but the room was freshly painted, fragrant, and sparkling clean.",english,travel_hotels,appreciation,mixed,room_cleanliness,none,none,none,complex,none
TR054,"Travel portal shows confirmed seat selection for flight but boarding passes issued at counter had split middle seats.",english,travel_hotels,complaint,negative,flight,flight_booking_issue,medium,none,moderate,"Sync airline seat allocations accurately with travel portals"
TR055,"kya hotel me early morning check-in ke liye hourly charges apply hote hain?",hinglish,travel_hotels,question,neutral,check_in,none,none,none,moderate,none
TR056,"Bathroom had no running hot water during winter mornings, and reception offered a single lukewarm bucket after three hours of pleading.",english,travel_hotels,complaint,negative,bathroom,bathroom_issue,high,none,moderate,"Ensure 24/7 central hot water availability in cold climates"
TR057,"The boutique resort garden is filled with blooming orchids, quiet hammocks, and offers peaceful morning yoga sessions.",english,travel_hotels,appreciation,positive,amenities,none,none,none,moderate,none
TR058,"Flight booking apps should display aircraft legroom dimensions in inches before seat selection is confirmed.",english,travel_hotels,suggestion,neutral,app,none,none,none,moderate,"Display seat pitch and legroom dimensions on flight apps"
TR059,"sleeper bus operator skipped designated city pickup point without calling passengers and refused refund arrogant thugs",english,travel_hotels,complaint,negative,bus,bus_booking_issue,high,mild,"Mandate passenger phone contact before bus departures"
TR060,"The heritage palace hotel has regal charm, though the rooms are poorly lit with very dim decorative wall sconces.",english,travel_hotels,appreciation,mixed,hotel_room,none,low,none,moderate,"Install adequate reading lights in heritage hotel rooms"
TR061,"refund kab tak ayega?? flight cancel huye 3 hafte ho gye customer support ghuma rha h",hinglish,travel_hotels,question,negative,refund,refund_delay,medium,none,simple,"Expedite flight cancellation refunds directly to source"
TR062,"Glass water bottles provided in guest rooms instead of single-use plastic, commendable sustainable hospitality standard.",english,travel_hotels,appreciation,positive,amenities,none,none,none,simple,none
TR063,"Customer care helpline kept playing recorded music for thirty-five minutes before disconnecting call without agent interaction.",english,travel_hotels,complaint,negative,customer_support,support_delay,medium,none,moderate,"Reduce phone queue holding times on travel helplines"
TR064,"hotel checkout bill me mini bar ke charges add kar diye jabki humne fridge open bhi nahi kiya tha",hinglish,travel_hotels,complaint,negative,payment,payment_issue,medium,none,moderate,"Verify minibar inventory before issuing final checkout bills"
TR065,"Are luggage storage lockers available at the hotel lobby free of charge after midday check-out?",english,travel_hotels,question,neutral,amenities,none,none,none,moderate,none
TR066,"Front desk clerk demanded extra cash for tourist tax despite voucher explicitly showing all municipal taxes pre-paid.",english,travel_hotels,complaint,negative,reception,payment_issue,low,none,moderate,"Prevent local hotel desks from demanding pre-paid taxes"
TR067,"The homestay hosts treated us like family, served hot homemade parathas, and suggested unexplored trekking paths.",english,travel_hotels,appreciation,positive,hospitality,none,none,none,moderate,none
TR068,"bhai complimentary breakfast include tha package me par subah bola 9 baje buffet band ho gaya breakfast mila hi nahi",hinglish,travel_hotels,complaint,negative,breakfast,breakfast_issue,medium,none,moderate,"Extend breakfast buffet timings to 10:30 AM"
TR069,"The hotel architecture is stunning and staff is warm, although the Wi-Fi speed was barely 1 Mbps, making video calls impossible.",english,travel_hotels,complaint,mixed,wifi,wifi_issue,medium,none,complex,"Upgrade commercial internet bandwidth across property"
TR070,"How many business days does it take for hotel security deposit blocks on credit cards to release after check-out?",english,travel_hotels,question,neutral,payment,none,none,none,moderate,none
TR071,"Raw sewage overflowed from the bathroom floor drain into the bedroom during morning showers, intolerable health hazard.",english,travel_hotels,complaint,negative,bathroom,bathroom_issue,high,none,moderate,"Inspect and unblock hotel plumbing drainage lines"
TR072,"resort was located near scenic valley but room air conditioner was noisy and rattled all night",english,travel_hotels,complaint,mixed,hotel_room,amenity_unavailable,low,none,simple,"Service noisy air conditioning units in guest rooms"
TR073,"subah 7 baje train arrive hui hotel ne bina extra charge early check-in de diya great experience",hinglish,travel_hotels,appreciation,positive,check_in,none,none,none,simple,none
TR074,"Hotels should offer late check-out options bookable directly through mobile applications at hourly rates.",english,travel_hotels,suggestion,neutral,check_out,none,none,none,moderate,"Introduce hourly late check-out booking on mobile app"
TR075,"washroom me tap water yellow aur muddy aa raha tha basic clean water ki kami thi",hinglish,travel_hotels,complaint,negative,bathroom,bathroom_issue,high,none,simple,"Install multi-stage water filtration plants at hotels"
TR076,"Intercity train was delayed by seven hours without pantry car supplies, passengers left without drinking water or meals.",english,travel_hotels,complaint,negative,train,travel_delay,high,none,moderate,"Ensure pantry emergency food reserves during train delays"
TR077,"The front office manager upgraded our anniversary reservation to a luxury oceanfront villa with complimentary fruit basket.",english,travel_hotels,appreciation,positive,hospitality,none,none,none,moderate,none
TR078,"Does the hotel kitchen prepare pure vegetarian Jain meals using separate cookware upon prior request?",english,travel_hotels,question,neutral,food,none,none,none,moderate,none
TR079,"I wouldn't call the flight journey terrible, but the seat pitch in the rear rows was noticeably cramped for a three-hour journey.",english,travel_hotels,complaint,mixed,flight,flight_booking_issue,low,none,complex,none
TR080,"hotel desk sold our confirmed room to walking cash customers and threw luggage on street shameless criminal management",english,travel_hotels,complaint,negative,booking,booking_failure,high,severe,"Prosecute hoteliers selling pre-paid confirmed rooms to walk-ins"
TR081,"Express baggage tagging at terminal, priority boarding completed smoothly, comfortable reclining seats, perfect domestic flight.",english,travel_hotels,appreciation,positive,flight,none,none,none,simple,none
TR082,"app me hotel location map pin 4 km galat thi raste me raat ko bhatakna pada fix this navigation glitch",hinglish,travel_hotels,complaint,negative,app,app_issue,medium,none,simple,"Verify exact hotel map pins before publishing on apps"
TR083,"The tea estate bungalow offers tranquil atmosphere, though the narrow mountain access road is dangerous and poorly paved.",english,travel_hotels,appreciation,mixed,location,poor_location,none,none,complex,"Provide clear road condition advisories for mountain resorts"
TR084,"Are pet dogs permitted in outdoor lawn areas of the resort with advance veterinary vaccine certificates?",english,travel_hotels,question,neutral,amenities,none,none,none,moderate,none
TR085,"bhai hotel pool me chlorine itna zyada tha ki skin me burning aur eyes me redness ho gayi",hinglish,travel_hotels,complaint,negative,amenities,amenity_unavailable,low,none,moderate,"Monitor pool chemical concentrations according to standards"
TR086,"Hot shower with powerful water pressure, plush branded toiletries, and soft waffle bathrobes made the stay rejuvenating.",english,travel_hotels,appreciation,positive,bathroom,none,none,none,simple,none
TR087,"Please introduce an option on flight portals to filter out regional flights operated by turboprop aircraft.",english,travel_hotels,suggestion,neutral,flight,none,none,none,moderate,"Add turboprop filter on flight booking search engines"
TR088,"worst bus travel ever sleeper coach AC was leaking water directly onto face all night driver refused to stop or help",english,travel_hotels,complaint,negative,bus,bus_booking_issue,high,mild,"Service air conditioning ducts in sleeper buses regularly"
TR089,"booked deluxe sea view room received ground floor room facing brick wall and garbage bins",hinglish,travel_hotels,complaint,negative,hotel_room,wrong_booking_details,medium,none,simple,"Honor booked room categories and advertised views"
TR090,"A pleasant weekend stay, arrived at mountain homestay at 1 PM, evening tea served on terrace, serene departure next morning.",english,travel_hotels,informational,positive,hospitality,none,none,none,simple,none
TR091,"bhai food taste accha tha par room service meal deliver karne me 50 minute laga deti hai",hinglish,travel_hotels,suggestion,mixed,food,food_quality,low,none,moderate,"Accelerate room service food delivery turnaround"
TR092,"Why did the hotel charge an additional five hundred rupees for a baby cot that was advertised as complimentary online?",english,travel_hotels,question,negative,price,high_price,medium,none,moderate,"Honor advertised complimentary amenities without extra fees"
TR093,"The resort infinity pool overlooks lush green valley, water was heated to perfection, very relaxing afternoon.",english,travel_hotels,appreciation,positive,amenities,none,none,none,moderate,none
TR094,"bhai hotel receptionist ne ID card scan karne ke baad wapas return karna bhool gaya raste me yaad aaya",hinglish,travel_hotels,complaint,negative,reception,poor_staff_behavior,medium,none,moderate,"Return guest government IDs immediately after scanning"
TR095,"Not the most modern bathroom fittings, but the room was impeccably clean and hot water was available all twenty-four hours.",english,travel_hotels,informational,mixed,bathroom,none,low,none,complex,none
TR096,"flight cancelled due to technical snag, airline left passengers sitting inside suffocating aircraft on tarmac for four hours",english,travel_hotels,complaint,negative,flight,flight_booking_issue,high,none,moderate,"Deplane passengers promptly during prolonged tarmac delays"
TR097,"hotel ne luggage storage facility free me di check-out ke baad pura din city explore kar sake great service",hinglish,travel_hotels,appreciation,positive,amenities,none,none,none,simple,none
TR098,"Can international foreign tourists purchase domestic railway tatkal quota tickets online using international credit cards?",english,travel_hotels,question,neutral,train,none,none,none,moderate,none
TR099,"Exemplary hospitality by the resort manager, arranged private candle-light dinner on beach for my parents' fiftieth anniversary.",english,travel_hotels,appreciation,positive,hospitality,none,none,none,simple,none
TR100,"bhai hotel room door lock broken tha night me safety ka dar laga raha complain karne par bola adjustment kar lo",hinglish,travel_hotels,complaint,negative,hotel_room,poor_hospitality,medium,none,moderate,"Repair broken door locks before assigning rooms to guests"
TR101,"Bed mattress had sunken springs that dug painfully into back, resulting in severe morning stiffness and ruined trek day.",english,travel_hotels,complaint,negative,hotel_room,poor_hospitality,medium,none,moderate,"Replace worn out spring mattresses in hotel rooms"
TR102,"breakfast buffet had extensive choices from south Indian dosas to continental eggs, freshly prepared and piping hot.",english,travel_hotels,appreciation,positive,breakfast,none,none,none,simple,none
TR103,"bhai room me telephone dead tha room service call karne ke liye har baar reception jana pada",hinglish,travel_hotels,complaint,negative,amenities,amenity_unavailable,medium,none,simple,"Check internal intercom phone functionality before check-in"
TR104,"Please mention the exact distance from airport and closest metro station on hotel confirmation voucher emails.",english,travel_hotels,suggestion,neutral,booking_confirmation,none,none,none,moderate,"Include transit station distances on booking vouchers"
TR105,"Where do I submit railway cancellation compensation forms if ticket was cancelled after chart preparation?",english,travel_hotels,question,neutral,train,none,none,none,moderate,none
TR106,"Super quick turnaround, checked in through self-service touchscreen kiosk at airport, baggage dropped in under four minutes.",english,travel_hotels,appreciation,positive,airport,none,none,none,simple,none
TR107,"The hotel room was filled with cigarette stench and ash was left inside wardrobe drawers despite booking strict non-smoking floor.",english,travel_hotels,complaint,negative,room_cleanliness,dirty_room,medium,none,moderate,"Enforce non-smoking rules with deep ozone cleaning"
TR108,"bhai complimentary airport drop promise kiya tha booking ke waqt par morning me bola cab driver available nahi hai",hinglish,travel_hotels,complaint,negative,airport,amenity_unavailable,medium,none,simple,"Honor pre-booked airport shuttle commitments reliably"
TR109,"While the heritage resort rooms were beautifully restored, the Wi-Fi connectivity failed to penetrate thick stone walls.",english,travel_hotels,complaint,mixed,wifi,wifi_issue,low,none,complex,"Install in-room Wi-Fi access points in heritage stone buildings"
TR110,"The concierge guided our family through local street food walking trails, recommending clean stalls with authentic local delicacies.",english,travel_hotels,appreciation,positive,hotel_staff,none,none,none,moderate,none
TR111,"refund for cancelled flight seat selection fee was credited back to bank account within forty-eight hours seamlessly.",english,travel_hotels,appreciation,positive,refund,none,none,none,moderate,none
TR112,"hotel lift was broken for three days carrying heavy suitcases up 4th floor was exhausting zero staff assistance",hinglish,travel_hotels,complaint,negative,amenities,amenity_unavailable,medium,none,simple,"Provide porter assistance when hotel elevators break down"
TR113,"Why is an extra resort amenity fee charged separately at check-out when the booking was marked all-inclusive online?",english,travel_hotels,question,negative,price,high_price,medium,none,moderate,"Abolish hidden resort fees on all-inclusive bookings"
TR114,"Allow guests to select specific quiet room preferences away from elevators and banquet halls during digital check-in.",english,travel_hotels,suggestion,neutral,hotel_room,none,none,none,moderate,"Enable room location preference selection on check-in apps"
TR115,"The room was spacious and clean, but the television cable channels were completely disconnected and remote had dead batteries.",english,travel_hotels,complaint,mixed,amenities,amenity_unavailable,low,none,moderate,"Ensure in-room entertainment systems are operational before check-in"
TR116,"bhai intercity train me AC coach me cockroaches ghum rahe the berth pe hygiene standards bilkul third class",hinglish,travel_hotels,complaint,negative,train,travel_delay,high,none,simple,"Enforce pest control across passenger railway coaches"
TR117,"Warm and personalized welcome, traditional sandalwood tika ceremony at entrance, and refreshing coconut water on arrival.",english,travel_hotels,appreciation,positive,hospitality,none,none,none,moderate,none
TR118,"hotel security guard misbehaved violently with female guests questioning night entry rules disgusting uncivilized staff",english,travel_hotels,complaint,negative,hotel_staff,poor_staff_behavior,high,severe,"Train security personnel in polite and professional conduct"
TR119,"Can airline passengers carry home-cooked packaged dry snacks through domestic security check gates?",english,travel_hotels,question,neutral,airport,none,none,none,moderate,none
TR120,"check-in smoothly complete ho gaya receptionist ne smile ke sath welcome drink offer ki aur luggage room me pahunchaya",hinglish,travel_hotels,appreciation,positive,check_in,none,none,none,simple,none
TR121,"The hotel terrace restaurant has a splendid view of the fort, though the dinner food was heavily salted and cold.",english,travel_hotels,complaint,mixed,food,food_quality,low,none,moderate,"Ensure food from rooftop kitchens is served hot"
TR122,"fraud hotel took advance booking online then denied room saying hotel is permanently shut down daylight robbery",english,travel_hotels,complaint,negative,booking,booking_failure,high,severe,"De-list non-operational properties from travel portals"
TR123,"Include an option on hotel booking platforms to filter properties that provide dedicated electric vehicle fast chargers.",english,travel_hotels,suggestion,neutral,website,none,none,none,moderate,"Add EV charger amenity filter on hotel portals"
TR124,"soundproof windows in hotel room ensured complete tranquility despite busy railway junction nearby, slept peacefully.",english,travel_hotels,appreciation,positive,hotel_room,none,none,none,simple,none
TR125,"bhai flight booking me meal add ki thi par flight me crew bola list me meal missing hai khana nahi mila",hinglish,travel_hotels,complaint,negative,flight,flight_booking_issue,medium,none,simple,"Sync pre-paid ancillary meal bookings with airline catering manifests"
TR126,"Is late night check-in after 2 AM permitted if guest informs front desk via email twenty-four hours prior?",english,travel_hotels,question,neutral,check_in,none,none,none,moderate,none
TR127,"I was checked into an uncleaned room where previous guest's dirty laundry and wet towels were still lying on floor.",english,travel_hotels,complaint,negative,room_cleanliness,dirty_room,high,none,moderate,"Inspect rooms physically before releasing keys to incoming guests"
TR128,"Smooth intercity bus journey, air suspension absorbed highway bumps, reclining seats were comfortable, reached on time.",english,travel_hotels,appreciation,positive,bus,none,none,none,simple,none
TR129,"bhaiya hotel valet driver ne car safely park ki aur luggage trolley room tak pahunchayi very helpful boy",hinglish,travel_hotels,appreciation,positive,hotel_staff,none,none,none,simple,none
TR130,"The hotel room was tastefully decorated, although the glass bathroom door lacked frosting, creating zero visual privacy.",english,travel_hotels,complaint,mixed,bathroom,bathroom_issue,low,none,complex,"Install frosted privacy film on transparent bathroom doors"
TR131,"airline lost my checked-in luggage containing vital wedding attire, ground staff gave callous response without tracing baggage",english,travel_hotels,complaint,negative,flight,flight_booking_issue,high,none,moderate,"Improve automated baggage tracing and passenger communication"
TR132,"kya hotel me early morning packed breakfast arrange ho sakta hai agar 6 AM airport checkout ho?",hinglish,travel_hotels,question,neutral,breakfast,none,none,none,moderate,none
TR133,"Clean swimming pool, sanitized sun loungers, fresh towels provided instantly by attendant, very pleasant holiday afternoon.",english,travel_hotels,appreciation,positive,amenities,none,none,none,moderate,none
TR134,"water heater in the bathroom blew smoke and sparked violently when turned on, terrifying electrical safety hazard",english,travel_hotels,complaint,negative,bathroom,bathroom_issue,high,none,moderate,"Conduct regular electrical safety audits on bathroom geysers"
TR135,"bhai room service ne wrong order deliver kiya aur cold food wapas lene se mana kar diya poor management",hinglish,travel_hotels,complaint,negative,food,food_quality,medium,none,moderate,"Ensure room service orders match kitchen order tickets"
TR136,"Hotels should mention swimming pool operational hours and mandatory costume dress codes clearly on confirmation vouchers.",english,travel_hotels,suggestion,neutral,amenities,none,none,none,moderate,"Include pool operational rules on booking vouchers"
TR137,"The homestay wooden cottage stayed naturally warm during winter, host arranged bonfire and served fragrant local herbal tea.",english,travel_hotels,appreciation,positive,hospitality,none,none,none,moderate,none
TR138,"How can an international passenger claim GST refunds on hotel stays booked through foreign corporate travel accounts?",english,travel_hotels,question,neutral,payment,none,none,none,simple,none
TR139,"hotel stay was okay okay type but room was quite noisy due to continuous traffic sounds from adjoining flyover",hinglish,travel_hotels,complaint,mixed,location,poor_location,low,none,simple,none
TR140,"The front desk clerk was exceptionally polite, provided maps of town, arranged scooter rental, and gave excellent restaurant tips.",english,travel_hotels,appreciation,positive,hotel_staff,none,none,none,moderate,none
TR141,"bhai sleeper bus engine overheat ho gaya highway pe 3 ghante dhoop me khade rahe dusri bus arrange nahi ki",hinglish,travel_hotels,complaint,negative,bus,bus_booking_issue,high,none,simple,"Maintain intercity bus fleets to prevent highway breakdowns"
TR142,"Never staying at this filthy lodge again bedbugs bit all over legs blood stains on mattress unbearable torture",english,travel_hotels,complaint,negative,room_cleanliness,dirty_room,high,severe,"Perform professional extermination for bedbugs immediately"
TR143,"Is local state identity card accepted as valid residential address proof for booking government guest houses?",english,travel_hotels,question,neutral,booking,none,none,none,moderate,none
TR144,"Spotless executive lounge, high-speed Wi-Fi, fresh coffee bean machine, quiet meeting rooms, perfect business travel setup.",english,travel_hotels,appreciation,positive,amenities,none,none,none,simple,none
TR145,"The room was well furnished, but the bathroom exhaust fan made an unbearable loud grinding noise when switched on.",english,travel_hotels,complaint,mixed,bathroom,bathroom_issue,low,none,moderate,"Replace noisy bathroom ventilation fans"
TR146,"bhai train ticket auto-cancellation refund deduct ho gaya par 14 din se bank account me nahi aaya support phone nahi uthata",hinglish,travel_hotels,complaint,negative,refund,refund_delay,medium,none,moderate,"Ensure automated refunds for cancelled railway tickets within 48 hours"
TR147,"Great view of the snow peaks from balcony overall, though the television cable had only three working regional channels.",english,travel_hotels,informational,mixed,amenities,none,low,none,simple,none
TR148,"Customer care desk took eight days to rectify an incorrect room billing dispute where breakfast was billed twice.",english,travel_hotels,complaint,negative,customer_support,support_delay,medium,none,moderate,"Resolve billing dispute tickets within twenty-four hours"
TR149,"resort location ekdum peaceful jungle ke beech me tha morning birds chirping sunke maza aa gaya",hinglish,travel_hotels,appreciation,positive,location,none,none,none,simple,none
TR150,"Travel platforms should provide transparent seat layout maps showing exact window alignment on passenger buses.",english,travel_hotels,suggestion,neutral,bus,none,none,none,moderate,"Display accurate window alignment diagrams on bus booking maps"
TR151,"bhai room me electric kettle kharab thi tea bags provide kiye par hot water bananey ka koi option nahi tha",hinglish,travel_hotels,complaint,negative,amenities,amenity_unavailable,low,none,simple,"Inspect electric kettles in guest rooms before check-in"
TR152,"The hotel gym was well equipped with free weights, functional treadmill, clean towels, and chilled water dispenser.",english,travel_hotels,appreciation,positive,amenities,none,none,none,moderate,none
TR153,"Does the resort provide safe luggage storage facilities with lockers for guests checking out before midnight flights?",english,travel_hotels,question,neutral,amenities,none,none,none,moderate,none
TR154,"The room was spacious and clean, but the hotel is located deep inside an unpaved narrow alley with zero taxi access.",english,travel_hotels,complaint,mixed,location,poor_location,low,none,simple,none
TR155,"bhai train booking confirm dikhayi thi portal pe par chart prepare hone pe waitlist number bhej diya dhokha hai",hinglish,travel_hotels,complaint,negative,train,train_booking_issue,high,none,moderate,"Display realistic confirmation probability metrics on train portals"
TR156,"Self-check-in baggage drops at airport were seamless, barcode scanned in two seconds, bag tagged and loaded accurately.",english,travel_hotels,appreciation,positive,airport,none,none,none,moderate,none
TR157,"terrible hotel service, receptionist refused to honor booking voucher claiming portal rate was too low and demanded double cash",english,travel_hotels,complaint,negative,reception,payment_issue,medium,none,moderate,"Penalize hotels refusing to honor confirmed portal rates"
TR158,"bhai flight me pilot ne smooth landing ki zero turbulence tha cabin crew ne water instantly serve kiya",hinglish,travel_hotels,appreciation,positive,flight,none,none,none,simple,none
TR159,"Does this airport transit hotel provide short-stay three-hour sleeping pod bookings inside international transit zones?",english,travel_hotels,question,neutral,hotel_room,none,none,none,complex,none
TR160,"Hotel front desk clerk was hostile, refused to explain WiFi password, and argued when asked for an extra room keycard.",english,travel_hotels,complaint,negative,reception,poor_staff_behavior,medium,mild,"Ensure front desk staff provide basic amenities politely"
TR161,"The seaside cottage has magnificent ocean views, though the sea breeze caused salt corrosion on door hinges making them stick.",english,travel_hotels,complaint,mixed,hotel_room,none,low,none,moderate,"Lubricate exterior hinges on seaside cottages regularly"
TR162,"spotless hotel room, fresh white bedsheets, clean towels, working AC, polite housekeeping, very satisfying business trip.",english,travel_hotels,appreciation,positive,room_cleanliness,none,none,none,simple,none
TR163,"bhai travel package me sightseeing bus included thi par morning me bolte hain bus kharab hai khud cab kar lo cheat",hinglish,travel_hotels,complaint,negative,travel_booking,travel_delay,medium,mild,"Provide guaranteed backup vehicles for tour packages"
TR164,"Provide an option on hotel booking apps to request ground floor rooms specifically for elderly travelers with joint pain.",english,travel_hotels,suggestion,neutral,app,none,none,none,moderate,"Add ground floor room accessibility request filter"
TR165,"How can an international traveller verify if a hotel has mandatory Foreigner Regional Registration Office filing facilities?",english,travel_hotels,question,neutral,hotel_staff,none,none,none,simple,none
TR166,"Super fast check-out, settled restaurant charges via QR code, room was checked in two minutes, seamless departure.",english,travel_hotels,appreciation,positive,check_out,none,none,none,moderate,none
TR167,"bhai hotel swimming pool me timing 7 PM tak thi office ke baad guests pool use hi nahi kar sakte timing extend karo",hinglish,travel_hotels,complaint,negative,amenities,amenity_unavailable,medium,none,moderate,"Extend swimming pool hours until 9 PM for business guests"
TR168,"The resort was scenic and staff was polite, though the in-room telephone took fifteen rings before anyone answered.",english,travel_hotels,informational,neutral,hotel_staff,none,low,none,simple,none
TR169,"window latch was completely broken in ground floor room, allowing any outsider to slide window open from exterior alley unsafe",english,travel_hotels,complaint,negative,hotel_room,poor_hospitality,high,none,moderate,"Repair broken window latches to ensure guest safety"
TR170,"Chauffeur arranged by hotel arrived in clean white uniform, drove carefully on winding hill roads, and avoided abrupt braking.",english,travel_hotels,appreciation,positive,hotel_staff,none,none,none,complex,none
TR171,"bhai flight booking me luggage add on kiya tha counter pe bola system me update nahi hai 2000 extra charge kiya",hinglish,travel_hotels,complaint,negative,flight,flight_booking_issue,medium,none,moderate,"Sync baggage add-on purchases with airline check-in systems"
TR172,"Although the hotel garden was peaceful and well manicured, the banquet hall directly beneath our floor hosted loud party until 2 AM.",english,travel_hotels,complaint,mixed,location,poor_location,medium,none,complex,"Enforce strict sound curfews on hotel banquet halls"
TR173,"Customer support desk issued a partial refund within forty-eight hours for non-functioning AC in deluxe room without dispute.",english,travel_hotels,appreciation,positive,refund,none,none,none,moderate,none
TR174,"bhai sleeper bus driver ne pure raste rash driving ki multiple near-accidents huye passenger safety zero thi",hinglish,travel_hotels,complaint,negative,bus,bus_booking_issue,high,none,simple,"Install speed monitors and track driving behavior on buses"
TR175,"Hotels should provide universal plug sockets near bedside tables to support international laptop and phone chargers.",english,travel_hotels,suggestion,neutral,amenities,none,none,none,moderate,"Install universal bedside power outlets in guest rooms"
TR176,"Is the hotel property audited and certified compliant with national fire escape safety standards?",english,travel_hotels,question,neutral,amenities,none,none,none,moderate,none
TR177,"Immaculate suite, jacuzzi was clean, fresh lavender fragrance, responsive room service, perfect romantic getaway.",english,travel_hotels,appreciation,positive,hotel_room,none,none,none,simple,none
TR178,"bhai hotel reception ne advance cash payment lene ke baad computer bill dene se mana kar diya handwritten kacchi receipt di",hinglish,travel_hotels,complaint,negative,payment,payment_issue,high,none,moderate,"Mandate computerized GST invoices for all cash room payments"
TR179,"The food was flavourful, but the dining restaurant was packed and took thirty minutes just to bring drinking water to the table.",english,travel_hotels,complaint,mixed,food,food_quality,low,none,moderate,"Increase dining floor waitstaff during peak dinner hours"
TR180,"hotel manager verbally abused my elderly father over accidental coffee spill on tablecloth disgusting uncivilized goons",english,travel_hotels,complaint,negative,hotel_staff,poor_staff_behavior,high,severe,"Train hotel management in polite hospitality behavior"
TR181,"The airport lounge was serene, hot gourmet snacks served, boarding gate announcements were clear, very relaxing layover.",english,travel_hotels,appreciation,positive,airport,none,none,none,moderate,none
TR182,"kya interstate tourist luxury buses me mobile charging points har berth pe working rehte hain?",hinglish,travel_hotels,question,neutral,bus,none,none,none,simple,none
TR183,"Hotel doorman greeted warmly with folded hands, assisted elderly parents with wheelchairs, and escorted us to reception.",english,travel_hotels,appreciation,positive,hotel_staff,none,none,none,simple,none
TR184,"room was freezing cold because window glass had gap of two inches, cold wind howled all night, no extra blankets provided",english,travel_hotels,complaint,negative,hotel_room,poor_hospitality,high,none,moderate,"Seal window gaps in mountain resort hotels"
TR185,"bhai room me mirror lighting itni dim thi ki shaving ya makeup karna impossible ho gaya",hinglish,travel_hotels,complaint,negative,bathroom,bathroom_issue,low,none,simple,"Install bright task lighting around bathroom vanities"
TR186,"Can travel apps introduce a split-fare option for friends sharing a single hotel room reservation?",english,travel_hotels,suggestion,neutral,app,none,none,none,moderate,"Introduce group bill splitting on hotel booking apps"
TR187,"The hotel location near the fort is convenient for sightseeing, though narrow streets prevent cars from reaching front porch.",english,travel_hotels,appreciation,mixed,location,poor_location,low,none,complex,"Provide golf cart pickup from main road for heritage hotels"
TR188,"booked deluxe AC sleeper bus from Bangalore to Hyderabad, departed at 9:30 PM, arrived smoothly at 6:15 AM next morning.",english,travel_hotels,informational,positive,bus,none,none,none,simple,none
TR189,"bhaiya homestay host ne homemade organic breakfast serve kiya aur local spices gift kiye bohot pyara hospitality",hinglish,travel_hotels,appreciation,positive,hospitality,none,none,none,moderate,none
TR190,"Why is convenience booking fee charged separately on flight tickets when payment is made using standard UPI?",english,travel_hotels,question,neutral,price,high_price,medium,none,moderate,"Abolish convenience fees on direct UPI flight payments"
TR191,"Hotel room door card key got deactivated three times in single day, forcing guest to walk to reception repeatedly.",english,travel_hotels,complaint,negative,hotel_room,amenity_unavailable,low,none,moderate,"Upgrade RFID keycard encoders and door locks"
TR192,"Pristine beach resort, white sands outside door, clean room, working mini fridge, polite staff, perfect tropical holiday.",english,travel_hotels,appreciation,positive,hotel_room,none,none,none,moderate,none
TR193,"bhai breakfast me poha aur sambar ekdum cold the microwave me garam karwane ke baad hi khaye",hinglish,travel_hotels,complaint,mixed,breakfast,food_quality,low,none,simple,"Maintain food warmers at proper temperatures in buffets"
TR194,"Please give an option in booking app to select rooms with attached bathtub rather than simple shower cubicles.",english,travel_hotels,suggestion,neutral,website,none,none,none,moderate,"Add bathtub filter on room selection interface"
TR195,"I wouldn't recommend this budget lodge if you are looking for hygienic bathrooms or clean white towels.",english,travel_hotels,complaint,negative,bathroom,bathroom_issue,low,none,moderate,none
TR196,"bhai cancelled train ticket ka TDR refund claim 60 din se pending hai railway portal koi update nahi deta",hinglish,travel_hotels,question,negative,train,refund_delay,medium,none,moderate,"Speed up TDR refund clearances for railway passengers"
TR197,"Great corporate discount on airport hotel stay, saved fifteen hundred rupees on deluxe room with late check-out included.",english,travel_hotels,appreciation,positive,price,none,none,none,simple,none
TR198,"The hotel room was spacious, but the spring mattress squeaked loudly with every slight turn during sleep.",english,travel_hotels,complaint,mixed,hotel_room,poor_hospitality,low,none,moderate,"Replace noisy squeaking bed frames and mattresses"
TR199,"bus conductor demanded hundred rupees extra for placing standard rucksack in luggage belly, shameless extortion on highway",english,travel_hotels,complaint,negative,bus,unexpected_charge,medium,severe,"Prohibit illegal baggage surcharges on scheduled buses"
TR200,"The forest eco-resort was spotless, bird-watching walk at dawn was guided by expert naturalist, exceptional stay.",english,travel_hotels,appreciation,positive,hospitality,none,none,none,moderate,none
TR201,"bhai kya travel booking portal pe train seat confirmation probability checker accurate rehta hai?",hinglish,travel_hotels,suggestion,neutral,train,none,none,none,moderate,"Improve accuracy of waitlist train confirmation estimators"
TR202,"The room was clean and air conditioning worked well, but the wardrobe had zero hangers for hanging formal shirts.",english,travel_hotels,complaint,mixed,amenities,amenity_unavailable,low,none,moderate,"Provide at least six wooden hangers in all hotel wardrobes"
TR203,"Found dirty used razor and hair clumps inside the bathroom shower tray upon initial check-in, disgusting housekeeping neglect.",english,travel_hotels,complaint,negative,bathroom,dirty_room,high,none,moderate,"Sanitize and clear bathroom shower drains between guests"
TR204,"Fast dispute resolution, hotel manager refunded the dinner charge immediately when served undercooked chicken curry.",english,travel_hotels,appreciation,positive,food,none,none,none,simple,none
TR205,"bhai hotel entrance pe auto nahi aane dete aur cab wale location nahi dhund paate accessibility bilkul bekaar hai",hinglish,travel_hotels,complaint,negative,location,poor_location,medium,none,simple,"Provide clear landmark directions on booking receipts"
TR206,"Does this hill station resort provide internal electric buggy transportation between distant hillside cottages?",english,travel_hotels,question,neutral,amenities,none,none,none,moderate,none
TR207,"Honestly, the airport transit pod was surprisingly quiet and clean, allowing four hours of restful sleep between connecting flights.",english,travel_hotels,appreciation,positive,hotel_room,none,none,none,moderate,none
TR208,"bhai booking app me check-in date 15 select ki thi par confirmation voucher 14 ka generate ho gaya technical glitch se",hinglish,travel_hotels,complaint,negative,app,wrong_booking_details,medium,none,moderate,"Fix calendar date picker glitch on travel booking apps"
TR209,"Travel apps should display the exact walking distance from hotel lobby to nearest public transport metro stations.",english,travel_hotels,suggestion,neutral,website,none,none,none,moderate,"Display exact walking distance to metro on hotel listings"
TR210,"The hotel facade looks grand in pictures, but the rooms smelled of damp plaster and damp seepage was visible across walls.",english,travel_hotels,complaint,negative,room_cleanliness,dirty_room,low,none,moderate,"Waterproof hotel walls and eliminate damp odors"
TR211,"Quick and polite service, room was ready upon arrival at 11 AM, luggage carried up promptly, very welcoming front desk.",english,travel_hotels,appreciation,positive,check_in,none,none,none,simple,none
TR212,"bhai flight 5 ghante delay thi airline ne na drinking water provide kiya na lounge access diya extreme passenger harassment",hinglish,travel_hotels,complaint,negative,flight,flight_booking_issue,high,none,moderate,"Provide food and beverages during long flight delays"
TR213,"Can hotel guests store luggage safely in cloak room for twelve hours after standard midday check-out?",english,travel_hotels,question,neutral,amenities,none,none,none,moderate,none
TR214,"The breakfast buffet had good variety, but the dining hall was noisy and tables were left uncleaned for fifteen minutes.",english,travel_hotels,complaint,mixed,breakfast,breakfast_issue,medium,none,moderate,"Clear and sanitize buffet tables promptly"
TR215,"Disgusting hygiene, breakfast buffet scrambled eggs had a dead housefly floating in serving dish, walked out immediately.",english,travel_hotels,complaint,negative,breakfast,food_quality,high,severe,"Maintain food covers and kitchen insect controls"
TR216,"bhai river facing balcony room tha sound of flowing water sunke stress poora nikal gaya 5 star experience",hinglish,travel_hotels,appreciation,positive,hotel_room,none,none,none,simple,none
TR217,"Customer support desk took nine days to respond to my email regarding missing refund for cancelled sleeper bus, zero accountability.",english,travel_hotels,complaint,negative,customer_support,support_delay,medium,none,moderate,"Process bus cancellation refunds within forty-eight hours"
TR218,"Include an option to pre-select dietary restrictions like diabetic or gluten-free meals during airline flight bookings.",english,travel_hotels,suggestion,neutral,flight,none,none,none,moderate,"Add detailed special dietary meal options on flight portals"
TR219,"Is there a penalty fee if a guest cancels room reservation within twenty-four hours of check-in date?",english,travel_hotels,question,neutral,cancellation,none,none,none,moderate,none
TR220,"The hotel pool was clean and refreshing, though the poolside bar music was played on excessive volume throughout the day.",english,travel_hotels,appreciation,mixed,amenities,none,none,none,complex,"Regulate sound volume around swimming pool areas"
TR221,"bhai room me AC remote nahi tha aur manual buttons broken the AC switch off karne ke liye main switch nikalna pada",hinglish,travel_hotels,complaint,negative,amenities,amenity_unavailable,high,mild,"Ensure functional remote controls for all room appliances"
TR222,"The historic palace hotel maintained pristine royal heritage, staff wore traditional turbans, service was regal and respectful.",english,travel_hotels,appreciation,positive,hospitality,none,none,none,moderate,none
TR223,"Hotel elevator cable snapped partially, car dropped two floors before emergency brakes engaged, horrifying life safety catastrophe.",english,travel_hotels,complaint,negative,amenities,amenity_unavailable,high,none,moderate,"Enforce monthly safety elevator load inspections"
TR224,"bhai app pe hotel room photo me king bed dikhaya tha par room me do alag alag single beds mile joined together",hinglish,travel_hotels,question,negative,hotel_room,wrong_booking_details,medium,none,moderate,"Accurately distinguish double beds from joined single beds"
TR225,"The location is central and convenient, but street vehicle noise penetrated the room windows all through the night.",english,travel_hotels,complaint,mixed,location,poor_location,low,none,simple,"Install noise-insulating soundproof window glass"
TR226,"Super smooth flight experience, boarding was orderly, aircraft departed five minutes ahead of schedule, luggage arrived fast.",english,travel_hotels,appreciation,positive,flight,none,none,none,simple,none
TR227,"bhai hotel reception ne luggage storage ke 100 rupay cash maang liye checkout ke baad cheap mentality",hinglish,travel_hotels,complaint,negative,amenities,unexpected_charge,low,none,simple,"Provide complimentary post-checkout luggage storage"
TR228,"Travel platforms should provide an automated option to download itemized GST receipts with corporate tax ID.",english,travel_hotels,suggestion,neutral,payment,none,none,none,moderate,"Enable automated corporate GST invoice downloads"
TR229,"The housekeeping staff noticed we were traveling with an infant and voluntarily brought an electric kettle and baby crib to room.",english,travel_hotels,appreciation,positive,hospitality,none,none,none,moderate,none
TR230,"The hotel room was filled with mosquito swarms because the balcony door mesh screen was torn, impossible to sleep.",english,travel_hotels,complaint,negative,room_cleanliness,dirty_room,medium,none,moderate,"Repair torn mosquito mesh screens on balcony doors"
TR231,"bhai kya hotel room me extra bed add karne ke liye additional charges reception pe pay karne hote hain?",hinglish,travel_hotels,question,neutral,price,none,low,none,moderate,none
TR232,"Resort room was clean and well kept, but the restaurant took forty minutes to serve a simple bowl of soup.",english,travel_hotels,complaint,mixed,food,food_quality,low,none,moderate,"Improve kitchen food preparation speed"
TR233,"Clean modern hotel near airport, soundproof windows, comfortable bed, fast check-in, free shuttle delivered on time.",english,travel_hotels,appreciation,positive,hotel_room,none,none,none,moderate,none
TR234,"bhai bus operator ne AC sleeper bol ke ordinary non-AC bus bhej di garmi me 12 ghante travel karwaya cheat log",hinglish,travel_hotels,complaint,negative,bus,bus_booking_issue,high,mild,"Ensure dispatched bus category matches booked ticket"
TR235,"Please allow guests to opt out of daily linen replacement to support water and environmental conservation.",english,travel_hotels,suggestion,neutral,room_cleanliness,none,none,none,moderate,"Introduce opt-in linen reuse environmental cards"
TR236,"Hotel receptionist assaulted passenger with wooden rod after dispute over pre-paid booking voucher violent criminal thug",english,travel_hotels,complaint,negative,hotel_staff,poor_staff_behavior,high,severe,"Permanently blacklist and report violent staff to police"
TR237,"Arrived right on time for early morning flight, baggage dropped without queue, boarding gate was well organized.",english,travel_hotels,appreciation,positive,airport,none,none,none,simple,none
TR238,"kya interstate tourist buses me clean western toilets onboard available rehte hain long journeys ke liye?",hinglish,travel_hotels,question,neutral,bus,none,none,none,moderate,none
TR239,"The homestay food was wholesome, though the host had kept an aggressive watchdog untied in the common courtyard.",english,travel_hotels,complaint,mixed,hospitality,none,low,none,complex,"Leash domestic pets away from guest common areas"
TR240,"bhai hotel ne room rate 2000 dikhaya tha checkout pe 800 extra taxes aur service charge laga diya hidden loot",hinglish,travel_hotels,complaint,negative,price,high_price,medium,none,moderate,"Display all-inclusive final room prices upfront"
TR241,"Bus driver was speeding at 100 kmph on narrow ghat roads, overtaking blind curves recklessly, terrified all passengers.",english,travel_hotels,complaint,negative,bus,bus_booking_issue,high,none,moderate,"Install electronic speed limiters on intercity buses"
TR242,"The resort manager personally arranged packed breakfast at 5 AM for our tiger safari, very thoughtful and caring hospitality.",english,travel_hotels,appreciation,positive,hospitality,none,none,none,moderate,none
TR243,"Can train travelers change designated boarding station online after final passenger chart preparation?",english,travel_hotels,question,neutral,train,none,none,none,moderate,none
TR244,"bhai hotel room ke bathroom me hot water tap se muddy brown water nikal raha tha nahana impossible tha",hinglish,travel_hotels,complaint,negative,bathroom,bathroom_issue,medium,none,simple,"Flush and service hotel overhead water storage tanks"
TR245,"Not terrible at all, but the hotel being located directly in front of vegetable market made morning noise noticeable.",english,travel_hotels,informational,mixed,location,poor_location,low,none,moderate,none
TR246,"The hotel receptionist assisted with early check-in, stored our luggage safely, and provided towels to freshen up.",english,travel_hotels,appreciation,positive,hotel_staff,none,none,none,moderate,none
TR247,"bhai flight booking portal pe baggage add kiya par ticket me reflect nahi hua airport pe extra cash pay karna pada",hinglish,travel_hotels,complaint,negative,flight,flight_booking_issue,medium,none,simple,"Ensure pre-purchased baggage syncs with airline system"
TR248,"Travel platforms should provide transparent seat pitch and legroom measurements on bus seat selection screens.",english,travel_hotels,suggestion,neutral,bus,none,none,none,moderate,"Display exact legroom dimensions on bus booking maps"
TR249,"Pristine beach resort, private direct access to sand, clean cottage, working refrigerator, very tranquil weekend holiday.",english,travel_hotels,appreciation,positive,hotel_room,none,none,none,simple,none
TR250,"bhai hotel me check-in ke time reception bola 2 ghante wait karo room cleaning chal rahi hai standard time ke baad bhi",hinglish,travel_hotels,complaint,negative,check_in,checkin_delay,medium,none,moderate,"Ensure rooms are cleaned before designated check-in time"
TR251,"The room was clean and bed was soft, but the bathroom shower had low water flow that took forever to rinse.",english,travel_hotels,complaint,mixed,bathroom,bathroom_issue,low,none,moderate,"Improve water pressure in upper floor hotel bathrooms"
TR252,"Why does the travel website charge a non-refundable convenience fee when flight booking fails due to gateway timeout?",english,travel_hotels,question,negative,payment,payment_issue,low,none,moderate,"Waive convenience fees on failed booking transactions"
TR253,"Flawless train journey in executive chair car, meals were served hot, coaches were clean, reached destination right on minute.",english,travel_hotels,appreciation,positive,train,none,none,none,moderate,none
TR254,"bhai sleeper bus berth pe stained bedsheet mili thi conductor ne replace karne se mana kar diya unhygienic bus",hinglish,travel_hotels,complaint,negative,bus,bus_booking_issue,high,mild,"Provide fresh sanitized bed linen on sleeper buses"
TR255,"I wouldn't say the resort was bad, but having to climb ninety stone steps to reach dining hall was tiring for seniors.",english,travel_hotels,complaint,mixed,location,poor_location,low,none,moderate,none
TR256,"Hotel portals should allow filtering properties with guaranteed 24-hour check-in and check-out cycles.",english,travel_hotels,suggestion,neutral,website,none,none,none,moderate,"Add 24-hour flexible stay filter on booking portals"
TR257,"Concierge arranged an authorized local guide who explained temple history passionately without pushing souvenir shops.",english,travel_hotels,appreciation,positive,hotel_staff,none,none,none,moderate,none
TR258,"bhai hotel restaurant ne water bottle pe MRP se double 80 rupay charge kiya bill me illegal overpricing",hinglish,travel_hotels,complaint,negative,price,high_price,medium,none,simple,"Adhere to MRP on packaged drinking water in hotels"
TR259,"Is valid marriage certificate legally required for married couples checking into luxury heritage hotels?",english,travel_hotels,question,neutral,reception,none,none,none,moderate,none
TR260,"Clean hotel room, fresh white linen, pleasant room fragrance, working hot water, polite staff, excellent budget stay.",english,travel_hotels,appreciation,positive,room_cleanliness,none,none,none,moderate,none
TR261,"pathetic airline support bot keeps repeating automated refund policy without processing ticket refund useless service",english,travel_hotels,complaint,negative,customer_support,support_delay,high,severe,"Provide live human agent escalation for airline refunds"
TR262,"bhai hotel bathroom ceiling se paani leak ho raha tha bedroom carpet poora wet ho gaya smelling disgusting",hinglish,travel_hotels,complaint,negative,bathroom,bathroom_issue,high,none,simple,"Repair ceiling plumbing leaks in guest rooms"
TR263,"Flight departed on time, smooth cruising altitude, attentive cabin crew, baggage delivered on carousel five minutes after arrival.",english,travel_hotels,appreciation,positive,flight,none,none,none,moderate,none
TR264,"The hotel property is beautiful and green, though the outdoor dining area was troubled by stray dogs begging for food.",english,travel_hotels,appreciation,mixed,amenities,none,low,none,complex,"Keep outdoor dining areas secure from stray animals"
TR265,"Can rail passengers cancel partially confirmed group tickets online while retaining confirmed berths?",english,travel_hotels,question,neutral,train,none,none,none,moderate,none
TR266,"Hotel reception completed check-in in under two minutes, gave keycard with clear Wi-Fi instructions, very professional.",english,travel_hotels,appreciation,positive,check_in,none,none,none,moderate,none
TR267,"bhai sleeper bus me AC vent broken tha chilling cold air face pe aati rahi close karne ka option nahi tha",hinglish,travel_hotels,complaint,negative,bus,bus_booking_issue,medium,none,moderate,"Repair broken air conditioning louvers on buses"
TR268,"Travel platforms should provide an automated refund tracker showing exact bank clearance reference numbers.",english,travel_hotels,suggestion,neutral,refund,none,none,none,moderate,"Add real-time bank UTR tracking for travel refunds"
TR269,"Super clean hill station cottage, roaring fireplace, complimentary firewood provided, hot food delivered promptly, full marks.",english,travel_hotels,appreciation,positive,hotel_room,none,none,none,simple,none
TR270,"bhai hotel cancellation fee 100 percent deduct kar li jabki medical emergency certificate submit kiya tha heartless management",hinglish,travel_hotels,complaint,negative,cancellation,cancellation_issue,medium,none,moderate,"Waiver cancellation fees for verified medical emergencies"
TR271,"The resort was scenic and quiet, but the swimming pool had sharp broken floor tiles that cut guest's toe.",english,travel_hotels,complaint,mixed,amenities,amenity_unavailable,low,none,moderate,"Repair broken tiles in swimming pools immediately"
TR272,"Housekeeping staff cleaned room meticulously every day, placed fresh flowers on table, very considerate and warm service.",english,travel_hotels,appreciation,positive,room_cleanliness,none,none,none,moderate,none
TR273,"Authentic luxury hotel experience, butler service was attentive, bed was exceptionally comfortable, delicious breakfast spread.",english,travel_hotels,appreciation,positive,hospitality,none,none,none,moderate,none
TR274,"bhai hotel me power cut ho gaya aur backup generator 2 ghante tak start nahi hua garmi me bache rote rahe",hinglish,travel_hotels,complaint,negative,amenities,amenity_unavailable,high,mild,"Ensure automatic power backup switches in hotels"
TR275,"Are senior citizen discounts available on interstate air-conditioned government bus booking portals?",english,travel_hotels,question,neutral,bus,none,none,none,moderate,none
TR276,"Check-in was delayed by twenty minutes, but front desk offered complimentary coffee in lounge while room was finalized.",english,travel_hotels,informational,mixed,check_in,checkin_delay,low,none,moderate,none
TR277,"Booked sleeper coach bus, arrived right on scheduled departure time, clean berth, smooth highway journey, very satisfied.",english,travel_hotels,appreciation,positive,bus,none,none,none,simple,none
TR278,"bhai hotel room AC 16 pe set karne ke baad bhi cooling nahi kar raha tha compressor completely dead tha",hinglish,travel_hotels,complaint,negative,hotel_room,amenity_unavailable,medium,none,moderate,"Inspect and service AC compressors before guest arrival"
TR279,"Include an option to report dirty linen or uncleaned bathrooms directly via QR code mounted behind room doors.",english,travel_hotels,suggestion,neutral,room_cleanliness,none,none,none,moderate,"Implement in-room QR codes for instant housekeeping alerts"
TR280,"The hotel was clean and well maintained, though the breakfast menu was identical every single morning during five-day stay.",english,travel_hotels,appreciation,mixed,breakfast,breakfast_issue,low,none,moderate,"Rotate breakfast buffet dishes daily for long-stay guests"
TR281,"Worst resort experience ever staff entered room with duplicate key while we were asleep criminal security breach",english,travel_hotels,complaint,negative,hospitality,poor_staff_behavior,high,severe,"Strictly restrict master key access to emergencies"
TR282,"bhaiya hotel manager ne railway station drop karne ke liye free taxi arrange karwayi emergency me very kind person",hinglish,travel_hotels,appreciation,positive,hotel_staff,none,none,none,simple,none
TR283,"Why did the flight booking platform take fourteen days to process a cancellation refund for an airline-cancelled flight?",english,travel_hotels,question,negative,refund,refund_delay,high,none,moderate,"Automate immediate refund for airline-cancelled flights"
TR284,"Sleeper bus driver was racing recklessly on rainy highway, bus swayed violently and hit road barrier, terrifying accident near-miss.",english,travel_hotels,complaint,negative,bus,bus_booking_issue,high,none,moderate,"Enforce strict driving speed rules on highway buses"
TR285,"The mountain resort was calm, snow-clad peaks visible from glass window, hot tea served on call, memorable winter holiday.",english,travel_hotels,appreciation,positive,hotel_room,none,none,none,moderate,none
TR286,"bhai room me ceiling fan itni zor se aawaz kar raha tha ki night me so nahi paye fan repair karo",hinglish,travel_hotels,complaint,negative,hotel_room,none,low,none,moderate,"Service noisy ceiling fans in guest rooms"
TR287,"Room was modern and spacious, but the bathroom washbasin drained sluggishly, leaving dirty soap water pool.",english,travel_hotels,complaint,mixed,bathroom,bathroom_issue,low,none,moderate,"Clear clogged washbasin drains in hotel rooms"
TR288,"Offer an option to save preferred flight seat preferences like extra legroom aisle seats on user profile.",english,travel_hotels,suggestion,neutral,flight,none,none,none,moderate,"Enable default seat preference saving on travel apps"
TR289,"Outstanding hospitality, hotel front desk upgraded our room to fort-view suite, arranged traditional welcome drink, very courteous.",english,travel_hotels,appreciation,positive,hospitality,none,none,none,simple,none
TR290,"bhai hotel restaurant ne water bottle pe extra 50 rupay charge kiye bolte cooling charge hai daylight robbery",hinglish,travel_hotels,complaint,negative,price,high_price,high,none,moderate,"Abolish illegal cooling surcharges on packaged beverages"
TR291,"The booking app is user friendly, though the hotel address listed on confirmation voucher led to wrong lane.",english,travel_hotels,complaint,mixed,app,wrong_booking_details,low,none,moderate,"Verify physical hotel location coordinates on app"
TR292,"Hotel concierge helped retrieve forgotten passport from previous airport taxi and delivered it safely to room.",english,travel_hotels,appreciation,positive,hotel_staff,none,none,none,moderate,none
TR293,"fraud travel agent took full payment for tour package and disappeared with money without booking flights or hotels thief",english,travel_hotels,complaint,negative,travel_booking,booking_failure,high,severe,"Verify agency credentials before listing tour packages"
TR294,"bhai hotel room photo me swimming pool dikhaya tha par property pe pahunch ke pata chala pool 6 mahine se dry pada hai",hinglish,travel_hotels,complaint,negative,amenities,amenity_unavailable,medium,none,simple,"Update hotel listings when major amenities are out of service"
TR295,"Does this airport lounge provide complimentary hot shower facilities with bath kits for transit passengers?",english,travel_hotels,question,neutral,airport,none,none,none,moderate,none
TR296,"Prompt check-in, keycard worked instantly, room was clean, hot water available, quiet night, very comfortable business stay.",english,travel_hotels,appreciation,positive,check_in,none,none,none,simple,none
TR297,"bhai hotel staff ne room me luggage shift karne ke liye 200 rupay tip forcefully demand ki arrogant behavior",hinglish,travel_hotels,complaint,negative,hotel_staff,poor_staff_behavior,high,mild,"Strictly prohibit staff from soliciting forced tips"
TR298,"Travel portals should display real-time terminal walking times from security gates to departure gates for large airports.",english,travel_hotels,suggestion,neutral,airport,none,none,none,moderate,"Display airport gate walking times on boarding passes"
TR299,"The hotel location near the lake is picturesque, but the approach road has no streetlights making walking back at night eerie.",english,travel_hotels,complaint,mixed,location,poor_location,low,none,moderate,"Install street lighting on approach roads to hotels"
TR300,"Smooth airport transit, security queues moved fast, clean terminal, flight departed on time, luggage arrived intact.",english,travel_hotels,appreciation,positive,airport,none,none,none,simple,none
TR301,"bhai booking app me flight ticket cancel ki par refund status 20 din se processing dikha raha hai support helps zero",hinglish,travel_hotels,complaint,negative,refund,refund_delay,medium,none,moderate,"Process flight ticket refunds within standard timelines"
TR302,"The hotel room was freezing and heater was broken, front desk offered extra blankets that smelled damp and unwashed.",english,travel_hotels,complaint,negative,hotel_room,poor_hospitality,high,none,moderate,"Ensure working heating appliances in cold hill stations"
TR303,"Quiet forest eco-lodge, birds chirping in morning, organic vegetarian food, solar powered hot water, wonderfully relaxing retreat.",english,travel_hotels,appreciation,positive,hotel_room,none,none,none,moderate,none
TR304,"bhai train coach me fans chal nahi rahe the 40 degree heat me passengers suffocate ho rahe the complaint unheeded",hinglish,travel_hotels,complaint,negative,train,travel_delay,high,none,simple,"Inspect electrical fans in non-AC train coaches"
TR305,"Not the most luxurious room, but the hotel staff's willingness to pack breakfast at 4:30 AM made the early morning flight stress-free.",english,travel_hotels,appreciation,mixed,hospitality,none,none,none,moderate,none
TR306,"Can hotel booking platforms introduce an option to book rooms for day-use only between 9 AM and 5 PM at lower tariffs?",english,travel_hotels,suggestion,neutral,website,none,none,none,moderate,"Introduce flexible day-use room bookings on platforms"
TR307,"The flight purser attended to an elderly breathless passenger with great care, providing oxygen cylinder swiftly and calmly.",english,travel_hotels,appreciation,positive,flight,none,none,none,moderate,none
TR308,"bhai hotel bathroom flush tank leak kar raha tha floor poora flooded ho gaya complaint karne par koi plumber nahi aaya",hinglish,travel_hotels,complaint,negative,bathroom,bathroom_issue,medium,none,simple,"Maintain plumbing and flush valves in hotel bathrooms"
TR309,"Why do airline booking portals add non-removable convenience insurance fees automatically during final payment checkout?",english,travel_hotels,question,negative,price,high_price,low,none,moderate,"Make ancillary travel insurance strictly opt-in"
TR310,"Sturdy bunk beds, clean shared bathroom, fast Wi-Fi, vibrant community lounge, and helpful host at the backpacker hostel.",english,travel_hotels,appreciation,positive,hotel_room,none,none,none,moderate,none
TR311,"The homestay location in coffee plantation was breathtaking, though cellular network was zero and homestay Wi-Fi was down.",english,travel_hotels,complaint,mixed,wifi,wifi_issue,low,none,complex,"Ensure backup satellite Wi-Fi in remote plantation stays"
TR312,"bhai travel agent ne confirmed flight ticket bol kar duplicate fake PNR bhej diya airport pe entry nahi mili criminal fraud",hinglish,travel_hotels,complaint,negative,travel_booking,booking_failure,high,mild,"Verify agency authenticity to stop fake PNR issuance"
TR313,"Delivery of room service dinner was within twenty minutes, food was hot and delicious, polite steward, very pleasant experience.",english,travel_hotels,appreciation,positive,food,none,none,none,simple,none
TR314,"kya domestic airlines me elderly wheelchair passengers ke liye pre-boarding facility complimentary rehti hai?",hinglish,travel_hotels,question,neutral,flight,none,none,none,simple,none
TR315,"The hotel stay was comfortable, but the breakfast room was crowded and took fifteen minutes to find an empty clean table.",english,travel_hotels,complaint,mixed,breakfast,breakfast_issue,low,none,moderate,"Expand seating capacity in hotel breakfast halls"
TR316,"Allow travelers to preview exact aircraft seat configuration and pitch before completing flight seat selection.",english,travel_hotels,suggestion,neutral,flight,none,none,none,moderate,"Provide accurate seat pitch previews on flight portals"
TR317,"Soft-spoken bus driver drove with disciplined lane adherence, avoided harsh braking, and stopped at clean wayside restrooms.",english,travel_hotels,appreciation,positive,bus,none,none,none,moderate,none
TR318,"bhai hotel room door keycard reader dead tha 45 minute corridor me khade rahe technician aane tak",hinglish,travel_hotels,complaint,negative,hotel_room,amenity_unavailable,high,none,simple,"Inspect electronic door locks before guest check-in"
TR319,"Is there a refund deduction if passenger cancels confirmed sleeper train ticket four hours prior to chart preparation?",english,travel_hotels,question,neutral,train,none,none,none,moderate,none
TR320,"The hotel room was clean and bed was comfortable, but the in-room telephone took ten rings before front desk picked up.",english,travel_hotels,complaint,mixed,hotel_staff,poor_staff_behavior,low,none,moderate,"Ensure front desk answers room calls promptly"
TR321,"Driver met us at train platform with name placard, carried luggage to hotel van, arrived at resort smoothly, great service.",english,travel_hotels,appreciation,positive,travel_booking,none,none,none,simple,none
TR322,"bhai flight me hand baggage cabin compartment loose tha takeoff ke time open ho gaya safety hazard",hinglish,travel_hotels,complaint,negative,flight,flight_booking_issue,high,none,simple,"Inspect overhead cabin baggage latches before flight takeoff"
TR323,"Can travel websites provide clear baggage dimension rules in centimeters alongside kilogram weight limits?",english,travel_hotels,suggestion,neutral,flight,none,none,none,moderate,"Display baggage size dimensions clearly on flight tickets"
TR324,"I wouldn't call the hotel restaurant bad, but the South Indian breakfast dishes were lukewarm and sambar was diluted.",english,travel_hotels,complaint,mixed,breakfast,food_quality,low,none,complex,"Serve hot and authentic breakfast dishes at buffets"
TR325,"hotel manager demanded extra five hundred cash at midnight claiming online portal undercharged room tariff extortionist thug",english,travel_hotels,complaint,negative,reception,payment_issue,high,severe,"Prohibit front desk from demanding extra cash over confirmed vouchers"
TR326,"bhaiya homestay host ne late night arrival pe garam khana serve kiya aur bonfire arrange karwayi bohot accha laga",hinglish,travel_hotels,appreciation,positive,hospitality,none,none,none,moderate,none
TR327,"How long does it take for airline customer support to investigate damaged checked-in baggage claims submitted at airport?",english,travel_hotels,question,neutral,flight,none,none,none,moderate,none
TR328,"The river rafting tour guide was certified, equipment was in top condition, safety briefing was thorough, thrilling adventure.",english,travel_hotels,appreciation,positive,travel_booking,none,none,none,moderate,none
TR329,"bhai hotel booking voucher confirm tha par hotel pahunchne pe bola booking cancelled hai portal se contact karo zero assistance",hinglish,travel_hotels,complaint,negative,booking,booking_failure,medium,none,moderate,"Coordinate portal bookings reliably with hotel front desks"
TR330,"The hotel was clean and well maintained, though the bathroom shower had low water flow that took long to rinse.",english,travel_hotels,complaint,mixed,bathroom,bathroom_issue,low,none,moderate,"Ensure adequate water pressure in bathroom showers"
TR331,"Prompt assistance by airport ground staff, arranged priority wheelchair transit for injured relative within five minutes of arrival.",english,travel_hotels,appreciation,positive,airport,none,none,none,moderate,none
TR332,"bhai sleeper bus driver ne passenger ko toilet stop pe chhod ke bus chala di saman bus me hi reh gaya extreme negligence",hinglish,travel_hotels,complaint,negative,bus,bus_booking_issue,medium,none,moderate,"Verify passenger headcount before departing rest stops"
TR333,"Provide dedicated quiet business hotel floors with soundproof doors for executives attending virtual conferences.",english,travel_hotels,suggestion,neutral,hotel_room,none,none,none,moderate,"Introduce quiet business floors in city hotels"
TR334,"Can guests request twin beds to be joined into a double bed prior to arrival in executive rooms?",english,travel_hotels,question,neutral,hotel_room,none,none,none,moderate,none
TR335,"Immaculate white sheets, fresh towels, silent air conditioning, working Wi-Fi, polite staff, perfect transit hotel near terminal.",english,travel_hotels,appreciation,positive,hotel_room,none,none,none,simple,none
TR336,"bhai hotel food me hair strand nikla soup ke andar waiter ne apologize kiye bina bowl utha ke le gaya",hinglish,travel_hotels,complaint,negative,food,food_quality,medium,mild,"Enforce hairnets and hygiene standards in hotel kitchens"
TR337,"The room had scenic mountain views, but the bathroom geyser had only ten liters capacity, hot water finished in two minutes.",english,travel_hotels,appreciation,mixed,bathroom,bathroom_issue,low,none,simple,"Install larger capacity water heaters in hill station rooms"
TR338,"Flight crew handled medical emergency on board with professionalism, administered first aid calmly, reassured passengers.",english,travel_hotels,appreciation,positive,flight,none,none,none,moderate,none
TR339,"bhai app pe flight ticket cancel ki par refund status me negative balance show ho raha hai customer support doesn't reply",hinglish,travel_hotels,complaint,negative,app,refund_delay,low,none,moderate,"Fix negative balance calculation bug on refund portals"
TR340,"Is complimentary drinking water provided in unlimited quantities in hotel rooms or restricted to two bottles daily?",english,travel_hotels,question,neutral,amenities,none,none,none,moderate,none
TR341,"Pristine beach villa, private plunge pool was clean, direct access to white sand, delicious coastal seafood, memorable stay.",english,travel_hotels,appreciation,positive,hotel_room,none,none,none,moderate,none
TR342,"bhai hotel lift 20 minute ke liye band ho gayi do elderly passengers trapped rahe alarm button kaam nahi kar raha tha",hinglish,travel_hotels,complaint,negative,amenities,amenity_unavailable,high,none,simple,"Ensure functional emergency alarms and intercoms in hotel lifts"
TR343,"The hotel food was tasty and fresh, but the restaurant took forty-five minutes to serve a simple order of dal and rice.",english,travel_hotels,complaint,mixed,food,food_quality,low,none,moderate,"Improve kitchen service speed during peak meal times"
TR344,"Travel booking apps should offer an automatic price-drop refund if airfare decreases within twenty-four hours of purchase.",english,travel_hotels,suggestion,neutral,price,none,none,none,moderate,"Introduce 24-hour price drop refund protection on airfares"
TR345,"Superb airport lounge experience, wide buffet selection, clean shower suites, high-speed Wi-Fi, smooth boarding announcements.",english,travel_hotels,appreciation,positive,airport,none,none,none,moderate,none
TR346,"bhai sleeper bus driver ne pure raste rash driving ki multiple near-accidents huye passenger safety zero thi careless rogue",hinglish,travel_hotels,complaint,negative,bus,bus_booking_issue,high,mild,"Monitor bus driving telemetry and penalize rash driving"
TR347,"What is the standard procedure to claim compensation for flight delayed over six hours under civil aviation passenger charters?",english,travel_hotels,question,neutral,flight,none,none,none,moderate,none
TR348,"Delivered to hotel room right on time, hot breakfast basket with fresh fruits, warm croissants, and aromatic coffee, very satisfying.",english,travel_hotels,appreciation,positive,breakfast,none,none,none,simple,none
TR349,"bhai hotel swimming pool me chlorine itna zyada tha ki skin me burning aur eyes red ho gayi chemical balance kharab tha",hinglish,travel_hotels,complaint,negative,amenities,amenity_unavailable,high,none,moderate,"Test and balance swimming pool chemicals daily"
TR350,"The room was comfortable and spacious, though the bathroom door squeaked loudly whenever opened during the night.",english,travel_hotels,appreciation,mixed,bathroom,none,low,none,moderate,"Lubricate squeaking bathroom door hinges"
TR351,"Resort front desk assisted with booking certified scuba diving instructors, arranged rental gear, and packed lunch boxes.",english,travel_hotels,appreciation,positive,hotel_staff,none,none,none,moderate,none
TR352,"bhai flight booking me extra meal add ki thi par flight me crew bola manifest me meal missing hai khana nahi mila",hinglish,travel_hotels,complaint,negative,flight,flight_booking_issue,high,none,simple,"Ensure pre-paid meals sync with flight catering manifests"
TR353,"Please allow hotel guests to opt out of daily printed newspaper deliveries to avoid paper waste.",english,travel_hotels,suggestion,neutral,amenities,none,none,none,moderate,"Make room newspaper delivery strictly opt-in"
TR354,"Clean hotel room, fresh white linen, pleasant room fragrance, working hot water, polite staff, excellent budget stay.",english,travel_hotels,appreciation,positive,room_cleanliness,none,none,none,moderate,none
TR355,"bhai hotel me check-in ke time reception bola 2 ghante wait karo room ready nahi hai standard time ke baad bhi",hinglish,travel_hotels,complaint,negative,check_in,checkin_delay,medium,none,moderate,"Ensure rooms are ready by designated check-in hour"
TR356,"Does this outstation cab booking service include overnight interstate commercial entry permit taxes within upfront quote?",english,travel_hotels,question,neutral,travel_booking,none,none,none,moderate,none
TR357,"The ride arrived on time and driver was courteous, though the vehicle interior had an overwhelming lingering odor of stale smoke.",english,travel_hotels,complaint,mixed,travel_booking,none,low,none,moderate,"Enforce strict smoke-free policies inside all cabs"
TR358,"Self-care booking receipt is clear and detailed, displaying exact hotel coordinates, check-in instructions, and payment summary.",english,travel_hotels,appreciation,positive,booking_confirmation,none,none,none,simple,none
TR359,"bhai hotel booking voucher confirm tha par hotel pahunchne pe bola booking cancelled hai portal se contact karo",hinglish,travel_hotels,complaint,negative,booking,booking_failure,medium,none,simple,"Coordinate portal bookings reliably with hotel front desks"
TR360,"Allow riders to save specific complex housing society gates as custom named pickup points on user profile.",english,travel_hotels,suggestion,neutral,location,none,none,none,moderate,"Enable custom housing society gate naming on map"
TR361,"The driver was skilled on congested streets, but the car horn was excessively shrill and used every three seconds unnecessarily.",english,travel_hotels,complaint,mixed,travel_booking,none,low,none,moderate,"Instruct drivers against habitual excessive honking"
TR362,"bhai car ka AC filter itna choked tha ki hawa aane ki jagah ajeeb foul smell nikal rahi thi suffocating ride",hinglish,travel_hotels,complaint,negative,travel_booking,none,high,mild,"Service and sanitize automotive AC filters periodically"
TR363,"Clean air-conditioned cab, driver confirmed customer name respectfully, followed designated GPS route without argument.",english,travel_hotels,appreciation,positive,travel_booking,none,none,none,moderate,none
TR364,"Where can I check if our corporate account has been enrolled in priority airport cab dispatch queues?",english,travel_hotels,question,neutral,airport,none,none,none,simple,none
TR365,"Driver started abusing loudly and threatened violence when asked to enter the gated residential layout dangerous goon",english,travel_hotels,complaint,negative,travel_booking,poor_staff_behavior,high,severe,"Permanently ban drivers resorting to abusive behavior"
TR366,"bhaiya driver ne luggage safely 3rd floor lift tak pahunchane me help ki bohot helpful aur humble person tha",hinglish,travel_hotels,appreciation,positive,travel_booking,none,none,none,simple,none
TR367,"The ride was economical and arrived on time, though the car's manual window winder was broken and stuck halfway down.",english,travel_hotels,complaint,mixed,travel_booking,none,low,none,simple,"Maintain window regulator mechanisms on commercial cabs"
TR368,"Provide an option on the booking screen to request drivers who do not chew tobacco or betel nut while driving.",english,travel_hotels,suggestion,neutral,travel_booking,none,none,none,moderate,"Enforce non-tobacco mandates across commercial fleet"
TR369,"Prompt arrival, vehicle was sanitized and spotless, driver assisted with folding baby stroller into trunk effortlessly.",english,travel_hotels,appreciation,positive,travel_booking,none,none,none,moderate,none
TR370,"bhai pickup pin correct dali thi par driver 600 meter door flyover ke niche khada raha call karke argue karne laga",hinglish,travel_hotels,complaint,negative,travel_booking,none,high,mild,"Improve driver navigation to exact pickup pins"
TR371,"Can an ongoing city cab trip be extended to an outstation booking directly from the passenger app interface?",english,travel_hotels,question,neutral,travel_booking,none,none,none,moderate,none
TR372,"Delivered within scheduled time, replacement Wi-Fi 6 router arrived securely boxed with pre-configured credentials.",english,travel_hotels,appreciation,positive,amenities,none,none,none,simple,none
TR373,"bhai car me seatbelt buckle broken tha accident hone par koi safety nahi thi dangerous maintenance negligence",hinglish,travel_hotels,complaint,negative,travel_booking,none,high,none,simple,"Inspect and repair broken seatbelt latch buckles"
TR374,"The 4G coverage is adequate for voice, though downloading application updates over mobile data crawls during peak evening hours.",english,travel_hotels,informational,mixed,wifi,none,low,none,moderate,none
TR375,"Transport platforms should allow riders to report non-working seatbelts immediately via simple one-tap safety prompt.",english,travel_hotels,suggestion,neutral,travel_booking,none,none,none,moderate,"Add dedicated seatbelt safety reporting button"
TR376,"Spotless fiber broadband experience, steady 300 Mbps bandwidth, zero dropped packets, and polite customer desk make this provider exemplary.",english,travel_hotels,appreciation,positive,wifi,none,none,none,moderate,none
TR377,"bhai driver ne offline cash maanga mana karne par sunsan road pe car rok ke utarne ko bol diya criminal behavior",hinglish,travel_hotels,complaint,negative,travel_booking,poor_staff_behavior,high,severe,"Deactivate drivers abandoning passengers over payment disputes"
TR378,"Does this mobile operator offer unified family plans allowing data sharing across multiple secondary prepaid SIM cards?",english,travel_hotels,question,neutral,travel_booking,none,none,none,moderate,none
TR379,"The fiber connection offers excellent throughput, though the bundled landline phone instrument exhibits noticeable line hum.",english,travel_hotels,complaint,mixed,amenities,none,low,none,moderate,"Maintain vehicle sound insulation properly"
TR380,"bhai customer helpline agent ne politely roaming dispute check kiya aur unauthorized charges ko bill se deduct karwaya thank you",hinglish,travel_hotels,appreciation,positive,customer_support,none,none,none,moderate,none
TR381,"The 5G download speed is truly astonishing, though the smartphone switches back to 4G frequently while traveling in trains.",english,travel_hotels,appreciation,mixed,train,none,none,none,moderate,"Ensure steady ride tracking on mobile devices"
TR382,"bhai naya connection lagwaye 10 din ho gaye router abhi tak deliver nahi hua customer care koi update nahi deta",hinglish,travel_hotels,complaint,negative,hotel_room,none,medium,none,simple,"Dispatch cabs within committed time windows"
TR383,"Offer options for customers to receive itemized billing statements via encrypted password-protected WhatsApp messages.",english,travel_hotels,suggestion,neutral,payment,none,none,none,moderate,"Deliver encrypted PDF fare receipts via WhatsApp"
TR384,"Can international tourists purchase short-term prepaid voice and data SIM cards using verified foreign passport credentials?",english,travel_hotels,question,neutral,travel_booking,none,none,none,simple,none
TR385,"The mobile internet speed is reliable for browsing, but uploading large video assignments over cellular data takes too long.",english,travel_hotels,complaint,mixed,wifi,none,low,none,moderate,"Optimize transit routing for express commutes"
TR386,"Smooth number portability experience, received the new SIM card at doorstep, zero downtime during scheduled midnight transition.",english,travel_hotels,appreciation,positive,travel_booking,none,none,none,simple,none
TR387,"bhai mobile app me bill payment receipts download nahi hoti error code 404 show karta hai billing records access nahi ho rahe",hinglish,travel_hotels,complaint,negative,app,app_issue,medium,none,simple,"Fix broken download links on trip history portal"
TR388,"Customer service desk guided me through unlocking my PUK-locked SIM card over phone with polite and patient instructions.",english,travel_hotels,appreciation,positive,customer_support,none,none,none,moderate,none
TR389,"bhai broadband speed test me 100 Mbps plan pe sirf 12 Mbps aa rahi hai 3 din se call center complaint resolve nahi kar raha",hinglish,travel_hotels,complaint,negative,wifi,none,high,none,simple,"Improve peak hour vehicle transit speeds"
TR390,"Allow subscribers to schedule automated Wi-Fi radio sleep schedules directly inside the router settings app to save power.",english,travel_hotels,suggestion,neutral,wifi,none,none,none,moderate,"Add customizable automated trip booking schedules"
TR391,"Crisp VoLTE voice clarity, fast call setup times, zero dropped calls, and broad rural coverage make this operator dependable.",english,travel_hotels,appreciation,positive,travel_booking,none,none,none,moderate,none
TR392,"bhai optical drop wire building ke entrance pe aisi latak rahi hai ki delivery boys ke sar se takrati hai severe hazard",hinglish,travel_hotels,complaint,negative,amenities,none,high,mild,"Ensure safe transit clearances on airport drop lanes"
TR393,"Is it permissible to convert a corporate postpaid SIM card to a personal prepaid connection without visiting the main circle store?",english,travel_hotels,question,neutral,travel_booking,none,none,none,moderate,none
TR394,"The mobile internet throughput is solid on main roads, though signal strength drops to two bars inside dense residential colonies.",english,travel_hotels,informational,mixed,travel_booking,none,low,none,moderate,none
TR395,"Fast verification of lost SIM replacement, retail counter stamped documents, and activated the new card within fifteen minutes.",english,travel_hotels,appreciation,positive,hotel_staff,none,none,none,simple,none
TR396,"bhai fiber router ka Wi-Fi signal 10 meter door jaate hi disconnect ho jata hai internal antenna fault lagta hai",hinglish,travel_hotels,complaint,negative,wifi,wifi_issue,medium,none,moderate,"Ensure vehicle accessories function properly"
TR397,"Include detailed itemized breakdowns of value-added service charges on all monthly postpaid invoices.",english,travel_hotels,suggestion,neutral,payment,none,none,none,moderate,"Publish itemized descriptions for all billed fare items"
TR398,"The broadband installation was completed punctually, though the field technician left pieces of stripped plastic casing on the carpet.",english,travel_hotels,complaint,mixed,room_cleanliness,unclean_vehicle,low,none,moderate,"Instruct drivers to clean up passenger floor debris"
TR399,"bhai discount promo code checkout pe apply ho gaya par final invoice me convenience fee jod ke pura discount khatam kar diya",hinglish,travel_hotels,question,negative,price,high_price,low,none,moderate,"Ensure advertised discount promo benefits are preserved"
TR400,"Great fiber performance, symmetric speeds, responsive local field support, clean installation, thoroughly satisfied with connection.",english,travel_hotels,appreciation,positive,amenities,none,none,none,simple,none
TR401,"The enterprise account manager assisted with setting up static IP addresses across our secondary office branch without delays.",english,travel_hotels,appreciation,positive,hotel_staff,none,none,none,moderate,none
TR402,"bhai incoming calls are blocked saying validity expired jabki account me 400 rupay main balance pada hai unreasonable policy",hinglish,travel_hotels,complaint,negative,price,none,medium,none,simple,"Maintain fair transparent charges on passenger accounts"
TR403,"Can a subscriber request temporary relocation of home broadband to another apartment inside the same housing society without fees?",english,travel_hotels,question,neutral,travel_booking,none,none,none,simple,none
TR404,"The 5G internet speeds are impressive outdoors, though the handset battery drains rapidly while browsing on high-frequency bands.",english,travel_hotels,complaint,mixed,amenities,none,low,none,moderate,"Ensure vehicle charging ports are functional for riders"
TR405,"Telecom operators should establish automated billing credits whenever fiber outages exceed four consecutive hours during work days.",english,travel_hotels,suggestion,neutral,refund,none,none,none,moderate,"Automate pro-rata fare credits for delayed trips"
TR406,"Delivered in 24 hours, replacement dual-band gigabit router arrived safely boxed with pre-configured Wi-Fi credentials.",english,travel_hotels,appreciation,positive,amenities,none,none,none,simple,none
TR407,"bhai customer support executive ne call disconnect kar di jab maine bar bar disconnect hone wale broadband ka refund manga incompetent staff",hinglish,travel_hotels,complaint,negative,customer_support,support_delay,high,mild,"Ensure support agents resolve persistent refund requests"
TR408,"Clean router hardware, stable optical power readings, fast customer registration, and courteous field engineers make this provider commendable.",english,travel_hotels,appreciation,positive,amenities,none,none,none,moderate,none
TR409,"bhai mobile app me data balance 10GB show hota hai par actual speed 64Kbps pe locked hai support koi help nahi karta",hinglish,travel_hotels,complaint,negative,app,app_issue,medium,none,simple,"Sync live vehicle tracking with actual road position"
TR410,"Does this telecom operator offer unmetered voice calls without any fair usage cap under standard unlimited prepaid plans?",english,travel_hotels,question,neutral,price,none,none,none,moderate,none
TR411,"The voice call quality is crisp on 4G, though mobile data speeds crawl to a halt whenever driving through suburban underpasses.",english,travel_hotels,appreciation,mixed,travel_booking,none,low,none,moderate,"Improve navigation through suburban roadway underpasses"
TR412,"The field technician climbed the terrace, spliced the broken optical cable cleanly, and verified signal power levels on meter.",english,travel_hotels,appreciation,positive,hotel_staff,none,none,none,moderate,none
TR413,"bhai do baar prepaid recharge ka amount debit hua bank se par validity sirf ek baar extend hui refund kab doge",hinglish,travel_hotels,complaint,negative,payment,payment_issue,medium,none,simple,"Speed up resolution for duplicate ride fare debits"
TR414,"Provide an option on the mobile application to schedule temporary broadband speed boosts for downloading massive files.",english,travel_hotels,suggestion,neutral,app,none,none,none,moderate,"Introduce on-demand scheduled express cab bookings"
TR415,"Pristine fiber performance, low gaming latency, zero packet loss, and stable Wi-Fi coverage across all rooms.",english,travel_hotels,appreciation,positive,wifi,none,none,none,simple,none
TR416,"bhai 6 din se fiber connection dead pada hai customer care bolta hai technician on the way hai daily jhooth bolte hain",hinglish,travel_hotels,complaint,negative,customer_support,support_delay,high,none,moderate,"Provide truthful driver arrival ETAs during delays"
TR417,"Are all international roaming voice calls protected by standard end-to-end cryptographic encryption across foreign networks?",english,travel_hotels,question,neutral,travel_booking,none,none,none,moderate,none
TR418,"The broadband speed is fast during daytime, but latency to European cloud servers increases significantly during evening hours.",english,travel_hotels,complaint,mixed,wifi,none,low,none,moderate,"Optimize evening express routing on highway corridors"
TR419,"Retail store executive verified identity documents rapidly, replaced the damaged nano SIM card, and activated it within ten minutes.",english,travel_hotels,appreciation,positive,hotel_staff,none,none,none,simple,none
TR420,"bhai mobile network me call lagate hi call failed error 21 aata hai bar bar network restart karna padta hai",hinglish,travel_hotels,complaint,negative,app,app_issue,medium,none,moderate,"Fix app connection errors during ride requests"
TR421,"Enable customers to report cellular dead zones directly through a map pin submission feature inside the self-care app.",english,travel_hotels,suggestion,neutral,location,none,none,none,moderate,"Implement in-app map pin reporting for difficult pickups"
TR422,"Crisp voice clarity, fast call setup, zero dropped calls, and broad rural coverage make this cellular network dependable.",english,travel_hotels,appreciation,positive,travel_booking,none,none,none,moderate,none
TR423,"bhai outdoor fiber cable tree branches me ulajh kar toot gayi 3 din se complaint pending hai koi dekhne nahi aaya",hinglish,travel_hotels,complaint,negative,amenities,none,high,severe,"Reroute transit paths away from hazardous road debris"
TR424,"Can a subscriber request temporary suspension of monthly postpaid rental billing while traveling overseas for three months?",english,travel_hotels,question,neutral,travel_booking,none,none,none,simple,none
TR425,"The 4G mobile data speed is reliable for browsing, though signal strength drops noticeably inside basement parking garages.",english,travel_hotels,informational,mixed,wifi,none,low,none,moderate,none
TR426,"Outstanding assistance at the telecom retail store, ported three prepaid numbers to family postpaid plan smoothly in twenty minutes.",english,travel_hotels,appreciation,positive,hotel_staff,none,none,none,moderate,none
TR427,"bhai recharge amount bank se kat gaya par mobile balance me reflect nahi hua 24 ghante se customer care phone nahi utha raha",hinglish,travel_hotels,complaint,negative,payment,payment_issue,medium,none,moderate,"Automate immediate failed fare transaction reversals"
TR428,"The fiber connection offers low gaming ping, though the public dynamic IP address changes frequently during active work sessions.",english,travel_hotels,complaint,mixed,wifi,none,low,none,moderate,"Stabilize vehicle tracking telemetry during trips"
TR429,"Field engineer arrived promptly, replaced the faulty optical network terminal, and verified line parameters within half an hour.",english,travel_hotels,appreciation,positive,hotel_staff,none,none,none,moderate,none
TR430,"bhai customer care executive ne rude tone me baat ki aur issue sune bina call disconnect kar di useless support staff",hinglish,travel_hotels,complaint,negative,customer_support,support_delay,high,none,moderate,"Enforce strict professional courtesy rules for call agents"
TR431,"Broadband service providers should provide an automated line health diagnostic check directly inside the mobile customer app.",english,travel_hotels,suggestion,neutral,app,none,none,none,moderate,"Add self-diagnostic vehicle inspection reports on app"
TR432,"Quick and seamless optical fiber installation, drop wire laid cleanly, router configured, speed tests verified within ninety minutes.",english,travel_hotels,appreciation,positive,amenities,none,none,none,simple,none
TR433,"bhai underground fiber cable road excavation me cut ho gayi 2 din se pura area bina internet ke baitha hai zero updates",hinglish,travel_hotels,complaint,negative,location,poor_location,medium,none,simple,"Provide daily detour updates during major road works"
TR434,"Does this home broadband package bundle dynamic IP protection against distributed denial of service attacks?",english,travel_hotels,question,neutral,amenities,none,none,none,moderate,none
TR435,"The fiber broadband speed is adequate for streaming, though latency increases noticeably when multiple household devices upload files.",english,travel_hotels,complaint,mixed,wifi,none,low,none,moderate,"Implement active queue management on vehicle dispatches"
TR436,"Clean dual-band Wi-Fi coverage across all rooms, zero dead zones, optical power levels calibrated cleanly to negative 18dBm.",english,travel_hotels,appreciation,positive,wifi,none,none,none,simple,none
TR437,"bhai postpaid bill me unexplained VAS charges add kar diye billing department query attend karne ko taiyar nahi hai",hinglish,travel_hotels,complaint,negative,payment,payment_issue,medium,none,moderate,"Audit and remove unauthorized ancillary trip charges"
TR438,"Allow subscribers to customize their daily data quota reset timing to align with personal night shift work routines.",english,travel_hotels,suggestion,neutral,booking,none,none,none,moderate,"Provide customizable scheduled ride repeat intervals"
TR439,"Smooth fiber broadband renewal, payment processed via UPI, and the 300 Mbps bandwidth tier was restored within two minutes.",english,travel_hotels,appreciation,positive,payment,none,none,none,simple,none
TR440,"bhai outdoor fiber cable building ke entrance pe loose latak rahi hai accident hone ka danger hai careless installation",hinglish,travel_hotels,complaint,negative,amenities,none,medium,none,moderate,"Secure vehicle luggage racks and exterior attachments properly"
TR441,"Is there an annual fee discount if a subscriber prepays twelve months of residential fiber broadband rental in advance?",english,travel_hotels,question,neutral,price,none,none,none,moderate,none
TR442,"The mobile network coverage is decent across the township, but signal strength drops to emergency calls only inside elevators.",english,travel_hotels,informational,mixed,amenities,none,low,none,moderate,none
TR443,"Retail gallery staff guided me through configuring private APN settings on my dual-SIM handset to ensure seamless roaming data.",english,travel_hotels,appreciation,positive,hotel_staff,none,none,none,moderate,none
TR444,"bhai mobile app me bill payment receipts download nahi hoti error 404 show karta hai billing records access nahi ho rahe",hinglish,travel_hotels,complaint,negative,app,app_issue,medium,none,simple,"Fix broken download links on trip invoice portal"
TR445,"Telecom apps should allow users to test their real-time optical power level directly on the diagnostic settings screen.",english,travel_hotels,suggestion,neutral,app,none,none,none,moderate,"Display vehicle battery and AC telemetry inside passenger app"
TR446,"Flawless 5G performance, download speeds cross 400 Mbps consistently, streaming 4K video with zero buffering delay.",english,travel_hotels,appreciation,positive,amenities,none,none,none,moderate,none
TR447,"bhai prepaid recharge validity 28 din kyu hoti hai full calendar month kyu nahi dete transparent loot macha rakhi hai",hinglish,travel_hotels,complaint,negative,price,high_price,medium,none,moderate,"Offer transparent flat-rate monthly ride passes"
TR448,"Can corporate customers request consolidated tax invoices with segregated departmental employee numbers for auditing?",english,travel_hotels,question,neutral,payment,none,none,none,moderate,none
TR449,"The fiber connection offers excellent throughput, though the bundled landline phone instrument exhibits noticeable line hum.",english,travel_hotels,complaint,mixed,amenities,none,low,none,moderate,"Maintain vehicle sound insulation properly"
TR450,"Polite staff, swift SIM card replacement, zero wait times at retail store, highly satisfied with telecom services.",english,travel_hotels,appreciation,positive,hotel_staff,none,none,none,simple,none
TR451,"bhai mobile internet me upload speed barely 200Kbps aa rahi hai video conference meetings attend karna impossible ho gaya",hinglish,travel_hotels,complaint,negative,wifi,none,high,none,simple,"Improve peak hour vehicle transit speeds"
TR452,"Provide option to set custom daily spending ceilings for mobile data separate from voice balance.",english,travel_hotels,suggestion,neutral,price,none,none,none,moderate,"Provide independent daily spending caps for rides"
TR453,"Instant SMS updates for recharge confirmations, clear plan descriptions, exceptional telecom tracking.",english,travel_hotels,appreciation,positive,booking_confirmation,none,none,none,moderate,none
TR454,"bhai unauthorized postpaid connection activate kar diya meri ID pe bina mere knowledge ke fraud management",hinglish,travel_hotels,complaint,negative,booking,none,high,mild,"Enforce biometric verification on passenger accounts"
TR455,"How can I get an official stamped certificate of my broadband connection address for passport verification?",english,travel_hotels,question,neutral,customer_support,none,none,none,moderate,none
TR456,"The mobile network dashboard is user friendly, though locating the unbilled postpaid usage summary takes too long.",english,travel_hotels,complaint,mixed,app,app_issue,low,none,moderate,"Place unbilled fare summaries on home dashboard"
TR457,"Customer care desk reversed the erroneous roaming fee within twenty-four hours of lodging complaint.",english,travel_hotels,appreciation,positive,customer_support,none,none,none,moderate,none
TR458,"bhai router ka Wi-Fi radio bar bar switch off ho jata hai har aadhe ghante me restart karna padta hai defective box",hinglish,travel_hotels,complaint,negative,wifi,wifi_issue,high,none,simple,"Replace failing vehicle hardware promptly"
TR459,"Prompt customer support executive assisted with unblocking my temporarily locked eSIM profile in three minutes.",english,travel_hotels,appreciation,positive,customer_support,none,none,none,moderate,none
TR460,"bhai technician ne optical wire splice karte waqt wall pe ganda mark chhod diya careless workmanship",hinglish,travel_hotels,complaint,negative,room_cleanliness,unclean_vehicle,low,none,simple,"Instruct drivers to handle passenger luggage cleanly"
TR461,"Can we select preferred notification channels like WhatsApp or SMS for telecom recharge alerts?",english,travel_hotels,suggestion,neutral,app,none,none,none,moderate,"Allow channel selection for trip alerts"
TR462,"The 5G service was activated within an hour, though physical nano SIM delivery took two days.",english,travel_hotels,informational,mixed,amenities,none,low,none,moderate,none
TR463,"Quick transfer, polite helpline support, seamless mobile network app, completely satisfied with services.",english,travel_hotels,appreciation,positive,customer_support,none,none,none,simple,none
TR464,"bhai customer care executive ne issue sune bina call transfer karke disconnect kar di irresponsible staff",hinglish,travel_hotels,complaint,negative,customer_support,support_delay,high,none,moderate,"Monitor unauthorized call drop-offs by agents"
TR465,"Does the telecom provider offer doorstep physical SIM delivery for senior citizen customers?",english,travel_hotels,question,neutral,travel_booking,none,none,none,moderate,none
TR466,"Crisp voice clarity on VoLTE calls, swift call setup times, zero dropped calls, dependable network.",english,travel_hotels,appreciation,positive,travel_booking,none,none,none,moderate,none
TR467,"bhai mobile app me data balance statement download karne jao to file corrupt ho jati hai fix this bug",hinglish,travel_hotels,complaint,negative,app,app_issue,low,none,simple,"Ensure generated trip receipt files are uncorrupted"
TR468,"Allow customers to schedule automatic monthly broadband recharge payments directly through the mobile app.",english,travel_hotels,suggestion,neutral,payment,none,none,none,moderate,"Enable automated recurring ride payments"
TR469,"Superb experience porting number to new network, store executive was polite and verification was fast.",english,travel_hotels,appreciation,positive,hotel_staff,none,none,none,simple,none
TR470,"bhai fiber connection dead ho gaya account se 1000 cut gaye par internet restore nahi hua 3 din se",hinglish,travel_hotels,complaint,negative,payment,payment_issue,high,none,simple,"Speed up restoration for verified payment holds"
TR471,"Is there an estimated maintenance window during which broadband services remain offline on Sundays?",english,travel_hotels,question,neutral,booking,none,none,none,moderate,none
TR472,"The mobile data offers fast browsing, though upload speeds drop significantly during evening hours.",english,travel_hotels,informational,mixed,wifi,none,low,none,moderate,none
TR473,"Super fast fiber broadband installation, line operational within three hours of booking, very impressed.",english,travel_hotels,appreciation,positive,amenities,none,none,none,simple,none
TR474,"bhai unauthorized roaming charge lag gaya 500 ka customer care phone pick hi nahi kar raha useless telecom",hinglish,travel_hotels,complaint,negative,price,none,high,mild,"Ensure immediate phone pick-up for fare disputes"
TR475,"Allow users to temporarily lower transaction limits on international roaming data packs during foreign travel.",english,travel_hotels,suggestion,neutral,price,none,none,none,moderate,"Provide flexible trip fare limit controls"
TR476,"Clean and pleasant retail store environment, customer desk executed SIM replacement within ninety seconds.",english,travel_hotels,appreciation,positive,customer_support,none,none,none,simple,none
TR477,"bhai porting code ka SMS mobile par 20 minute late aa raha hai validity expire ho jati hai bar bar",hinglish,travel_hotels,complaint,negative,booking,none,medium,none,simple,"Ensure real-time dispatch of booking OTP codes"
TR478,"Can we set custom notification sounds for data exhaustion warnings inside the self-care app?",english,travel_hotels,question,neutral,app,none,none,none,moderate,none
TR479,"The mobile app is responsive, but downloading tax invoices requires redundant navigation steps.",english,travel_hotels,complaint,mixed,app,app_issue,low,none,moderate,"Simplify access path for tax invoices"
TR480,"Delivered on time, replacement SIM card arrived in intact security envelope with clear activation steps.",english,travel_hotels,appreciation,positive,amenities,none,none,none,simple,none
TR481,"bhai call connect hote hi robotic audio aati hai aur receiver bolta hai aawaz cut rahi hai ghatiya quality",hinglish,travel_hotels,complaint,negative,travel_booking,none,medium,none,simple,"Eliminate robotic audio distortion on driver communications"
TR482,"Offer round-up savings where spare change from recharge payments goes directly into a digital wallet deposit.",english,travel_hotels,suggestion,neutral,payment,none,none,none,moderate,"Introduce spare-change savings on fares"
TR483,"Instant fiber bill settlement through UPI, available validity restored on dashboard in under thirty seconds.",english,travel_hotels,appreciation,positive,payment,none,none,none,moderate,none
TR484,"bhai mobile account me se quarterly charges kat liye bina kisi prior SMS notification ke",hinglish,travel_hotels,complaint,negative,price,high_price,low,none,moderate,"Send prior notifications before debiting service fees"
TR485,"Where can I check if my residential broadband connection is eligible for high-speed fiber upgrades?",english,travel_hotels,question,neutral,booking,none,none,none,moderate,none
TR486,"The mobile plan tariff is competitive, though administrative fees on postpaid conversion were higher than expected.",english,travel_hotels,informational,mixed,price,none,low,none,moderate,none
TR487,"Pristine digital onboarding, eSIM activation finished in under four minutes, very smooth workflow.",english,travel_hotels,appreciation,positive,check_in,none,none,none,moderate,none
TR488,"bhai fiber router auto-recharge ho gaya account se par internet status offline show ho raha hai",hinglish,travel_hotels,complaint,negative,wifi,none,medium,none,simple,"Ensure instantaneous vehicle sync upon booking"
TR489,"Enable dark mode on the mobile web self-care dashboard to reduce screen glare during nighttime browsing.",english,travel_hotels,suggestion,neutral,app,none,none,none,moderate,"Implement accessible dark theme on passenger app"
TR490,"Smooth SIM card replacement, clean credentials issued, receipt printed clearly, completely satisfied with service.",english,travel_hotels,appreciation,positive,hotel_staff,none,none,none,simple,none
TR491,"bhai failed recharge ka refund 6 din se pending hai bank aur telecom ek dusre pe blame daal rahe hain",hinglish,travel_hotels,complaint,negative,refund,refund_delay,high,none,moderate,"Establish unified resolution for failed trip debits"
TR492,"Is there an option to schedule recurring monthly fiber broadband payments directly from savings accounts?",english,travel_hotels,question,neutral,payment,none,none,none,moderate,none
TR493,"The mobile network offers great data speeds, though customer service helpline queues are longer than necessary.",english,travel_hotels,appreciation,mixed,customer_support,support_delay,low,none,moderate,none
TR494,"Polite executive, fast account verification, clear guidelines, exceptional telecom store experience throughout.",english,travel_hotels,appreciation,positive,hotel_staff,none,none,none,simple,none
TR495,"bhai fiber broadband drop wire cut hone par complain ki thi 4 din ho gaye technician visit ka koi update nahi aaya",hinglish,travel_hotels,complaint,negative,amenities,amenity_unavailable,medium,none,simple,"Dispatch pickup drivers within 24 hours"
TR496,"Telecom providers should offer an instant lock switch for international roaming data directly on the mobile app home screen.",english,travel_hotels,suggestion,neutral,app,none,none,none,moderate,"Add instant emergency lock switch on app home screen"
TR497,"Steaming fast 5G mobile data speeds verified during late night hours, file downloads finished within ten seconds.",english,travel_hotels,appreciation,positive,wifi,none,none,none,moderate,none
TR498,"bhai SIM replacement charge kat gaya account se jabki maine replacement request dali hi nahi thi",hinglish,travel_hotels,complaint,negative,price,unexpected_charge,medium,none,moderate,"Require user approval before renewing paid ride passes"
TR499,"Can customers set independent daily data usage limits for tethered Wi-Fi hotspot versus mobile phone browsing?",english,travel_hotels,question,neutral,wifi,none,none,none,moderate,none
TR500,"Flawless broadband connection, instant optical sync, zero latency jitter, seamless internet browsing experience.",english,travel_hotels,appreciation,positive,wifi,none,none,none,moderate,none