id,text,language,service,behavior,sentiment,aspect,issue,severity,abuse,complexity,suggestion
ED001,"The physics faculty breaks down complex numerical problems with intuitive visual analogies.",english,education,appreciation,positive,teaching_quality,none,none,none,simple,none
ED002,"The live lectures are undeniably engaging, but the learning app constantly logs users out during full-screen playback.",english,education,complaint,mixed,learning_app,app_issue,medium,none,complex,"Fix persistent session logout glitch on mobile app"
ED003,"bhai 15 din ho gaye course cancel kiye hue abhi tak refund mere bank account me nahi aaya",hinglish,education,complaint,negative,refund,refund_delay,high,none,moderate,"Process student fee refunds within committed timeframes"
ED004,"What is the minimum attendance percentage required to sit for the end-semester laboratory practicals?",english,education,question,neutral,attendance,none,none,none,moderate,none
ED005,"Doubt clearing session me mentor ne saare coding questions step-by-step debug karke dikhaye maza aa gaya.",hinglish,education,appreciation,positive,doubt_solving,none,none,none,simple,none
ED006,"Colleges should upload finalized semester examination timetables at least four weeks before practical exams begin.",english,education,suggestion,neutral,timetable,none,none,none,moderate,"Publish exam timetables four weeks in advance"
ED007,"the online portal crashed right during the last ten minutes of the timed GATE mock test, erasing all my marked responses",english,education,complaint,negative,test,test_issue,high,none,moderate,"Implement auto-save caching on test portals"
ED008,"I wouldn't describe the study notes as useless, but the complete lack of worked-out examples makes revision tedious.",english,education,complaint,mixed,study_material,poor_study_material,low,none,complex,"Include solved numerical examples in module notes"
ED009,"enrolled in the English speaking batch but the teacher conducts the entire lecture in colloquial dialect without explanation",english,education,complaint,negative,lecture,poor_teaching,medium,none,moderate,"Ensure classes align strictly with advertised medium of instruction"
ED010,"Submitted the data structures programming assignment on Thursday evening before the midnight deadline via git repo.",english,education,informational,neutral,assignment,none,none,none,simple,none
ED011,"bhai admission cell wale call pe sidhe muh baat nahi karte itna arrogant aur batameez staff hai",hinglish,education,complaint,negative,admission,poor_facility,high,mild,"Train admission counseling staff in professional etiquette"
ED012,"The central library reading hall is air-conditioned, well lit, and maintains strict pin-drop silence.",english,education,appreciation,positive,library,none,none,none,simple,none
ED013,"Can students opt for installment payment plans for the full-stack web development bootcamp fee?",english,education,question,neutral,fees,none,none,none,moderate,none
ED014,"audio feeds on the live lecture kept echoing and screeching for forty minutes while the tutor ignored student chat alerts",english,education,complaint,negative,online_class,online_class_issue,medium,none,moderate,"Monitor live classroom audio feeds actively"
ED015,"hardcopy study modules promised during offline orientation were missing three entire core mathematics booklets",english,education,complaint,negative,study_material,poor_study_material,medium,none,simple,"Dispatch complete set of printed module booklets"
ED016,"bhai test series ka evaluation 3 hafte se pending hai rank list kab nikaloge?",hinglish,education,complaint,negative,test,test_issue,medium,none,moderate,"Release mock test evaluation and percentiles promptly"
ED017,"The organic chemistry teacher handles reaction mechanisms masterfully, defying my initial dread of the subject.",english,education,appreciation,positive,teacher,none,none,none,moderate,none
ED018,"Coaching institutes should provide searchable text transcripts alongside recorded video lectures for quick keyword lookup.",english,education,suggestion,neutral,recorded_lecture,none,none,none,moderate,"Provide searchable transcripts for recorded lectures"
ED019,"bhai coupon code checkout pe apply ho gaya par payment gateway ne bina discount ke full amount debit kar diya",hinglish,education,complaint,negative,fees,fee_issue,medium,none,moderate,"Sync promotional discounts across checkout payment gateways"
ED020,"The student mentor reached out personally to discuss study roadmaps and provided realistic weekly target plans.",english,education,appreciation,positive,student_support,none,none,none,moderate,none
ED021,"Although the daily practice worksheets are well-curated, the answer keys contain multiple typographical errors.",english,education,complaint,mixed,study_material,assignment_issue,low,none,complex,"Proofread practice problem answer keys thoroughly"
ED022,"the computer science lab machines run obsolete software and half the keyboards have missing keys",english,education,complaint,negative,campus,poor_facility,high,none,moderate,"Upgrade laboratory hardware and operating environments"
ED023,"semester fee slip download ho gayi aur receipt pe transaction reference number bhi clearly printed tha",hinglish,education,informational,neutral,fees,none,none,none,simple,none
ED024,"Does this university offer official credit transfers for courses completed on recognized online platforms?",english,education,question,neutral,university,none,none,none,moderate,none
ED025,"Pathetic management took sixty thousand rupees fee and cancelled batch without warning bloody money minded frauds",english,education,complaint,negative,admission,admission_issue,high,severe,"Do not cancel enrolled batches abruptly without restitution"
ED026,"dsa mentor ne dynamic programming itne easy visual way me padhai ki saare recursive tree doubts clear ho gaye",hinglish,education,appreciation,positive,teaching_quality,none,none,none,simple,none
ED027,"I wouldn't say the mock tests are entirely unhelpful, but their difficulty level is completely detached from the actual exam pattern.",english,education,complaint,mixed,test,test_issue,medium,none,complex,"Align mock test difficulty with contemporary exam trends"
ED028,"Course completion certificate arrived digitally with verifiable QR code within two hours of passing the capstone project.",english,education,appreciation,positive,certificate,none,none,none,moderate,none
ED029,"kya migration certificate apply karne ke liye physical college counter pe jana mandatory hai?",hinglish,education,question,neutral,certificate,none,none,none,simple,none
ED030,"Hostel warden was extremely rude, refused to look into the non-functional geysers and yelled at resident scholars.",english,education,complaint,negative,campus,poor_facility,medium,mild,"Ensure hostel wardens address basic maintenance grievances politely"
ED031,"The live lecture video playback freezes every time the instructor switches between slide deck and IDE screen.",english,education,complaint,negative,online_class,online_class_issue,medium,none,moderate,"Optimize screen share resolution switches in lecture software"
ED032,"Platform crashed during the live scholarship test and answers could not be submitted despite multiple attempts.",english,education,complaint,negative,website,website_issue,high,none,complex,"Enhance server load balancing during scholarship exams"
ED033,"The instructor's subject knowledge is impressive, although their pace of speaking is so hurried that taking notes is impossible.",english,education,appreciation,mixed,teaching_quality,unclear_explanation,low,none,complex,"Pace spoken explanations to allow effective note-taking"
ED034,"bhai offline library me Wi-Fi speed itni slow hai ki research papers download tak nahi hote",hinglish,education,complaint,negative,library,poor_facility,medium,none,moderate,"Upgrade library Wi-Fi bandwidth infrastructure"
ED035,"Comprehensive question bank with detailed video solutions for each challenging numerical, superb resource.",english,education,appreciation,positive,study_material,none,none,none,moderate,none
ED036,"kya college mess me healthy Jain meal options provide kiye jate hain regularly?",hinglish,education,question,neutral,campus,none,none,none,moderate,none
ED037,"Lab technician patiently guided each team through oscilloscope calibrations during the analog electronics lab exam.",english,education,appreciation,positive,faculty,none,none,none,complex,none
ED038,"Campus cleanliness is commendable, with manicured lawns, clean restrooms, and continuous maintenance staff rounds.",english,education,appreciation,positive,campus,none,none,none,moderate,none
ED039,"Found water seepage on electric switchboards inside the mechanical engineering workshop, severe safety negligence.",english,education,complaint,negative,facilities,poor_facility,high,none,moderate,"Repair hazardous electrical fixtures in workshops immediately"
ED040,"recording abhi tk upload nhi hui kal subah test h aur revision pending h",hinglish,education,complaint,negative,recorded_lecture,recording_issue,medium,none,simple,"Upload daily class recordings within four hours of session"
ED041,"While the faculty is undeniably brilliant, the administrative office takes three weeks just to verify a bonafide letter.",english,education,complaint,mixed,student_support,support_delay,medium,none,complex,"Streamline administrative document issuance processes"
ED042,"Can students request an re-evaluation of the mid-semester internal assessment answer sheets?",english,education,question,neutral,exam,none,none,none,moderate,none
ED043,"annual hostel fee 80000 charge karte hain par drinking water cooler pure summer season me kharab rehta hai",hinglish,education,complaint,negative,fees,poor_facility,medium,none,simple,"Ensure functional drinking water coolers across student hostels"
ED044,"Everything was running smoothly until the weekend batch timetable was rescheduled late on Friday midnight.",english,education,complaint,mixed,timetable,timetable_issue,medium,none,moderate,"Notify timetable changes at least 48 hours in advance"
ED045,"Online learning portals should provide an integrated code playground so learners do not need external compilers.",english,education,suggestion,neutral,learning_app,none,none,none,moderate,"Integrate in-browser code editor inside learning portal"
ED046,"the air conditioning in the main examination hall stopped working during the three-hour thermodynamics paper",english,education,complaint,negative,facilities,poor_facility,medium,none,simple,"Ensure backup cooling systems in examination halls"
ED047,"bhaiya mentor ne raat ko 11 baje bhi major project ka bug trace karne me help ki thank you so much",hinglish,education,appreciation,positive,doubt_solving,none,none,none,moderate,none
ED048,"Is there a penalty deduction if a student cancels admission within fifteen days of counseling seat allotment?",english,education,question,neutral,refund,none,none,none,moderate,none
ED049,"Lectures are structured, doubt resolution isn't.",english,education,complaint,mixed,doubt_solving,doubt_not_resolved,medium,none,simple,"Accelerate response time on community doubt forums"
ED050,"terrible experience admission counselor made false promises regarding 100 percent placement records shameless liars",hinglish,education,complaint,negative,admission,admission_issue,high,severe,"Provide audited genuine placement reports during admission"
ED051,"Systematic mock interview session with actionable feedback on behavioral and technical nuances, highly beneficial.",english,education,appreciation,positive,student_support,none,none,none,simple,none
ED052,"bhai portal me attendance percentage 60 percent show ho rahi hai jabki maine saari classes attend ki hain fix karo",hinglish,education,complaint,negative,attendance,attendance_issue,high,none,moderate,"Reconcile digital portal attendance with physical registers"
ED053,"Honestly, I expected dry theoretical monologues, but the machine learning mentor used real case studies effectively.",english,education,appreciation,mixed,teaching_quality,none,none,none,complex,none
ED054,"App throws continuous network error when attempting to download offline lecture videos on Android 14 devices.",english,education,complaint,negative,learning_app,app_issue,medium,none,moderate,"Resolve offline video download crash on latest OS versions"
ED055,"kya placement cell off-campus job drives ke liye NOC provide karta hai final year students ko?",hinglish,education,question,neutral,student_support,none,none,none,moderate,none
ED056,"Printed reference material arrived with pages bound upside down and missing complete chapter on thermodynamics.",english,education,complaint,negative,study_material,poor_study_material,high,none,moderate,"Implement quality control checks before dispatching books"
ED057,"The career guidance cell organized weekly mock placement drives with real industry managers, superb exposure.",english,education,appreciation,positive,student_support,none,none,none,moderate,none
ED058,"EdTech apps should display live doubt resolution queues so students know how long until a mentor connects.",english,education,suggestion,neutral,doubt_solving,none,none,none,moderate,"Display estimated wait times on live doubt queues"
ED059,"faculty delayed sharing the syllabus outline by two months and now rushing through four units in two weeks useless planning",english,education,complaint,negative,lecture,lecture_delay,medium,mild,"Enforce balanced syllabus completion milestones"
ED060,"The mathematics faculty solves problems with elegance, though their whiteboard handwriting is often too tiny to decipher.",english,education,appreciation,mixed,teaching_quality,unclear_explanation,low,none,moderate,"Use larger and clearer fonts or board writing"
ED061,"certificate kab dispatch hoga?? 2 mahine ho gye course complete kiye hue",hinglish,education,question,negative,certificate,certificate_delay,medium,none,simple,"Expedite printing and dispatch of physical certificates"
ED062,"Eco-friendly paper bags used for study kit dispatches instead of heavy plastic sleeves, very thoughtful initiative.",english,education,appreciation,positive,study_material,none,none,none,simple,none
ED063,"Customer care chatbot keeps looping automated questions about batch enrollment without connecting to fee support.",english,education,complaint,negative,technical_support,support_delay,medium,none,moderate,"Provide direct human executive escalation in support chats"
ED064,"semester grade card me name misspelled tha aur correction counter wale 500 rupay penalty maang rahe hain",hinglish,education,complaint,negative,certificate,fee_issue,medium,none,moderate,"Waive clerical correction fees on institute grade cards"
ED065,"Are merit-based tuition fee waivers continued automatically in the second academic year?",english,education,question,neutral,fees,none,none,none,moderate,none
ED066,"Account desk clerk demanded separate cash fee for bus pass stamping despite full transport fees cleared online.",english,education,complaint,negative,fees,fee_issue,low,none,moderate,"Ban undocumented cash collections at transport counters"
ED067,"The discrete mathematics lectures are intellectually stimulating and encourage independent algorithmic thinking.",english,education,appreciation,positive,teaching_quality,none,none,none,moderate,none
ED068,"bhai extra test series module cart me add kiya tha receipt aayi par test dashboard pe unlock nahi hua",hinglish,education,complaint,negative,test,test_issue,low,none,moderate,"Unlock purchased test modules automatically upon payment"
ED069,"The coaching material is undeniably comprehensive, although having daily four-hour classes leaves negligible self-study time.",english,education,complaint,mixed,timetable,timetable_issue,medium,none,complex,"Design sustainable daily schedules leaving room for revision"
ED070,"How long does the academic grievance committee take to review complaints regarding laboratory grading bias?",english,education,question,neutral,student_support,none,none,none,moderate,none
ED071,"Classroom projector bulb was dead and the teacher read the entire database schema from a mobile screen in dark.",english,education,complaint,negative,facilities,poor_facility,high,none,moderate,"Maintain functioning projectors in all lecture halls"
ED072,"competitive exam crash course was useful but the classroom benches were cramped and broken",english,education,complaint,mixed,facilities,poor_facility,low,none,simple,"Replace damaged classroom desks with ergonomic furniture"
ED073,"subah 10 baje project submit kiya tha 2 baje mentor ne review points bhej diye super quick feedback",hinglish,education,appreciation,positive,assignment,none,none,none,simple,none
ED074,"Institutes should offer an option to attend practical lab demonstrations in smaller batches of ten students.",english,education,suggestion,neutral,lecture,none,none,none,moderate,"Cap practical laboratory batch sizes to ten learners"
ED075,"boys hostel washrooms me sanitation bilkul kharab hai water supply subah 8 baje cut ho jati hai",hinglish,education,complaint,negative,campus,poor_facility,high,none,simple,"Ensure uninterrupted water supply in hostel blocks"
ED076,"Course instructor skipped critical database normalization theorems completely, citing lack of remaining semester hours.",english,education,complaint,negative,teaching_quality,poor_teaching,high,none,moderate,"Complete full foundational syllabus without truncating topics"
ED077,"The visiting guest lecturer from industry shared practical microservices deployment challenges with remarkable lucidity.",english,education,appreciation,positive,faculty,none,none,none,moderate,none
ED078,"Does the central library remain open 24 hours during end-semester preparatory study leave?",english,education,question,neutral,library,none,none,none,moderate,none
ED079,"I wouldn't call the online test portal broken, but submitting the subjective answers requires too many compression steps.",english,education,complaint,mixed,test,website_issue,low,none,complex,none
ED080,"fraudulent institute closed operations midway through semester and management vanished with student fees thieves",english,education,complaint,negative,admission,admission_issue,high,severe,"Institute regulatory scrutiny on private coaching operations"
ED081,"Delivered student identity card, bus pass, and library badge neatly packed together on day one of orientation.",english,education,appreciation,positive,student_support,none,none,none,simple,none
ED082,"app me live quiz me tap karo to option select nahi hota aur timer zero ho jata hai fix this bug",hinglish,education,complaint,negative,learning_app,app_issue,medium,none,simple,"Optimize screen touch responsiveness during timed quizzes"
ED083,"The mentor explains algorithms patiently, though their audio setup catches severe background traffic honking.",english,education,appreciation,mixed,online_class,online_class_issue,none,none,complex,"Use noise-cancelling microphones for live remote broadcasts"
ED084,"Are concession forms for railway season tickets verified and stamped by the college on weekends?",english,education,question,neutral,facilities,none,none,none,moderate,none
ED085,"bhai hardcopy books ka carton poora geela deliver hua baarish me delivery partner ki laparwahi thi",hinglish,education,complaint,negative,study_material,poor_study_material,low,none,moderate,"Wrap printed book shipments in water-resistant envelopes"
ED086,"Interactive coding assessments with instant automated test-case evaluation provide superb hands-on practice.",english,education,appreciation,positive,assignment,none,none,none,simple,none
ED087,"Please introduce an option to adjust video playback playback speeds in finer increments like 1.1x and 1.3x.",english,education,suggestion,neutral,learning_app,none,none,none,moderate,"Add variable playback speed controls in video player"
ED088,"worst coaching management ever rescheduled the mock exam three times on the morning of the test useless coordinators",english,education,complaint,negative,test,timetable_issue,high,mild,"Lock mock exam dates without last-minute rescheduling"
ED089,"booked evening doubt slot with math faculty received junior assistant who could not solve the problem",hinglish,education,complaint,negative,doubt_solving,doubt_not_resolved,medium,none,simple,"Ensure designated faculty conducts committed doubt hours"
ED090,"A pleasant semester orientation, dean addressed students warmly, detailed credit system and campus clubs thoroughly.",english,education,informational,positive,campus,none,none,none,simple,none
ED091,"bhai teachers knowledgeable hain bas practical labs me equipment count kam hai sharing karni padti hai",hinglish,education,suggestion,mixed,facilities,poor_facility,low,none,moderate,"Procure sufficient laboratory apparatus for individual use"
ED092,"Why did the administration deduct one thousand rupees as processing fee on security deposit refunds?",english,education,question,negative,refund,fee_issue,medium,none,moderate,"Abolish arbitrary deduction charges on security deposits"
ED093,"The digital learning dashboard with trackable milestone badges and streak tracking encourages consistent daily coding.",english,education,appreciation,positive,learning_app,none,none,none,moderate,none
ED094,"bhai website login page captcha repeatedly fail show karta hai credentials sahi hone par bhi",hinglish,education,complaint,negative,website,login_issue,medium,none,moderate,"Fix captcha verification loop on student login portal"
ED095,"Not exactly the most responsive academic helpdesk, but they eventually updated my elective paper enrollment correctly.",english,education,informational,mixed,student_support,support_delay,low,none,complex,none
ED096,"examination cell uploaded question paper containing questions completely outside the designated university syllabus",english,education,complaint,negative,exam,exam_issue,high,none,moderate,"Review examination papers against prescribed syllabus limits"
ED097,"placement registration portal pe resume upload karne jao to file size limit sirf 100kb allow karta hai",hinglish,education,complaint,negative,website,website_issue,low,none,moderate,"Increase resume attachment size limits on placement portal"
ED098,"Can final year engineering students request remote proctoring for supplementary back-paper examinations?",english,education,question,neutral,exam,none,none,none,moderate,none
ED099,"Exemplary guidance by the project supervisor, reviewed hardware schematics thoroughly and helped order correct microcontroller boards.",english,education,appreciation,positive,faculty,none,none,none,simple,none
ED100,"bhai library fine 50 rupay per day charge karte hain par online book renewal ka option portal pe dete hi nahi",hinglish,education,complaint,negative,library,fee_issue,medium,none,moderate,"Introduce online library book renewal facility"
ED101,"The chemistry lab assistant refused to issue standard reagents, demanding students procure them from private vendors.",english,education,complaint,negative,facilities,poor_facility,high,none,moderate,"Supply all required laboratory chemicals in-house"
ED102,"systematic revision classes conducted before university finals helped consolidate core theoretical derivations effectively.",english,education,appreciation,positive,teaching_quality,none,none,none,simple,none
ED103,"bhai offline class me speaker system se buzzing sound aati rehti hai teacher ki aawaz dab jati hai",hinglish,education,complaint,negative,facilities,poor_facility,medium,none,simple,"Upgrade acoustic public address systems in large lecture halls"
ED104,"Please mention the exact room numbers and campus building names on the examination hall ticket PDF.",english,education,suggestion,neutral,exam,none,none,none,moderate,"Print explicit examination room numbers on admit cards"
ED105,"Where do I submit migration clearance forms after completing the four-year undergraduate engineering degree?",english,education,question,neutral,student_support,none,none,none,moderate,none
ED106,"Super quick turnaround, uploaded query on doubt portal at midnight, received video explanation by 7 AM.",english,education,appreciation,positive,doubt_solving,none,none,none,simple,none
ED107,"The software engineering assignment specifications were contradictory, and teaching assistants gave conflicting guidance on forums.",english,education,complaint,negative,assignment,assignment_issue,medium,none,moderate,"Standardize assignment guidelines across teaching assistants"
ED108,"bhai fees 1 lakh 20 hazar li par campus me drinking water tap se contaminated dirty paani aata hai",hinglish,education,complaint,negative,facilities,poor_facility,high,none,simple,"Install industrial RO filtration plants on campus"
ED109,"While the video lectures are visually engaging, the mobile app consumes an unreasonable amount of battery and heats up.",english,education,complaint,mixed,learning_app,app_issue,medium,none,complex,"Optimize mobile video decoder to reduce battery drain"
ED110,"The academic dean listened patiently to student transport concerns and added two new bus routes immediately.",english,education,appreciation,positive,student_support,none,none,none,moderate,none
ED111,"fee refund for withdrawn elective course was processed back to original UPI account within three working days.",english,education,appreciation,positive,refund,none,none,none,moderate,none
ED112,"canteen food quality is oily and unhygienic several students suffered from food poisoning this week",hinglish,education,complaint,negative,campus,poor_facility,high,none,simple,"Enforce food safety and hygiene audits in student canteens"
ED113,"Why is an extra late fine charged on semester registration when the online fee payment gateway was down for three days?",english,education,question,negative,fees,fee_issue,medium,none,moderate,"Waive late fees incurred due to payment gateway downtimes"
ED114,"Allow students to bookmark specific timestamps inside recorded lectures with private personalized study notes.",english,education,suggestion,neutral,recorded_lecture,none,none,none,moderate,"Add timestamp bookmarking and note-taking in video player"
ED115,"The biology lectures are engaging, but the professor rarely finishes the designated agenda within the allotted hour.",english,education,complaint,mixed,lecture,timetable_issue,low,none,moderate,"Manage lecture pacing to conclude topics within schedule"
ED116,"bhai examination form submit kiya par admit card generate nahi hua helpline phone pick nahi karti panic mode",hinglish,education,complaint,negative,exam,support_delay,high,none,simple,"Deploy dedicated emergency lines before exam admit card releases"
ED117,"Warm and encouraging feedback on capstone project report, supervisor highlighted structural improvements with care.",english,education,appreciation,positive,faculty,none,none,none,moderate,none
ED118,"account office staff shouted at an orphaned scholarship student over pending verification stamps heartless behavior",english,education,complaint,negative,student_support,poor_facility,high,severe,"Sensitize administrative staff handling scholarship verifications"
ED119,"Can distance education learners access the university digital e-library archives through remote proxy access?",english,education,question,neutral,library,none,none,none,moderate,none
ED120,"course enrollment confirmation letter instantly email pe aa gaya portal access bhi within 5 minutes activate ho gaya",hinglish,education,appreciation,positive,admission,none,none,none,simple,none
ED121,"The operating systems tutor explains semaphores brilliantly, though the slide text is cluttered with dense tiny paragraphs.",english,education,complaint,mixed,teaching_quality,unclear_explanation,low,none,moderate,"Format presentation slides with clean bullet points and diagrams"
ED122,"fraud coaching promised foreign certified trainers but deployed fresh undergraduate college passouts without subject mastery",english,education,complaint,negative,faculty,poor_teaching,high,severe,"Ensure trainers possess verified credentials and industry background"
ED123,"Include an option on the learning portal to download all weekly reading PDFs in a single consolidated zip file.",english,education,suggestion,neutral,study_material,none,none,none,moderate,"Provide one-click batch download for weekly study files"
ED124,"robotics laboratory is equipped with precision multi-axis arms, 3D printers, and adequate components for student projects.",english,education,appreciation,positive,facilities,none,none,none,simple,none
ED125,"bhai online test series me questions 5 saal purane pattern ke dale hue hain updated syllabus follow nahi kiya",hinglish,education,complaint,negative,test,test_issue,medium,none,simple,"Refresh mock test databases to reflect latest syllabus patterns"
ED126,"Is prior written approval required from the head of department to attend inter-college national technical symposiums?",english,education,question,neutral,student_support,none,none,none,moderate,none
ED127,"I received someone else's semester marksheet PDF on my registered student email address, severe breach of privacy.",english,education,complaint,negative,student_support,support_delay,high,none,moderate,"Verify student registration IDs before dispatching grade cards"
ED128,"Smooth admission workflow, document verification completed within thirty minutes, fee payment link was active instantly.",english,education,appreciation,positive,admission,none,none,none,simple,none
ED129,"bhaiya security guards ne campus me lost wallet trace karke return karwaya bohot honest staff hai",hinglish,education,appreciation,positive,campus,none,none,none,simple,none
ED130,"The algorithms course content is rigorous and well-designed, although the video streaming server buffers continuously on mobile data.",english,education,complaint,mixed,recorded_lecture,recording_issue,low,none,complex,"Implement dynamic bitrate streaming to reduce video buffering"
ED131,"examination superintendent tore a student's answer sheet alleging malpractice without checking the blank verification rough sheet",english,education,complaint,negative,exam,poor_facility,high,none,moderate,"Establish fair inquiry procedures before penalizing students"
ED132,"kya college campus me daytime parking stickers issue hote hain non-hosteller two-wheelers ke liye?",hinglish,education,question,neutral,campus,none,none,none,moderate,none
ED133,"Clean seminar hall, functional lapel microphones, crisp acoustic panels, and comfortable theater seating.",english,education,appreciation,positive,facilities,none,none,none,moderate,none
ED134,"the online assignment portal closed fifteen minutes before the official advertised midnight deadline, causing widespread zero marks",english,education,complaint,negative,assignment,assignment_issue,high,none,moderate,"Calibrate assignment submission timers strictly to server standard time"
ED135,"bhai project guide ne 3 mahine tak drafts review nahi kiye aur deadline aate hi bolte hain scratch se banao",hinglish,education,complaint,negative,faculty,unclear_explanation,medium,none,moderate,"Enforce regular periodic project review milestones for faculty"
ED136,"Educational apps should let users set daily study time caps to prevent digital screen exhaustion and eye strain.",english,education,suggestion,neutral,learning_app,none,none,none,moderate,"Introduce daily screen time limits inside study apps"
ED137,"The civil engineering survey lab provided modern total station instruments, giving excellent field surveying competence.",english,education,appreciation,positive,facilities,none,none,none,moderate,none
ED138,"How can an alumnus obtain an attested duplicate copy of the official university degree certificate?",english,education,question,neutral,certificate,none,none,none,simple,none
ED139,"course syllabus was okay okay type covering basic introductory syntax without diving into production design patterns",hinglish,education,complaint,mixed,teaching_quality,poor_study_material,low,none,simple,none
ED140,"The training and placement officer organized technical workshops tailored directly to recruitment test profiles.",english,education,appreciation,positive,student_support,none,none,none,moderate,none
ED141,"bhai test series ka subscription expire ho gaya bina kisi prior warning message ke course validity clear nahi thi",hinglish,education,complaint,negative,test,test_issue,medium,none,simple,"Send expiry alert notifications before revoking test access"
ED142,"Never joining this offline institute again, crammed ninety students into a tiny damp basement without fire exits dangerous trap",english,education,complaint,negative,campus,poor_facility,high,severe,"Comply with building safety norms and student density limits"
ED143,"Is Aadhaar authentication legally accepted as sole proof for changing official surname on academic records?",english,education,question,neutral,admission,none,none,none,moderate,none
ED144,"Monthly progress performance reports emailed to parents clearly highlighted strengths and specific revision recommendations.",english,education,appreciation,positive,communication,none,none,none,simple,none
ED145,"Faculty taught the networking unit well, but the practical socket programming exercises lacked working starter code.",english,education,complaint,mixed,assignment,assignment_issue,low,none,moderate,"Provide functional boilerplate code for programming assignments"
ED146,"bhai grievance email dale 2 hafte ho gaye exam cell se koi acknowledgment ticket generate kyu nahi hua?",hinglish,education,question,negative,student_support,support_delay,low,none,moderate,"Implement automated ticketing tracking for academic grievances"
ED147,"Great mock interview feedback overall, though the technical panelist joined fifteen minutes past the scheduled slot.",english,education,informational,mixed,student_support,timetable_issue,low,none,simple,none
ED148,"Student helpdesk took eighteen days to update the correct date of birth on the university portal, delaying competitive exam forms.",english,education,complaint,negative,student_support,support_delay,medium,none,moderate,"Accelerate clerical correction turnaround on student portals"
ED149,"data structures faculty ne recursion aur trees itne acche diagrams se explain kiye sab clear ho gaya",hinglish,education,appreciation,positive,teaching_quality,none,none,none,simple,none
ED150,"Universities should publish past five years' question papers with verified model solution keys on their official portals.",english,education,suggestion,neutral,study_material,none,none,none,moderate,"Host previous five years' question papers and answer keys"
ED151,"bhai compiler sandbox me code run karne par memory leak error deta hai jabki simple hello world program tha",hinglish,education,complaint,negative,technical_support,technical_issue,medium,none,simple,"Maintain and optimize online coding playground sandboxes"
ED152,"The compiler design mentor provided intuitive syntax tree derivations, demystifying a notoriously difficult theoretical subject.",english,education,appreciation,positive,teacher,none,none,none,moderate,none
ED153,"Can final semester students request an interim provisional completion letter for joining corporate employment?",english,education,question,neutral,certificate,none,none,none,moderate,none
ED154,"The coding questions were engaging, but the automated test platform penalized students for trailing newline characters.",english,education,complaint,mixed,assignment,assignment_issue,low,none,simple,"Make automated code evaluators resilient to whitespace differences"
ED155,"bhai online lecture platform baar baar disconnect hota hai aur audio robot jaisi aati hai connection stable hone par bhi",hinglish,education,complaint,negative,online_class,online_class_issue,high,none,moderate,"Upgrade streaming servers to eliminate robotic audio artifacts"
ED156,"Platform user interface is responsive, lecture chapters are timestamped cleanly, and homework submits with a drag-and-drop.",english,education,appreciation,positive,learning_app,none,none,none,moderate,none
ED157,"terrible examination hall management, no clock on wall, invigilator announced wrong remaining time inducing mass panic",english,education,complaint,negative,exam,poor_facility,medium,none,moderate,"Ensure functional synchronized wall clocks in all exam rooms"
ED158,"bhai aptitude mock test submit karte hi instant percentile aur weak topic breakdown mil gaya super analysis",hinglish,education,appreciation,positive,test,none,none,none,simple,none
ED159,"Does this university offer separate merit-based research fellowships for full-time doctoral candidates in computer science?",english,education,question,neutral,fees,none,none,none,complex,none
ED160,"Departmental clerk was abrasive, refused to accept project hardbound copies because the ribbon color was navy instead of royal blue.",english,education,complaint,negative,student_support,poor_facility,low,none,moderate,"Focus on content quality rather than arbitrary binding trivia"
ED161,"The system design lectures are illuminating, though the recorded screen capture resolution is too blurry to read terminal commands.",english,education,complaint,mixed,recorded_lecture,recording_issue,low,none,moderate,"Record code walkthroughs in minimum 1080p resolution"
ED162,"college sports complex has clean badminton courts, indoor table tennis setups, and well-maintained synthetic running tracks.",english,education,appreciation,positive,facilities,none,none,none,simple,none
ED163,"bhai scholarship portal pe document upload karne par session expired bolke logout kar deta hai useless website",hinglish,education,complaint,negative,website,website_issue,medium,mild,"Increase session timeout duration on scholarship upload forms"
ED164,"Provide an option on the learning portal to download all lecture subtitles in plain text format for offline study.",english,education,suggestion,neutral,learning_app,none,none,none,moderate,"Enable subtitle text file downloads for lectures"
ED165,"How can an undergraduate scholar apply for a duplicate semester fee clearance receipt if the physical slip is lost?",english,education,question,neutral,fees,none,none,none,simple,none
ED166,"Super swift verification, semester marks entered on university portal within twenty-four hours of paper checking conclusion.",english,education,appreciation,positive,exam,none,none,none,moderate,none
ED167,"bhai teacher class me aate hain bas slides read karke chale jate hain koi discussion ya concept explanation nahi hai",hinglish,education,complaint,negative,teaching_quality,poor_teaching,medium,none,moderate,"Encourage interactive explanations rather than verbatim slide reading"
ED168,"The campus cafeteria offers diverse meals, though dining counters are crowded due to limited billing cash registers.",english,education,informational,neutral,campus,poor_facility,low,none,simple,none
ED169,"hostel water filtration plant was dead for three weeks, forced students to purchase commercial mineral water cans daily",english,education,complaint,negative,campus,poor_facility,high,none,moderate,"Establish preventive maintenance contracts for hostel drinking water"
ED170,"Project mentor reviewed system architecture diagrams with precision, offered valuable database scaling insights, and encouraged innovation.",english,education,appreciation,positive,faculty,none,none,none,complex,none
ED171,"bhai evening batch class 6 baje honi thi teacher 7:15 baje aaye bina intimation diye hum wahan wait karte rahe",hinglish,education,complaint,negative,timetable,lecture_delay,medium,none,moderate,"Ensure timely communication of faculty arrival delays"
ED172,"Although the machine learning assignments are challenging and realistic, the compute server provided runs out of memory on basic datasets.",english,education,complaint,mixed,facilities,technical_issue,medium,none,complex,"Upgrade GPU and memory limits on student compute instances"
ED173,"Customer support desk resolved my login authentication error within ten minutes of submitting screenshot evidence.",english,education,appreciation,positive,technical_support,none,none,none,moderate,none
ED174,"bhai lab assistant ne record notebook checking ke naam pe 200 rupay bribe maangi openly corrupt environment",hinglish,education,complaint,negative,facilities,poor_facility,high,severe,"Enforce strict anti-corruption vigilance in academic departments"
ED175,"Educational institutions should publish an annual calendar showing all planned holidays, internal assessments, and result declarations.",english,education,suggestion,neutral,timetable,none,none,none,moderate,"Publish comprehensive yearly academic calendars upfront"
ED176,"Is the course curriculum certified and aligned with national skill development qualification frameworks?",english,education,question,neutral,study_material,none,none,none,moderate,none
ED177,"Mathematics department conducted regular problem-solving bootcamps before university finals, building immense exam confidence.",english,education,appreciation,positive,teaching_quality,none,none,none,simple,none
ED178,"bhai placement drive me shortlist hone ke baad bhi coordinator ne company interview link time pe share nahi kiya opportunity lost",hinglish,education,complaint,negative,student_support,communication_issue,high,none,moderate,"Send corporate interview credentials at least two hours prior"
ED179,"The course content is well-structured, but the learning platform lacks an intuitive search tool to find specific lecture topics.",english,education,complaint,mixed,learning_app,app_issue,low,none,moderate,"Implement in-course keyword search within lecture modules"
ED180,"utter rubbish coaching center teachers don't know basic calculus and management refuses refund bloody scam artists",english,education,complaint,negative,teaching_quality,poor_teaching,high,severe,"Maintain qualified faculty and honor genuine refund policies"
ED181,"The mock test analytics report clearly broke down accuracy percentages, time spent per question, and comparative peer rankings.",english,education,appreciation,positive,test,none,none,none,moderate,none
ED182,"kya college library digital books ko Kindle e-reader devices pe export karne ki permission deti hai?",hinglish,education,question,neutral,library,none,none,none,simple,none
ED183,"Campus placement drive was conducted transparently, companies visited punctually, and interview rooms were spacious and quiet.",english,education,appreciation,positive,student_support,none,none,none,simple,none
ED184,"university delayed declaring third semester revaluation results by nine months, forcing students to appear for supplementary exams needlessly",english,education,complaint,negative,exam,exam_issue,high,none,moderate,"Publish revaluation exam results within four weeks"
ED185,"bhai hostel room me electric sockets loose hain phone charge karne pe sparks aate hain dangerous negligence",hinglish,education,complaint,negative,campus,poor_facility,high,mild,"Inspect and repair hazardous electrical sockets in student dorms"
ED186,"Can online learning platforms offer an audio-only mode for students attending lectures on weak cellular network connections?",english,education,suggestion,neutral,learning_app,none,none,none,moderate,"Introduce audio-only streaming option for low-bandwidth zones"
ED187,"The artificial intelligence lectures are intellectually rewarding, but the weekly quizzes test obscure trivia rather than architectural concepts.",english,education,appreciation,mixed,assignment,test_issue,low,none,complex,"Focus quiz questions on fundamental understanding rather than trivia"
ED188,"enrolled in the weekend robotics batch on Saturday morning, kits distributed promptly, and lab experiments executed as scheduled.",english,education,informational,positive,lecture,none,none,none,simple,none
ED189,"bhaiya librarian ne out-of-stock reference book dusre campus se manga ke issue karwai bohot helpful staff",hinglish,education,appreciation,positive,library,none,none,none,moderate,none
ED190,"Why is an extra late penalty levied on semester dues when the bank server was non-operational over the holiday weekend?",english,education,question,neutral,fees,none,none,none,moderate,none
ED191,"Fee receipt generated by the payment portal did not contain student registration roll numbers, causing rejection by bank loan managers.",english,education,complaint,negative,fees,fee_issue,high,none,moderate,"Include official student roll numbers on all digital fee receipts"
ED192,"The robotics lab provides high-torque servo motors, development boards, and adequate soldering stations for all batches.",english,education,appreciation,positive,facilities,none,none,none,moderate,none
ED193,"bhai teacher explain accha karte hain par class itni noisy hoti hai backbenchers ki wajah se ki concentration toot jata hai",hinglish,education,complaint,mixed,teaching_quality,poor_teaching,low,none,simple,"Maintain strict classroom discipline during theoretical lectures"
ED194,"Please give an option to download complete course assignments and project datasets in a unified offline archive.",english,education,suggestion,neutral,study_material,none,none,none,moderate,"Offer single-click archive downloads for course assignments"
ED195,"I wouldn't recommend this competitive exam crash course if you are looking for personalized mentorship on weak conceptual areas.",english,education,complaint,negative,doubt_solving,doubt_not_resolved,low,none,moderate,none
ED196,"bhai cancelled batch ka course fee refund kab aayega account me? 20 din ho gaye koi update nahi hai",hinglish,education,question,negative,refund,refund_delay,medium,none,moderate,"Automate batch cancellation refunds directly to source accounts"
ED197,"Great discount on annual coding subscription during the engineering student back-to-school promotional event.",english,education,appreciation,positive,fees,none,none,none,simple,none
ED198,"The compiler design syllabus is comprehensive, but the allotted laboratory hours are insufficient to complete full parser development.",english,education,complaint,mixed,timetable,timetable_issue,low,none,moderate,"Increase weekly laboratory hours for complex design subjects"
ED199,"administrative clerk demanded cash bribe to process character certificate, shameful extortion on college campus",english,education,complaint,negative,student_support,poor_facility,medium,severe,"Eliminate informal cash demands by administrative personnel"
ED200,"Video lecture playback is fluid, chapters are categorized by subtopics, and accompanying summary cheat-sheets are top notch.",english,education,appreciation,positive,recorded_lecture,none,none,none,moderate,none
ED201,"bhai kya learning portal pe live classes ke doubt questions upvote karne ka feature add kar sakte ho?",hinglish,education,suggestion,neutral,learning_app,none,none,none,moderate,"Add upvote ranking for live lecture student questions"
ED202,"The course structure is logical and practical, but the discussion forum is unmoderated and flooded with promotional spam.",english,education,complaint,mixed,student_support,communication_issue,low,none,moderate,"Assign active moderators to clean student discussion forums"
ED203,"Found open wiring and shattered glass window panes inside the physics darkroom, severe hazard to student safety.",english,education,complaint,negative,facilities,poor_facility,high,none,moderate,"Repair broken windows and cover open wires in darkrooms"
ED204,"Fast dispute resolution, incorrect absence entry in internal assessment register was rectified by the professor within an hour.",english,education,appreciation,positive,attendance,none,none,none,simple,none
ED205,"bhai project viva examination me external examiner 2 ghante late aaye aur viva barely 30 second me wrap kar diya",hinglish,education,complaint,negative,exam,timetable_issue,medium,none,simple,"Ensure external examiners adhere strictly to scheduled viva slots"
ED206,"Does this online learning academy provide verifiable digital certificates with unique credentials for LinkedIn profiles?",english,education,question,neutral,certificate,none,none,none,moderate,none
ED207,"Honestly, the practical database lab sessions were surprisingly informative and helped bridge theoretical SQL with production indexing.",english,education,appreciation,positive,teaching_quality,none,none,none,moderate,none
ED208,"bhai assignment upload screen pe submit button freeze ho jata hai browser refresh karne par pura work gayab",hinglish,education,complaint,negative,website,technical_issue,medium,none,moderate,"Preserve unsubmitted form inputs on browser refresh"
ED209,"Online platforms should allow learners to download complete transcripts of technical lectures for rapid revision.",english,education,suggestion,neutral,recorded_lecture,none,none,none,moderate,"Provide downloadable lecture text transcripts"
ED210,"The machine learning course curriculum looks modern on paper, but the actual exercises rely on outdated Python 2 code libraries.",english,education,complaint,negative,study_material,poor_study_material,low,none,moderate,"Update programming curriculum to contemporary stable frameworks"
ED211,"Quick and polite service, academic registrar verified my transcript documents and stamped duplicate copies within fifteen minutes.",english,education,appreciation,positive,student_support,none,none,none,simple,none
ED212,"bhai hostel mess me breakfast subah 7:30 khatam ho jata hai 8 baje class wale students bhookhe nikalte hain management sunta nahi",hinglish,education,complaint,negative,campus,poor_facility,high,none,moderate,"Extend hostel mess breakfast timings to 9 AM"
ED213,"Can a registered candidate defer their enrolled semester batch to the upcoming winter intake without paying re-admission penalties?",english,education,question,neutral,admission,none,none,none,moderate,none
ED214,"The library has extensive collections of reference journals, though the photocopy and scanning booth is perpetually out of paper.",english,education,complaint,mixed,library,poor_facility,medium,none,moderate,"Ensure functional photocopy stations and adequate paper supplies"
ED215,"Disgusting coaching fraud, promised AC study cubicles and delivered damp basement benches infested with termites.",english,education,complaint,negative,facilities,poor_facility,high,severe,"Fulfill infrastructural amenities promised in promotional literature"
ED216,"bhai mathematics teacher ne calculus ke tricky proofs itne simply draw karke dikhaye sara dar nikal gaya",hinglish,education,appreciation,positive,teaching_quality,none,none,none,simple,none
ED217,"Placement cell officer favored specific student council members during off-campus interview slot allocations, biased behavior.",english,education,complaint,negative,student_support,poor_facility,medium,none,moderate,"Ensure automated and transparent interview slot allocations"
ED218,"Include an option to practice timed numerical mock quizzes directly inside mobile applications during bus commutes.",english,education,suggestion,neutral,learning_app,none,none,none,moderate,"Develop offline-capable mobile micro-quiz modules"
ED219,"Is there an age criterion for applying to the specialized evening diploma in industrial automation?",english,education,question,neutral,admission,none,none,none,moderate,none
ED220,"The instructor explains distributed computing patterns with depth, though their whiteboard marker is dried out making diagrams faint.",english,education,appreciation,mixed,facilities,poor_facility,none,none,complex,"Replenish dark ink whiteboard markers across all lecture halls"
ED221,"bhai scholarship form submit kiya tha office me unhone file hi kho di ab dobara har certificate verify karwao",hinglish,education,complaint,negative,student_support,support_delay,high,mild,"Implement digital document tracking for student scholarship files"
ED222,"The campus placement training team conducted structured mock aptitude tests that mirrored the exact patterns of visiting tech firms.",english,education,appreciation,positive,student_support,none,none,none,moderate,none
ED223,"Classroom air conditioning was turned off during forty-degree summer afternoon, two students collapsed from heat exhaustion.",english,education,complaint,negative,facilities,poor_facility,high,none,moderate,"Maintain continuous climate control during peak summer lecture hours"
ED224,"bhai portal me subject elective choose karne ka window raat ko 2 baje open karke 4 baje close kar diya unfair trick",hinglish,education,question,negative,website,timetable_issue,medium,none,moderate,"Keep subject elective enrollment windows open for at least 48 hours"
ED225,"The coding mentor was patient, but the capstone project evaluation rubrics were vague and differed across review panels.",english,education,complaint,mixed,assignment,assignment_issue,low,none,simple,"Standardize evaluation rubrics across all project review committees"
ED226,"Superb audio-visual clarity in the new smart classrooms, dual display screens ensure backbenchers see code clearly.",english,education,appreciation,positive,facilities,none,none,none,simple,none
ED227,"bhai exam fee online bhari receipt par failed likha aaya par bank account se paise deduct ho gaye resolve karo",hinglish,education,complaint,negative,fees,fee_issue,low,none,simple,"Reconcile interrupted exam fee payment records immediately"
ED228,"Colleges should maintain dedicated quiet nursing and medical rest rooms for day-scholar female students on campus.",english,education,suggestion,neutral,facilities,none,none,none,moderate,"Establish well-equipped female student medical rest rooms"
ED229,"The dynamic programming workshop was brilliant, practical problems were solved live, and edge cases were discussed thoroughly.",english,education,appreciation,positive,teaching_quality,none,none,none,moderate,none
ED230,"The campus bus driver was reckless, speeding over campus speed bumps and refusing to stop at designated girl student stops.",english,education,complaint,negative,facilities,poor_facility,medium,none,moderate,"Enforce speed governors and strict safety rules on campus buses"
ED231,"bhai kya supplementary exam ke marksheet par 'cleared in back-paper' ka separate remark print hota hai?",hinglish,education,question,neutral,certificate,none,low,none,moderate,none
ED232,"Lecture was insightful, but the teacher spent fifteen minutes troubleshooting their personal laptop display adapter.",english,education,complaint,mixed,facilities,technical_issue,low,none,moderate,"Provide standardized reliable display adapters in lecture lecterns"
ED233,"Clean coding lab, ergonomic chairs, dual monitors for each student, and fast internet made the hackathon experience remarkable.",english,education,appreciation,positive,facilities,none,none,none,moderate,none
ED234,"bhai mentor ne doubt session me call cut kar di jab maine recursive time complexity explain karne ko bola useless tutor",hinglish,education,complaint,negative,doubt_solving,poor_teaching,high,mild,"Ensure tutors possess verified competence before assigning doubt slots"
ED235,"Please allow learners to submit coding project links via GitHub pull requests directly inside the portal.",english,education,suggestion,neutral,assignment,none,none,none,moderate,"Enable direct GitHub pull request submission for coding tasks"
ED236,"Coaching institute owner collected full fees for national competitive test series and shut down center overnight criminal daylight robbery",english,education,complaint,negative,admission,admission_issue,high,severe,"Institute financial escrow requirements for private test-prep centers"
ED237,"Semester timetable was published three weeks in advance, exam centers were allocated logically, and hall tickets were accessible smoothly.",english,education,appreciation,positive,timetable,none,none,none,simple,none
ED238,"kya university hostel me weekend laundry facilities hostel fee ke andar included rehti hain?",hinglish,education,question,neutral,campus,none,none,none,moderate,none
ED239,"The linear algebra instructor explains matrix transformations with beauty, though the lecture notes provided are photocopies of messy handwriting.",english,education,complaint,mixed,study_material,poor_study_material,low,none,complex,"Provide clean typeset LaTeX notes for mathematical subjects"
ED240,"bhai online mock test me timer 10 minute pehle hi terminate ho gaya score cut ho gaya bina meri galti ke",hinglish,education,complaint,negative,test,test_issue,medium,none,moderate,"Audit timer synchronization on computerized exam servers"
ED241,"Hostel mess food had stones in dal and insects in boiled rice, student health is severely compromised by corrupt caterers.",english,education,complaint,negative,campus,poor_facility,high,none,moderate,"Cancel contracts of negligent food caterers and inspect kitchens"
ED242,"Comprehensive placement grooming session, covered aptitude shortcuts, technical coding patterns, and HR behavioral interview frameworks.",english,education,appreciation,positive,student_support,none,none,none,moderate,none
ED243,"Can research scholars request financial reimbursement for presenting peer-reviewed papers at international IEEE conferences?",english,education,question,neutral,fees,none,none,none,moderate,none
ED244,"bhai study package me formula booklet mention ki thi delivery packet me gayab nikli customer care bolta hai out of stock",hinglish,education,complaint,negative,study_material,poor_study_material,medium,none,simple,"Dispatch all promised formula booklets and reference guides"
ED245,"Not terrible at all, but having internal assessment practicals scheduled during festival weekends shows lack of empathetic planning.",english,education,informational,mixed,timetable,timetable_issue,low,none,moderate,none
ED246,"The mathematics faculty stayed back after class hours to help struggling students derive complex differential equations on board.",english,education,appreciation,positive,teaching_quality,none,none,none,moderate,none
ED247,"bhai digital library portal offline rehta hai sham ke baad jab students ko actual me padhai karni hoti hai",hinglish,education,complaint,negative,library,technical_issue,medium,none,simple,"Ensure 24/7 server availability for digital e-book archives"
ED248,"Educational platforms should offer dynamic personalized problem recommendations based on topics where student scored poorly.",english,education,suggestion,neutral,learning_app,none,none,none,moderate,"Implement adaptive weakness-based practice recommendations"
ED249,"Pristine campus environment, modern computer facilities, courteous faculty, and transparent evaluation systems throughout.",english,education,appreciation,positive,campus,none,none,none,simple,none
ED250,"bhai registration office me migration certificate lene gaya to bola clerk chutti pe hai 3 din baad aana ridiculous delay",hinglish,education,complaint,negative,student_support,support_delay,medium,none,moderate,"Ensure cross-trained backup staff for essential student desk services"
ED251,"The lectures on cloud architecture are comprehensive, but the cloud lab environment credits provided were depleted within two sessions.",english,education,complaint,mixed,facilities,technical_issue,low,none,moderate,"Provide adequate cloud compute credits for practical exercises"
ED252,"Why does the student grievance cell require physical written applications instead of accepting issues through the online portal?",english,education,question,negative,student_support,communication_issue,low,none,moderate,"Enable end-to-end digital grievance submissions for students"
ED253,"Flawless live masterclass, mentor answered audience chat questions in real-time, shared repository code, and summarized next steps.",english,education,appreciation,positive,online_class,none,none,none,moderate,none
ED254,"bhai chemistry lab me safety goggles aur fire extinguishers expire ho chuke hain extreme hazardous negligence",hinglish,education,complaint,negative,facilities,poor_facility,high,mild,"Replace expired safety apparatus and fire extinguishers in laboratories"
ED255,"I wouldn't say the training program is unhelpful, but spending two weeks on primitive installation steps felt like a waste of time.",english,education,complaint,mixed,study_material,poor_teaching,low,none,moderate,none
ED256,"Universities should automate the issuance of verified digital transcripts via secure national academic depository frameworks.",english,education,suggestion,neutral,certificate,none,none,none,moderate,"Adopt national academic depository for instant digital transcript issuance"
ED257,"Dedicated placement mentor provided tailored resume feedback, conducted two mock HR rounds, and built immense candidate confidence.",english,education,appreciation,positive,student_support,none,none,none,moderate,none
ED258,"bhai coding assignment me automated grader ne pure logic ko zero mark kar diya kyunki function name capital letter me tha",hinglish,education,complaint,negative,assignment,assignment_issue,medium,none,simple,"Make automated assignment evaluation scripts case-insensitive"
ED259,"Is it permissible to transfer scholarship grant disbursements directly to a student's personal savings account?",english,education,question,neutral,fees,none,none,none,moderate,none
ED260,"Spotlessly clean reading halls, high-speed Wi-Fi, helpful librarians, and accessible research journals make the university library exemplary.",english,education,appreciation,positive,library,none,none,none,moderate,none
ED261,"pathetic administration hostel warden locked gates during medical emergency while student was convulsing disgusting cruelty",english,education,complaint,negative,campus,poor_facility,high,severe,"Ensure 24/7 immediate medical gate clearance without bureaucratic locks"
ED262,"bhai mock test series me server load ki wajah se submit button crash ho gaya aur pure mahine ki practice waste",hinglish,education,complaint,negative,test,test_issue,high,none,simple,"Upgrade test server infrastructure to prevent submission crashes"
ED263,"Consultation session was productive, teacher reviewed previous semester failures calmly, and mapped out an achievable remedial schedule.",english,education,appreciation,positive,faculty,none,none,none,moderate,none
ED264,"The data analytics course was informative, though the mentor used synthetic toy datasets rather than messy real-world corporate records.",english,education,appreciation,mixed,study_material,none,low,none,complex,"Incorporate uncleaned real-world industry datasets in analytics modules"
ED265,"Can external research scholars apply for temporary physical library access passes during academic vacations?",english,education,question,neutral,library,none,none,none,moderate,none
ED266,"Physics faculty demonstrated electromagnetic wave propagation using physical tuning forks and antenna kits, making theory crystal clear.",english,education,appreciation,positive,teaching_quality,none,none,none,moderate,none
ED267,"bhai exam result sheet me marks enter karte waqt clerical staff ne mere 85 marks ko 58 type kar diya life barbaad kar di",hinglish,education,complaint,negative,exam,exam_issue,high,none,moderate,"Implement dual-entry verification checks during marks tabulation"
ED268,"Colleges should provide anonymized online complaint boxes where students can report faculty harassment without fear of grading retaliation.",english,education,suggestion,neutral,student_support,none,none,none,complex,"Establish secure anonymous student whistleblowing mechanisms"
ED269,"Super clean computer engineering lab, all high-end workstation terminals operational, gigabit network connectivity throughout.",english,education,appreciation,positive,facilities,none,none,none,simple,none
ED270,"bhai campus store me stationary aur assignment sheets market se double price pe bechte hain open monopoly loot",hinglish,education,complaint,negative,facilities,fee_issue,medium,none,moderate,"Regulate on-campus student supply store pricing"
ED271,"The faculty teaches algorithms with passion, but their spoken accent is so thick that following remote audio is challenging.",english,education,complaint,mixed,teaching_quality,unclear_explanation,low,none,moderate,"Provide live closed-captions during streaming remote lectures"
ED272,"Staff at the examination cell guided my parents respectfully through duplicate grade card documentation without bureaucratic hurdles.",english,education,appreciation,positive,student_support,none,none,none,medium,none
ED273,"Thoughtful academic career counseling, dean helped select specialized artificial intelligence electives matching target graduate schools.",english,education,appreciation,positive,faculty,none,none,none,moderate,none
ED274,"bhai mechanical workshop me lathe machines pe rust laga hua hai accurate dimensions turn nahi hoti zero practical learning",hinglish,education,complaint,negative,facilities,poor_facility,high,mild,"Service and true up mechanical lathe machines"
ED275,"Are students eligible for subsidized bus travel passes if they reside beyond a twenty-kilometer radius of campus?",english,education,question,neutral,facilities,none,none,none,moderate,none
ED276,"Class started forty minutes late due to administrative announcements, but the teacher extended the session smoothly to cover derivations.",english,education,informational,mixed,timetable,lecture_delay,low,none,moderate,none
ED277,"Registration completed within five minutes at the orientation counter, digital badge issued immediately, campus map was clear.",english,education,appreciation,positive,admission,none,none,none,simple,none
ED278,"bhai online lecture platform pe video resolution automatically 144p pe drop ho jati hai HD manual option work nahi karta",hinglish,education,complaint,negative,learning_app,app_issue,medium,none,moderate,"Fix video player manual resolution lock settings"
ED279,"Include an option to take practice tests in regional languages alongside English for competitive entrance exam preparation.",english,education,suggestion,neutral,test,none,none,none,moderate,"Offer competitive mock examinations in regional languages"
ED280,"The academic campus is spacious and green, though finding sanitary drinking water dispensers in the western wing is difficult.",english,education,appreciation,mixed,facilities,poor_facility,low,none,moderate,"Install purified water coolers in all academic building wings"
ED281,"Worst academic administration ever, misplaced my final semester project dissertation and asked me to write it again shameless laziness.",english,education,complaint,negative,student_support,support_delay,high,severe,"Establish digital repository records for all submitted dissertations"
ED282,"bhaiya computer lab admin ne project deadline ke time extra system allot kiya bina kisi nakhre ke thank you",hinglish,education,appreciation,positive,facilities,none,none,none,simple,none
ED283,"Why did the accounts department close my fee reconciliation ticket without providing the bank gateway audit clearance?",english,education,question,negative,fees,fee_issue,high,none,moderate,"Provide transaction reconciliation proof before closing fee tickets"
ED284,"Campus placement cell failed to notify shortlisted students about the morning technical test, causing thirty students to miss the drive.",english,education,complaint,negative,student_support,communication_issue,high,none,moderate,"Send multi-channel alerts for placement assessment rounds"
ED285,"The dynamic coding bootcamps organized by the alumni association gave practical exposure to containerization and cloud pipelines.",english,education,appreciation,positive,faculty,none,none,none,moderate,none
ED286,"bhai college library me AC off rakhte hain garmi me padhai karna torture ban jata hai complaints unheeded",hinglish,education,complaint,negative,library,poor_facility,low,none,moderate,"Keep library air conditioning functional during student study hours"
ED287,"Assignment grading was fair and prompt, though teaching assistants provided generic rubric notes without line-by-line code critique.",english,education,complaint,mixed,assignment,assignment_issue,low,none,moderate,"Provide specific actionable code comments on assignments"
ED288,"Offer an option to submit academic medical leave requests directly via mobile app with verified clinic slip uploads.",english,education,suggestion,neutral,attendance,none,none,none,moderate,"Enable digital submission of student medical leave requests"
ED289,"Outstanding guidance by the competitive coding society mentors, held nightly debugging calls and guided dynamic programming approaches.",english,education,appreciation,positive,doubt_solving,none,none,none,simple,none
ED290,"bhai learning app pe video playback speed 1.5x karne par audio pitch distorted aur robotic ho jati hai fix this",hinglish,education,complaint,negative,learning_app,app_issue,high,none,moderate,"Implement pitch correction on accelerated video playback"
ED291,"The theoretical lectures on database internals are brilliant, though the laboratory exercises test superficial SQL syntax only.",english,education,complaint,mixed,teaching_quality,assignment_issue,low,none,moderate,"Align database practical exercises with engine internals"
ED292,"Career counselor patiently guided me through balancing civil services preparation with final year academic credit requirements.",english,education,appreciation,positive,student_support,none,none,none,moderate,none
ED293,"corrupt college management sold reserved category scholarship seats to management quota candidates for cash illegal scam",english,education,complaint,negative,admission,admission_issue,high,severe,"Ensure strict external oversight on quota admission audits"
ED294,"bhai test series me multiple choice question ke answers galat mark kiye the challenge karne par bhi marks nahi diye",hinglish,education,complaint,negative,test,test_issue,medium,none,simple,"Review and update challenged question keys with academic panels"
ED295,"Does this institute offer pro-rated fee adjustments for scholars withdrawing before the second instructional term?",english,education,question,neutral,fees,none,none,none,moderate,none
ED296,"Prompt issue of digital transfer certificate, barcode verified, signed by registrar, and sent to email within twenty-four hours.",english,education,appreciation,positive,certificate,none,none,none,simple,none
ED297,"bhai hostel gatekeeper ne gate band karke emergency me medicine lene jane se roka heartless rude behavior",hinglish,education,complaint,negative,campus,poor_facility,high,mild,"Allow emergency medical egress from student hostels without obstruction"
ED298,"Colleges should maintain an open-access digital syllabus tracker where completed topics are ticked off weekly.",english,education,suggestion,neutral,timetable,none,none,none,moderate,"Provide public weekly syllabus completion trackers"
ED299,"The lectures are structured, but having six hours of back-to-back theoretical classes on Mondays is mentally exhausting.",english,education,complaint,mixed,timetable,timetable_issue,low,none,moderate,"Distribute laboratory and theoretical sessions evenly throughout week"
ED300,"Smooth semester enrollment, elective choices allocated strictly on GPA merit, timetable received two weeks before classes.",english,education,appreciation,positive,admission,none,none,none,simple,none
ED301,"bhai mobile app pe recorded lectures offline download karne par storage corrupt ho jati hai bar bar error throw karta hai",hinglish,education,complaint,negative,learning_app,app_issue,medium,none,moderate,"Fix file corruption bug on offline lecture downloads"
ED302,"The physics laboratory instruments were uncalibrated, resulting in completely erroneous data across all student experimental teams.",english,education,complaint,negative,facilities,poor_facility,high,none,moderate,"Calibrate all experimental laboratory hardware before semesters begin"
ED303,"Comfortable study cubicles, soundproof group discussion rooms, and rich collection of contemporary engineering journals in library.",english,education,appreciation,positive,library,none,none,none,moderate,none
ED304,"bhai examination hall me invigilator continuous phone pe baat kar raha tha loud voice me concentration poora destroy kar diya",hinglish,education,complaint,negative,exam,poor_facility,high,none,simple,"Prohibit telephone calls by invigilators inside examination rooms"
ED305,"Not the most modern academic building, but the faculty's commitment to holding extra doubt sessions made the term rewarding.",english,education,appreciation,mixed,teaching_quality,none,none,none,moderate,none
ED306,"Can universities provide an automated GPA calculator tool inside the student portal to project cumulative performance?",english,education,suggestion,neutral,learning_app,none,none,none,moderate,"Incorporate GPA projection tools inside student dashboards"
ED307,"The algorithms professor mapped out divide-and-conquer recurrences with crystal clarity, making mastery of master theorem effortless.",english,education,appreciation,positive,teaching_quality,none,none,none,moderate,none
ED308,"bhai grade card me semester aggregate percentage galat calculate ki hai aur registrar counter correction lene se mana karta hai",hinglish,education,complaint,negative,certificate,certificate_delay,medium,none,simple,"Correct clerical percentage errors on grade cards immediately"
ED309,"Why do coaching institutes charge mandatory non-refundable study material fees when modules are distributed as cheap photocopies?",english,education,question,negative,fees,fee_issue,low,none,moderate,"Justify physical study material costs with bound books"
ED310,"Sturdy drafting tables, clean architectural models, and well-maintained computer-aided design systems in the architecture studio.",english,education,appreciation,positive,facilities,none,none,none,moderate,none
ED311,"The teacher is knowledgeable, but the lecture hall acoustics create severe echoes, making backbench listening an uphill battle.",english,education,complaint,mixed,facilities,poor_facility,low,none,complex,"Install sound-absorbing acoustic wall paneling in lecture halls"
ED312,"bhai student scholarship cell ne document verification hold pe rakha aur grant release deadline miss karwa di useless staff",hinglish,education,complaint,negative,student_support,support_delay,high,mild,"Track scholarship grant verification deadlines vigilantly"
ED313,"Delivery of the robotics development kit was on time, components were sealed in anti-static bags, and user manual was detailed.",english,education,appreciation,positive,study_material,none,none,none,simple,none
ED314,"bhai kya online learning portal pe past batches ke recorded webinars life-time access ke sath milte hain?",hinglish,education,question,neutral,recorded_lecture,none,none,none,simple,none
ED315,"The mathematics course was conceptually rich, but mandatory weekly in-person attendance policies feel outdated for modern learners.",english,education,complaint,mixed,attendance,attendance_issue,low,none,moderate,"Allow flexible attendance alternatives for demonstrated high performers"
ED316,"Allow learners to submit doubts via short screen recordings directly within the learning platform interface.",english,education,suggestion,neutral,doubt_solving,none,none,none,moderate,"Enable video and audio screen clip submissions for doubts"
ED317,"Soft-spoken physics mentor explained wave optics derivations without intimidation, encouraging hesitant learners to ask questions.",english,education,appreciation,positive,teacher,none,none,none,moderate,none
ED318,"bhai hostel corridors me broken tiles hain aur night me lights off rehti hain injury hone ka risk hai",hinglish,education,complaint,negative,campus,poor_facility,high,none,simple,"Maintain hostel hallway illumination and repair flooring"
ED319,"Is there an exemption from mandatory summer internships for students pursuing verified open-source software fellowships?",english,education,question,neutral,student_support,none,none,none,moderate,none
ED320,"The operating systems lecture was rigorous, though the instructor wrote code on board rather than demonstrating live execution in terminal.",english,education,complaint,mixed,teaching_quality,unclear_explanation,low,none,moderate,"Demonstrate live code execution in terminal environments"
ED321,"Orientation committee welcomed freshmen warmly, escorted us through academic wings, and handed out detailed handbook kits.",english,education,appreciation,positive,campus,none,none,none,simple,none
ED322,"bhai fee payment portal ne transaction failed dikhaya par 45000 bank se cut gaye aur support bolta hai 7 din wait karo",hinglish,education,complaint,negative,fees,fee_issue,high,none,simple,"Resolve failed fee transaction reconciliations within 24 hours"
ED323,"Can we opt for digital e-books exclusively and waive the mandatory printed study kit charges during admission?",english,education,suggestion,neutral,study_material,none,none,none,moderate,"Provide an e-book only admission tier with waived kit charges"
ED324,"I wouldn't say the university sports facilities are non-existent, but reserving the tennis court requires redundant bureaucratic slips.",english,education,complaint,mixed,facilities,poor_facility,low,none,complex,none
ED325,"examination cell issued question paper with five printing errors rendering three major questions unsolvable completely irresponsible",english,education,complaint,negative,exam,exam_issue,high,severe,"Proofread printed examination papers before mass duplication"
ED326,"bhai faculty ne final year project me industry best practices aur unit testing introduce karwaya bohot value mili",hinglish,education,appreciation,positive,faculty,none,none,none,moderate,none
ED327,"How long does the academic council take to review applications for converting to part-time doctoral status?",english,education,question,neutral,student_support,none,none,none,moderate,none
ED328,"The digital signal processing laboratory was well-equipped, oscilloscope signals were crisp, and the lab manual had step-by-step schematics.",english,education,appreciation,positive,facilities,none,none,none,moderate,none
ED329,"bhai placement coordinator ne off-campus offers celebrate kiye par on-campus companies zero bulayi fake statistics",hinglish,education,complaint,negative,student_support,communication_issue,medium,none,moderate,"Publish segregated statistics for on-campus vs off-campus offers"
ED330,"The machine learning seminar was illuminating, though the guest speaker ran out of time before taking audience Q and A.",english,education,complaint,mixed,lecture,timetable_issue,low,none,moderate,"Reserve dedicated time slots for Q and A during seminars"
ED331,"Prompt assistance by departmental office, issued verified bonafide certificate for passport verification within two hours.",english,education,appreciation,positive,student_support,none,none,none,moderate,none
ED332,"bhai college app me timetable sync nahi ho raha old semester ke classes show ho rahe hain 2 hafte se",hinglish,education,complaint,negative,learning_app,app_issue,medium,none,moderate,"Flush legacy timetable caches on student mobile applications"
ED333,"Provide dedicated quiet study rooms with ergonomic standing desks inside the central library.",english,education,suggestion,neutral,library,none,none,none,moderate,"Install standing study desks in quiet library zones"
ED334,"Can students request a review of internal continuous assessment scores before end-semester finals begin?",english,education,question,neutral,assignment,none,none,none,moderate,none
ED335,"Pristine clean chemistry laboratory, fume hoods operate with strong suction, and all safety eyewash stations are operational.",english,education,appreciation,positive,facilities,none,none,none,simple,none
ED336,"bhai teacher class me aake pure period phone pe scrolling karte rahe aur bolte hain self study karo disgraceful behavior",hinglish,education,complaint,negative,teacher,poor_teaching,medium,mild,"Monitor active classroom instructional engagement by faculty"
ED337,"The artificial intelligence bootcamp covered core architectures well, though natural language processing was rushed in half an hour.",english,education,appreciation,mixed,teaching_quality,poor_teaching,low,none,simple,"Allocate balanced instructional duration across all syllabus modules"
ED338,"Academic advisor conducted an in-depth review of my semester credit distribution and suggested manageable course loads.",english,education,appreciation,positive,student_support,none,none,none,moderate,none
ED339,"bhai scholarship installment amount bank me kam aayi deduction ka koi break-up receipt nahi diya accounting ne",hinglish,education,complaint,negative,fees,fee_issue,low,none,moderate,"Provide itemized deduction statements for scholarship releases"
ED340,"Is there an institutional transport route connecting the student hostels directly to the remote agricultural research farm?",english,education,question,neutral,facilities,none,none,none,moderate,none
ED341,"High-speed fiber connectivity in the university computing hub, zero latency during multi-user parallel programming sessions.",english,education,appreciation,positive,facilities,none,none,none,moderate,none
ED342,"bhai hostel mess me food safety inspector ki raid honi chahiye expired packaged milk use karte hain bache bimar ho rahe hain",hinglish,education,complaint,negative,campus,poor_facility,high,none,simple,"Mandate independent food safety inspections in student messes"
ED343,"The numerical analysis lectures were mathematically sound, but the professor used chalk on dark slate which produced suffocating dust.",english,education,complaint,mixed,facilities,poor_facility,low,none,moderate,"Switch to dust-free chalks or ceramic whiteboards"
ED344,"Colleges should permit students to substitute standard general electives with verified certifications from accredited online platforms.",english,education,suggestion,neutral,admission,none,none,none,moderate,"Permit accredited online certifications for elective credit substitution"
ED345,"Superb mentoring during the annual inter-college hackathon, faculty advisors stayed overnight to help optimize our database pipelines.",english,education,appreciation,positive,faculty,none,none,none,moderate,none
ED346,"bhai examination cell ne roll numbers ki wrong seat mapping kardi morning paper me 45 minute chaos raha incompetent administration",hinglish,education,complaint,negative,exam,poor_facility,high,mild,"Verify room seating seat charts thirty minutes prior to exams"
ED347,"What is the official procedure for requesting extended time accommodations during university examinations for visually challenged scholars?",english,education,question,neutral,exam,none,none,none,moderate,none
ED348,"Delivered the finalized degree transcript ahead of promised date with embossed golden seals and watermarked anti-counterfeit paper.",english,education,appreciation,positive,certificate,none,none,none,simple,none
ED349,"bhai library me reference copies student issue karke apne hostel le jate hain desk pe book milti hi nahi rule enforcement zero hai",hinglish,education,complaint,negative,library,poor_facility,high,none,moderate,"Strictly prohibit off-campus checkout of non-circulating reference copies"
ED350,"The computer networks course was conceptually solid, though laboratory packet sniffer demos were performed on pre-recorded videos.",english,education,appreciation,mixed,teaching_quality,assignment_issue,low,none,moderate,"Conduct live interactive network capture demos in lab sessions"
ED351,"Hostel caretaker helped coordinate emergency transport to city hospital when my roommate had severe food allergies at midnight.",english,education,appreciation,positive,campus,none,none,none,moderate,none
ED352,"bhai portal me assignment submission link deadline se 2 ghante pehle gayab ho gaya support team ticket close kar rahi hai",hinglish,education,complaint,negative,assignment,technical_issue,high,none,simple,"Ensure assignment links remain active until stated deadlines"
ED353,"Please introduce automated attendance SMS alerts sent to student phones whenever an absence is recorded in lectures.",english,education,suggestion,neutral,attendance,none,none,none,moderate,"Send real-time SMS alerts upon recorded classroom absences"
ED354,"Clean and modern moot court hall, realistic acoustics, professional judges' bench, providing superb litigation practice for law students.",english,education,appreciation,positive,facilities,none,none,none,moderate,none
ED355,"bhai course validity 1 year boli thi sales team ne par portal pe 6 mahine baad account expire dikha raha hai cheat log",hinglish,education,complaint,negative,fees,admission_issue,medium,none,moderate,"Honor subscription validity periods promised during admission"
ED356,"Does this coaching academy provide individualized performance review sessions with head faculties after every national mock?",english,education,question,neutral,doubt_solving,none,none,none,moderate,none
ED357,"The technical content of the cybersecurity course is top-tier, though the virtual machine labs took three hours to provision.",english,education,complaint,mixed,facilities,technical_issue,low,none,moderate,"Pre-provision virtual machines before technical lab sessions begin"
ED358,"Registration kiosk printed examination admit cards seamlessly via barcode scan, queue moved rapidly without manual intervention.",english,education,appreciation,positive,exam,none,none,none,simple,none
ED359,"bhai student canteen me digital UPI payment lene se mana karte hain cash nahi hone par bhookha rehna padta hai",hinglish,education,complaint,negative,campus,poor_facility,medium,none,simple,"Mandate digital UPI payment acceptance across all campus food stalls"
ED360,"Allow learners to adjust playback speeds for recorded classes while maintaining synchronized pitch audio.",english,education,suggestion,neutral,recorded_lecture,none,none,none,moderate,"Enable pitch-corrected audio for high-speed playback"
ED361,"The deep learning lectures cover theoretical backpropagation with rigor, though code snippets provided had deprecated API calls.",english,education,complaint,mixed,study_material,poor_study_material,low,none,moderate,"Refactor provided code snippets to current API versions"
ED362,"bhai revaluation application daali thi 4 mahine ho gaye marks update nahi hue agla semester shuru ho gaya irresponsible university",hinglish,education,complaint,negative,exam,exam_issue,high,mild,"Declare revaluation results before subsequent semester commences"
ED363,"Clean, air-conditioned, and well-organized digital examination center, biometric verification completed smoothly without hiccups.",english,education,appreciation,positive,exam,none,none,none,moderate,none
ED364,"Where can I check if this distance university degree is formally recognized under national distance education regulatory bureaus?",english,education,question,neutral,university,none,none,none,simple,none
ED365,"College administration demanded five thousand rupees duplicate fee to issue original migration certificates upon graduation absolute robbery",english,education,complaint,negative,fees,fee_issue,high,severe,"Issue original graduation certificates without arbitrary surcharge fees"
ED366,"bhai library staff ne out-of-print historical research papers find karne me 2 ghante laga ke help ki very dedicated team",hinglish,education,appreciation,positive,library,none,none,none,simple,none
ED367,"The faculty delivers engaging business strategy lectures, though reading assignments handed out are often photocopies of low contrast.",english,education,complaint,mixed,study_material,poor_study_material,low,none,simple,"Distribute high-contrast readable digital reading packets"
ED368,"Provide automated weekly digest emails summarizing pending homework, upcoming quizzes, and laboratory report submission dates.",english,education,suggestion,neutral,assignment,none,none,none,moderate,"Send weekly automated digest emails of upcoming assignments"
ED369,"Prompt assistance by technical support team, restored my disrupted coding test session within three minutes without loss of score.",english,education,appreciation,positive,technical_support,none,none,none,moderate,none
ED370,"bhai online test series me questions copy-paste the direct google se koi original numerical problem nahi banaya scam hai",hinglish,education,complaint,negative,test,test_issue,high,mild,"Commission original verified problems for premium test series"
ED371,"Can final year undergraduate scholars register for supplementary improvement exams to elevate cumulative grade points?",english,education,question,neutral,exam,none,none,none,moderate,none
ED372,"Delivered within scheduled dates, comprehensive electrical engineering reference manual arrived in pristine hardcover binding.",english,education,appreciation,positive,study_material,none,none,none,simple,none
ED373,"bhai mechanical workshop me protective welding aprons aur gloves available nahi the unsafe training conditions",hinglish,education,complaint,negative,facilities,poor_facility,high,none,simple,"Supply industrial safety aprons and face shields in welding labs"
ED374,"The discrete mathematics lectures were rigorous, though obtaining graded physical midterm sheets required visiting three faculty cabins.",english,education,informational,mixed,exam,support_delay,low,none,moderate,none
ED375,"Institutes should implement digital anonymous peer-review tools for group project contributions to discourage academic free-loading.",english,education,suggestion,neutral,assignment,none,none,none,moderate,"Implement anonymous peer evaluations for group coursework"
ED376,"Spotlessly clean university campus, quiet study courtyards, well-marked directional signage, and helpful security marshals throughout.",english,education,appreciation,positive,campus,none,none,none,moderate,none
ED377,"bhai exam supervisor ne extra answer sheet dene se mana kar diya bola jitna likhna tha main copy me likho arrogant idiot",hinglish,education,complaint,negative,exam,poor_facility,high,severe,"Ensure adequate supply of supplementary answer sheets during exams"
ED378,"Does the university placement bureau facilitate international internship opportunities with verified overseas research labs?",english,education,question,neutral,student_support,none,none,none,moderate,none
ED379,"The database systems course was constructive, though the practical lab sessions were crowded with two students sharing one mouse.",english,education,complaint,mixed,facilities,poor_facility,low,none,moderate,"Ensure individual computing stations for each enrolled laboratory student"
ED380,"bhai campus dispensary doctor ne night me emergency allergy medicine instantly provide ki polite aur helpful treatment",hinglish,education,appreciation,positive,facilities,none,none,none,moderate,none
ED381,"The lecture on microprocessors was intellectually enriching, though the laboratory trainer arrived thirty minutes past start time.",english,education,appreciation,mixed,timetable,lecture_delay,none,none,moderate,"Ensure laboratory teaching assistants arrive punctually"
ED382,"bhai online portal ne admit card pe wrong photograph print kardi exam center pe entry block kar di administrative blunder",hinglish,education,complaint,negative,exam,exam_issue,high,none,simple,"Cross-check student photographic records before printing admit cards"
ED383,"Offer options for downloadable compressed audio podcasts of theoretical lectures for revision while traveling.",english,education,suggestion,neutral,recorded_lecture,none,none,none,moderate,"Provide lightweight audio podcasts of theoretical lectures"
ED384,"Can international exchange scholars pay semester tuition fees using multi-currency foreign debit cards without surcharges?",english,education,question,neutral,fees,none,none,none,simple,none
ED385,"The microeconomics lectures were well-paced, but the lecture room fan made high-pitched squeaking sounds throughout class.",english,education,complaint,mixed,facilities,poor_facility,low,none,moderate,"Maintain noiseless ceiling fans in instructional halls"
ED386,"Smooth examination conduction, digital barcode scanning for attendance, quiet halls, and transparent seating charts posted outside.",english,education,appreciation,positive,exam,none,none,none,simple,none
ED387,"bhai computer terminal me net connect nahi tha practical exam ke time 30 minute baad replacement machine milli high anxiety",hinglish,education,complaint,negative,facilities,technical_issue,medium,none,simple,"Check network connectivity on all examination lab terminals"
ED388,"Academic counselor guided me through selecting remedial bridging classes for engineering mathematics without making me feel discouraged.",english,education,appreciation,positive,student_support,none,none,none,moderate,none
ED389,"bhai placement brochure me 100 percent placement likha tha ground reality ye hai ki 40 percent batch unplaced ghum raha hai",hinglish,education,complaint,negative,student_support,communication_issue,high,none,simple,"Publish verified third-party audited placement metrics"
ED390,"Allow students to pause self-paced online course subscriptions during active college semester examination weeks.",english,education,suggestion,neutral,learning_app,none,none,none,moderate,"Allow temporary subscription pauses during college exams"
ED391,"Crisp and well-paced digital signal processing lectures, derivations walked through on light-board, making frequency transforms intuitive.",english,education,appreciation,positive,teaching_quality,none,none,none,moderate,none
ED392,"bhai girls hostel lift 10 din se kharab thi 6th floor tak heavy luggage le jana pada caretaker ne sunna hi band kar diya",hinglish,education,complaint,negative,campus,poor_facility,high,mild,"Prioritize immediate repairs for residential hostel lifts"
ED393,"Is it permissible to challenge question keys of the institutional PhD entrance exam by submitting recognized textbook citations?",english,education,question,neutral,exam,none,none,none,moderate,none
ED394,"The faculty explained quantum physics with enthusiasm, though handwriting on digital whiteboard was occasionally cramped and illegible.",english,education,informational,mixed,teaching_quality,unclear_explanation,low,none,moderate,none
ED395,"Fast verification of provisional degree certificates, administrative counter stamped documents in ten minutes with professional courtesy.",english,education,appreciation,positive,certificate,none,none,none,simple,none
ED396,"bhai online test me wrong questions report karne ka button work nahi kar raha tha technical glitch ki wajah se loss hua",hinglish,education,complaint,negative,test,technical_issue,medium,none,moderate,"Fix question dispute reporting buttons inside online exam engines"
ED397,"Include detailed marking distribution schemes on assignment problem statements to help students prioritize answers.",english,education,suggestion,neutral,assignment,none,none,none,moderate,"Publish point-by-point marking schemes on assignment briefs"
ED398,"The compiler design workshop was rigorous, though the laboratory air conditioning was set uncomfortably freezing cold.",english,education,complaint,mixed,facilities,poor_facility,low,none,moderate,"Regulate comfortable ambient room temperatures in computer labs"
ED399,"bhai discount voucher apply kiya fee portal pe par receipt me processing charge jod ke pura discount nullify kar diya",hinglish,education,question,negative,fees,fee_issue,low,none,moderate,"Do not levy hidden fees that offset approved scholarship discounts"
ED400,"Great coding mentorship, curriculum covers real scalable architecture, assignments reviewed line by line, highly satisfied with bootcamp.",english,education,appreciation,positive,teaching_quality,none,none,none,simple,none
ED401,"The electronics professor guided our team through radio frequency hardware layout patiently, suggesting optimal ground plane routing.",english,education,appreciation,positive,faculty,none,none,none,moderate,none
ED402,"bhai university ne semester exam timetable exam se sirf 3 din pehle declare kiya travel booking karna impossible ho gaya",hinglish,education,complaint,negative,timetable,timetable_issue,medium,none,simple,"Announce exam dates at least twenty days prior"
ED403,"Can undergraduate researchers borrow inter-library loan volumes from partner national institutes through the college desk?",english,education,question,neutral,library,none,none,none,simple,none
ED404,"The data science course is rich in practical exercises, though the cloud server provided crashed whenever training random forest models.",english,education,complaint,mixed,facilities,technical_issue,low,none,moderate,"Increase compute resource allocations on cloud learning servers"
ED405,"Institutes should establish automatic fee penalty refunds whenever internal marks entry delays prevent on-time semester registrations.",english,education,suggestion,neutral,fees,none,none,none,moderate,"Waive registration penalties caused by internal grading delays"
ED406,"Delivered in 24 hours, official degree transcripts arrived securely sealed with embossed registrar signatures and tracking numbers.",english,education,appreciation,positive,certificate,none,none,none,simple,none
ED407,"bhai exam invigilator ne attendance sheet pe galat roll number sign karwa liya result hold ho gaya incompetent faculty",hinglish,education,complaint,negative,exam,poor_facility,high,mild,"Ensure invigilators verify candidate identity cards before signatures"
ED408,"Clean lecture halls, functional public address systems, attentive faculty, and organized class schedules make learning enjoyable.",english,education,appreciation,positive,facilities,none,none,none,moderate,none
ED409,"bhai girls common room me water dispenser dry pada hai 2 hafte se basic water hygiene facilities ignored",hinglish,education,complaint,negative,facilities,poor_facility,medium,none,simple,"Maintain functioning water dispensers in student common rooms"
ED410,"Does the university offer special remedial English language communication coaching for vernacular medium first-year scholars?",english,education,question,neutral,student_support,none,none,none,moderate,none
ED411,"The dynamic programming lectures were brilliant, though the accompanying PDF notes had lines overlapping and missing index tables.",english,education,appreciation,mixed,study_material,poor_study_material,low,none,moderate,"Format lecture notes with clear spacing and functional index tables"
ED412,"Hostel rector assisted with arranging medical leave and diet meals immediately when multiple resident students contracted viral fever.",english,education,appreciation,positive,campus,none,none,none,moderate,none
ED413,"bhai do test series package buy kiye the dashboard me sirf ek activate hua helpline phone disconnect kar deti hai",hinglish,education,complaint,negative,test,test_issue,medium,none,simple,"Activate all purchased curriculum packages automatically on user accounts"
ED414,"Provide an option on the learning portal to download all solved problem code files in a standardized GitHub repository.",english,education,suggestion,neutral,study_material,none,none,none,moderate,"Host solved code examples in a maintained public GitHub repository"
ED415,"Pristine campus robotics lab, all multi-meter channels calibrated, breadboards clean, and test cables neatly organized in drawers.",english,education,appreciation,positive,facilities,none,none,none,simple,none
ED416,"bhai admission cancellation refund 2 mahine se atka hua hai accountant bolta hai management approval pending hai lazy people",hinglish,education,complaint,negative,refund,refund_delay,high,none,moderate,"Release admission withdrawal refunds within mandated statutory periods"
ED417,"Are final year undergraduate engineering students permitted to register for intellectual property patent drafting electives?",english,education,question,neutral,study_material,none,none,none,moderate,none
ED418,"The classroom was well-lit and airy, though the instructor's clip-on microphone kept crackling during sound-heavy derivations.",english,education,complaint,mixed,facilities,technical_issue,low,none,moderate,"Use reliable shielded wireless microphones in lecture halls"
ED419,"Dean of academic affairs met with student representatives weekly, addressing infrastructure and library book requisitions swiftly.",english,education,appreciation,positive,student_support,none,none,none,simple,none
ED420,"bhai app me video streaming resolution change karne par video black screen ho jati hai audio chalti rehti hai",hinglish,education,complaint,negative,learning_app,app_issue,medium,none,moderate,"Resolve black screen video rendering glitch on resolution change"
ED421,"Enable students to track their historical attendance records in real-time through the mobile college companion app.",english,education,suggestion,neutral,attendance,none,none,none,moderate,"Implement live mobile tracking of class attendance records"
ED422,"Crisp explanation of semiconductor physics, intuitive energy band diagrams on screen, engaging analogies, masterclass in teaching.",english,education,appreciation,positive,teaching_quality,none,none,none,moderate,none
ED423,"bhai chemistry laboratory me acid bottles bina proper labeling ke floor pe rakhi thi severe safety hazard for students",hinglish,education,complaint,negative,facilities,poor_facility,high,severe,"Store laboratory chemicals in labeled safety cabinets off floors"
ED424,"Can a student request a change of laboratory batch timing to avoid clash with approved inter-collegiate sports practices?",english,education,question,neutral,timetable,none,none,none,simple,none
ED425,"The organic chemistry classes were informative, though the laboratory was located on top floor without functioning elevators.",english,education,informational,mixed,facilities,none,low,none,moderate,none
ED426,"Outstanding guidance by the computer science placement committee, organized twenty company-specific coding tracks with mock evaluations.",english,education,appreciation,positive,student_support,none,none,none,moderate,none
ED427,"bhai online lecture attend karte waqt server bandwidth error aata hai jabki mera 100mbps fiber connection perfectly running hai",hinglish,education,complaint,negative,online_class,technical_issue,medium,none,moderate,"Upgrade streaming CDN bandwidth to support peak student traffic"
ED428,"The algorithms course provided rigorous mathematical proofs, though practical coding assignments were limited in quantity.",english,education,complaint,mixed,assignment,assignment_issue,low,none,moderate,"Increase the proportion of practical coding exercises in curriculum"
ED429,"Departmental advisor helped me map out remedial credits during summer break without causing semester graduation delays.",english,education,appreciation,positive,student_support,none,none,none,moderate,none
ED430,"bhai hostel warden ne mess fee advance lene ke baad pure month stale food serve karwaya criminal corruption",hinglish,education,complaint,negative,campus,poor_facility,high,none,moderate,"Inspect mess food preparation standards and audit meal charges"
ED431,"Educational platforms should display estimated doubt queue resolution times before students post detailed problem statements.",english,education,suggestion,neutral,doubt_solving,none,none,none,moderate,"Display estimated wait times before doubt submission"
ED432,"Quick and seamless provisional certificate issuance, verified digitally by registrar and downloaded via portal in five minutes.",english,education,appreciation,positive,certificate,none,none,none,simple,none
ED433,"bhai offline coaching classroom me itni bheed thi ki second room me projector pe live feed dekhni padi direct faculty interaction zero",hinglish,education,complaint,negative,facilities,poor_facility,medium,none,simple,"Limit coaching batch sizes to physical room seating capacities"
ED434,"Does this management institute offer formal executive mentoring partnerships with senior multinational corporate directors?",english,education,question,neutral,faculty,none,none,none,moderate,none
ED435,"The machine learning seminar was conceptually rewarding, though the presentation slides lacked code examples for implementation.",english,education,complaint,mixed,study_material,poor_study_material,low,none,moderate,"Include concrete implementation code samples in presentation decks"
ED436,"Clean campus, disciplined examination procedures, transparent internal scoring, and responsive faculty made this academic year fulfilling.",english,education,appreciation,positive,campus,none,none,none,simple,none
ED437,"bhai semester grade sheet me father ka name galat print kar diya aur correction ke liye 3 administrative counters ghumaya",hinglish,education,complaint,negative,certificate,support_delay,medium,none,moderate,"Streamline administrative corrections for clerical marksheet errors"
ED438,"Allow students to submit requests for re-checking of mid-term exam papers directly through their student portal dashboards.",english,education,suggestion,neutral,exam,none,none,none,moderate,"Enable digital re-checking requests for mid-term assessments"
ED439,"Smooth orientation session, student handbooks distributed punctually, digital library credentials worked instantly without friction.",english,education,appreciation,positive,admission,none,none,none,simple,none
ED440,"bhai college transport bus break fail hone ki wajah se minor accident hua vehicle fitness zero checking negligence",hinglish,education,complaint,negative,facilities,poor_facility,medium,none,moderate,"Conduct mandatory weekly mechanical fitness checks on campus buses"
ED441,"Is there any fee reduction on annual hostel charges for research scholars who conduct field research away from campus?",english,education,question,neutral,fees,none,none,none,moderate,none
ED442,"The microservices course content was current, though the cloud sandbox provided ran out of hourly usage quotas very fast.",english,education,informational,mixed,facilities,technical_issue,low,none,moderate,none
ED443,"Departmental faculty organized remedial Saturday problem clinics for students struggling with engineering thermodynamics derivations.",english,education,appreciation,positive,teaching_quality,none,none,none,moderate,none
ED444,"bhai exam center pe invigilators continuously loud whispers me gossiping kar rahe the focus karna impossible ho gaya",hinglish,education,complaint,negative,exam,poor_facility,medium,none,simple,"Maintain strict silence by invigilators inside examination halls"
ED445,"Show real-time updates regarding faculty availability and office consultation hours on digital departmental notice boards.",english,education,suggestion,neutral,timetable,none,none,none,moderate,"Display live faculty availability on departmental screens"
ED446,"Flawless coding platform, submitted algorithmic assignments evaluated against hundreds of hidden test cases within three seconds.",english,education,appreciation,positive,assignment,none,none,none,moderate,none
ED447,"bhai semester fee pay karne ke baad bhi portal balance due show karta hai registration hold ho gayi technical glitch ki wajah se",hinglish,education,complaint,negative,fees,website_issue,medium,none,moderate,"Sync fee payment gateways instantly with semester registration portals"
ED448,"Can final year engineering students request remote proctoring options for clearing back-paper backlogs from off-campus locations?",english,education,question,neutral,exam,none,none,none,moderate,none
ED449,"The civil engineering surveying lectures were informative, but the optical theodolites in the lab had cloudy cracked lenses.",english,education,complaint,mixed,facilities,poor_facility,low,none,moderate,"Repair and recalibrate all surveying optical instruments"
ED450,"Polite staff, swift marksheet validation, zero wait times at the administration desk, highly satisfied with student services.",english,education,appreciation,positive,student_support,none,none,none,simple,none
ED451,"bhai computer programming lab me internet off tha offline compiler me package install nahi ho rahe the lab class waste",hinglish,education,complaint,negative,facilities,technical_issue,high,none,simple,"Ensure local offline package mirrors are configured on lab machines"
ED452,"Provide option to download consolidated mark sheets containing all eight semesters in a single verifiable digital portfolio.",english,education,suggestion,neutral,certificate,none,none,none,moderate,"Enable single-click consolidated marksheet downloads"
ED453,"Instant SMS updates for class schedule shifts, lectures uploaded swiftly to portal, very efficient academic coordination.",english,education,appreciation,positive,timetable,none,none,none,moderate,none
ED454,"bhai course sales executive ne misleading fake promises kiye batch me 1-on-1 mentorship ka mention tha par group sessions nikle scam",hinglish,education,complaint,negative,admission,admission_issue,high,mild,"Ensure marketing teams represent instructional formats accurately"
ED455,"How can an alumnus request an official sealed transcript dossier sent directly to foreign credential evaluation agencies?",english,education,question,neutral,certificate,none,none,none,moderate,none
ED456,"The technical discussions in robotics were deep, though laboratory safety gear such as thermal gloves were torn and dirty.",english,education,complaint,mixed,facilities,poor_facility,low,none,moderate,"Maintain clean and undamaged safety gear in experimental labs"
ED457,"Student welfare desk resolved my hostel accommodation transfer within forty-eight hours of submitting the application.",english,education,appreciation,positive,student_support,none,none,none,moderate,none
ED458,"bhai test series ka portal mock exam ke beech me error 502 bad gateway show karke freeze ho gaya saare answers lost",hinglish,education,complaint,negative,test,website_issue,high,none,simple,"Upgrade mock exam gateway servers to handle concurrency spikes"
ED459,"Prompt assistance by department office, issued recommendation letters for international master's applications in two days.",english,education,appreciation,positive,student_support,none,none,none,moderate,none
ED460,"bhai physics lab assistant ne experiment setup me help karne se mana kar diya bola manuals khud padho unhelpful staff",hinglish,education,complaint,negative,facilities,poor_facility,low,none,simple,"Instruct laboratory assistants to actively aid experimental setups"
ED461,"Can universities provide an automated WhatsApp chatbot to answer routine queries about semester exam fees and dates?",english,education,suggestion,neutral,communication,none,none,none,moderate,"Deploy an automated WhatsApp bot for routine student queries"
ED462,"The cloud computing course offered solid fundamentals, though the assignment deadlines were clustered tightly around midterm week.",english,education,informational,mixed,assignment,timetable_issue,low,none,moderate,none
ED463,"Quick admission processing, polite counseling desk, clean laboratories, clear guidelines, exceptional educational environment.",english,education,appreciation,positive,admission,none,none,none,simple,none
ED464,"bhai scholarship cell ne student caste certificate reject kar diya valid hone ke baad bhi bureaucratic torture chal raha hai",hinglish,education,complaint,negative,student_support,support_delay,high,none,moderate,"Follow government guidelines strictly on certificate verifications"
ED465,"Does the campus library maintain subscriptions to IEEE and ACM digital research repositories accessible via remote proxy?",english,education,question,neutral,library,none,none,none,moderate,none
ED466,"Spotless computer engineering laboratories, all dual-boot workstations operational, gigabit networking, polite system administrators.",english,education,appreciation,positive,facilities,none,none,none,moderate,none
ED467,"bhai placement drive me shortlist hone ke baad company coordinator ne test link time pe share nahi kiya opportunity lost",hinglish,education,complaint,negative,student_support,communication_issue,low,none,simple,"Ensure timely dispatch of test credentials by placement teams"
ED468,"Allow students to submit academic project dissertations in electronic format rather than demanding expensive hardbound physical books.",english,education,suggestion,neutral,assignment,none,none,none,moderate,"Accept digital dissertation submissions to avoid paper wastage"
ED469,"Superb algorithmic mentoring, teacher derived dynamic programming recurrences step by step, inspiring deep analytical thinking.",english,education,appreciation,positive,teaching_quality,none,none,none,simple,none
ED470,"bhai online tuition platform me payment debit hone ke baad batch access unlock nahi hua 3 din se call center ghumaye ja raha hai",hinglish,education,complaint,negative,fees,fee_issue,high,none,simple,"Grant instantaneous batch access upon successful payment confirmation"
ED471,"Is there an institutional fellowship available for post-graduate engineering scholars pursuing patentable green energy research?",english,education,question,neutral,fees,none,none,none,moderate,none
ED472,"The machine learning seminar was theoretically sound, though the presentation slides lacked concrete implementation code samples.",english,education,informational,mixed,study_material,poor_study_material,low,none,moderate,none
ED473,"Super fast evaluation, internal continuous assessment results declared within forty-eight hours of assignment submission, very impressed.",english,education,appreciation,positive,assignment,none,none,none,simple,none
ED474,"bhai university ne end-semester practicals ka timetable exam se sirf do din pehle release kiya severe planning disaster",hinglish,education,complaint,negative,timetable,timetable_issue,high,mild,"Announce practical examination schedules at least two weeks prior"
ED475,"Colleges should permit final year engineering scholars to work on industrial internship capstones remotely without compulsory campus presence.",english,education,suggestion,neutral,attendance,none,none,none,moderate,"Allow remote industry capstone projects for final year scholars"
ED476,"Clean reading rooms, well-cataloged library books, quiet study pods, and courteous librarians make this university exemplary.",english,education,appreciation,positive,library,none,none,none,simple,none
ED477,"bhai offline coaching classroom me itni bheed thi ki second room me projector pe live feed dekhni padi direct faculty interaction zero",hinglish,education,complaint,negative,facilities,poor_facility,medium,none,simple,"Cap classroom strength to ensure direct student-faculty interaction"
ED478,"Can students opt for electronic semester grade reports delivered directly to their registered Digilocker accounts?",english,education,question,neutral,certificate,none,none,none,moderate,none
ED479,"The mathematics professor is dedicated, though the microphone audio in the large amphitheater lecture hall has noticeable hum.",english,education,complaint,mixed,facilities,technical_issue,low,none,moderate,"Eliminate electrical ground hum on amphitheater lecture microphones"
ED480,"Delivered on time, comprehensive data structures course manual arrived safely bound with clear diagrams and sample walkthroughs.",english,education,appreciation,positive,study_material,none,none,none,simple,none
ED481,"bhai university mess me food poisoning ke baad bhi caterer ko change nahi kiya management student health pe careless hai",hinglish,education,complaint,negative,campus,poor_facility,medium,none,simple,"Terminate licenses of caterers violating basic food hygiene"
ED482,"Offer subsidized academic software licenses like MATLAB and AutoCAD for enrolled undergraduate engineering students.",english,education,suggestion,neutral,facilities,none,none,none,moderate,"Provide subsidized student engineering software licenses"
ED483,"Clear analytical breakdown on whiteboard, teacher answered every single edge-case doubt patiently, exceptional classroom experience.",english,education,appreciation,positive,teaching_quality,none,none,none,moderate,none
ED484,"bhai lab evaluation me internal examiner ne bina paper dekhe random marks de diye biased and unfair academic grading",hinglish,education,complaint,negative,assignment,assignment_issue,low,none,moderate,"Implement rubric-based standardized grading for lab assessments"
ED485,"Where can I check if this autonomous technical college holds valid accreditation from national NBA technical boards?",english,education,question,neutral,university,none,none,none,moderate,none
ED486,"The distributed systems lectures were conceptually thorough, though the cloud virtual machines allotted ran out of memory.",english,education,informational,mixed,facilities,technical_issue,low,none,moderate,none
ED487,"Pristine academic environment, competitive coding society held weekly practice bootcamps, and teachers reviewed logic line by line.",english,education,appreciation,positive,teaching_quality,none,none,none,moderate,none
ED488,"bhai college app me timetable load nahi hota blank screen throw karta hai offline timetable ka photo lena padta hai",hinglish,education,complaint,negative,learning_app,app_issue,medium,none,simple,"Fix mobile app timetable rendering crash"
ED489,"Enable dark mode on the student course portal to prevent visual fatigue during late-night assignment coding sessions.",english,education,suggestion,neutral,website,none,none,none,moderate,"Implement system-wide dark mode on student web portal"
ED490,"Smooth campus recruitment workflow, company presentations were organized, written tests proctored properly, completely satisfied.",english,education,appreciation,positive,student_support,none,none,none,simple,none
ED491,"bhai semester fee payment fail hone ke baad bhi account se paise cut gaye aur fee desk bolta hai bank se pucho useless support",hinglish,education,complaint,negative,fees,fee_issue,high,none,moderate,"Establish direct automated reconciliation with fee payment gateways"
ED492,"Is there an institutional scholarship for scholars participating in national level collegiate athletics championships?",english,education,question,neutral,fees,none,none,none,moderate,none
ED493,"The database design course covered relational concepts well, though query tuning and indexing practicals were too brief.",english,education,appreciation,mixed,teaching_quality,assignment_issue,low,none,moderate,"Expand practical curriculum on database indexing and query tuning"
ED494,"Polite administrative assistant, quick verification of degree documents, clear guidelines, exceptional campus service experience throughout.",english,education,appreciation,positive,student_support,none,none,none,simple,none
ED495,"bhai campus clinic me basic first aid aur fever tablets available nahi thi night emergency me medical negligence",hinglish,education,complaint,negative,facilities,poor_facility,medium,none,simple,"Stock 24/7 emergency first-aid supplies in campus clinics"
ED496,"Universities should automate the delivery of semester examination hall tickets directly to registered student WhatsApp numbers.",english,education,suggestion,neutral,exam,none,none,none,moderate,"Deliver exam admit cards directly via WhatsApp"
ED497,"Steaming hot, wholesome, and clean meals served in hostel mess punctually, balanced diet provided for student health.",english,education,appreciation,positive,campus,none,none,none,moderate,none
ED498,"bhai physics lab assistant ne experiment manual bina samjhaye sign karne se mana kiya arrogant and uncooperative staff",hinglish,education,complaint,negative,facilities,poor_facility,medium,none,moderate,"Train laboratory assistants to support student practical inquiries"
ED499,"Can students request a second re-evaluation of external end-semester theory papers by an independent external university professor?",english,education,question,neutral,exam,none,none,none,moderate,none
ED500,"Exceptional mentoring, dedicated placement cell, transparent grading, well-equipped labs, thoroughly grateful to the institute faculty.",english,education,appreciation,positive,student_support,none,none,none,moderate,none