id,text,language,service,behavior,sentiment,aspect,issue,severity,abuse,complexity,suggestion
GR001,"Crisp palak, spotless tomatoes, and chilled buffalo milk delivered within twelve minutes of placing order.",english,grocery_delivery,appreciation,positive,freshness,none,none,none,simple,none
GR002,"The grocery staples were neatly sorted, but the glass honey jar cracked in transit and smeared sticky syrup all over pulses.",english,grocery_delivery,complaint,mixed,packaging,packaging_problem,medium,none,complex,"Wrap glass honey jars in individual air-cushion pouches"
GR003,"bhai 5 din ho gaye out-of-stock paneer ka refund mere bank account me nahi aaya support bas wait karne ko bolta hai",hinglish,grocery_delivery,complaint,negative,refund,refund_delay,high,none,moderate,"Process missing grocery refunds automatically within 24 hours"
GR004,"Can customers choose specific green vegetable freshness grading preferences directly from the app interface?",english,grocery_delivery,question,neutral,freshness,none,none,none,moderate,none
GR005,"Aloo pyaaz ekdum dry aur clean the bina mitti ke deliver huye maza aa gaya.",hinglish,grocery_delivery,appreciation,positive,product_quality,none,none,none,simple,none
GR006,"Grocery platforms should display live expiry dates on dairy packs before customers add them to cart.",english,grocery_delivery,suggestion,neutral,expiry,none,none,none,moderate,"Display exact expiry dates on perishable items"
GR007,"the curd pouch had burst completely open inside the paper bag, soaking the bread loaf in sour water",english,grocery_delivery,complaint,negative,packaging,packaging_problem,high,none,moderate,"Pack dairy pouches separately from bakery items"
GR008,"I wouldn't describe the mangoes as totally inedible, but receiving four rock-hard raw pieces in a premium sweet box was disappointing.",english,grocery_delivery,complaint,mixed,freshness,poor_quality,low,none,complex,"Ensure seasonal fruits meet basic ripeness standards"
GR009,"ordered two 5kg bags of aged basmati rice received unpolished brown rice without any prior substitution alert",english,grocery_delivery,complaint,negative,substitution,unwanted_substitution,medium,none,moderate,"Seek explicit approval before substituting rice varieties"
GR010,"Order was handed over at door at 7:30 AM containing all four items listed on the digital invoice.",english,grocery_delivery,informational,neutral,delivery,none,none,none,simple,none
GR011,"bhai customer support executive itna batameez hai expired bread packet report karne par bolta hai check karke khao idiot staff",hinglish,grocery_delivery,complaint,negative,customer_support,poor_quality,high,mild,"Train grocery support teams to resolve expired food disputes politely"
GR012,"Egg cartons were wrapped securely in bubble wrap with fragile stickers, not a single shell cracked.",english,grocery_delivery,appreciation,positive,packaging,none,none,none,simple,none
GR013,"Can users reschedule recurring early morning milk deliveries through the daily subscription toggle?",english,grocery_delivery,question,neutral,delivery_time,none,none,none,moderate,none
GR014,"coriander bunch was slimy black and emitting foul rotten smell straight out of warehouse crate",english,grocery_delivery,complaint,negative,freshness,poor_freshness,high,none,moderate,"Discard decomposing leafy greens at sorting stage"
GR015,"two packets of frozen green peas were completely omitted from delivery bag despite full advance deduction",english,grocery_delivery,complaint,negative,missing_item,missing_item,medium,none,simple,"Cross-check packed bags against digital pick lists"
GR016,"bhai bhindi itni pakki hui thi ki tooth se break hi nahi ho rahi thi sab fekna pada waste of money",hinglish,grocery_delivery,complaint,negative,product_quality,poor_quality,medium,none,moderate,"Inspect tenderness of green vegetables before dispatch"
GR017,"The cold-pressed mustard oil is fragrant and authentic, although the bottle neck had oily grime around the seal.",english,grocery_delivery,appreciation,mixed,packaging,packaging_problem,low,none,moderate,"Wipe edible oil containers clean before packing"
GR018,"Delivery apps should allow customers to set strict no-substitution rules for branded spices and baby food.",english,grocery_delivery,suggestion,neutral,substitution,none,none,none,moderate,"Provide absolute opt-out toggle for item substitutions"
GR019,"bhai checkout pe festive cashback apply ho gaya par final bill me full delivery handling charge jod diya",hinglish,grocery_delivery,complaint,negative,discount,discount_issue,medium,none,moderate,"Maintain transparent fee calculations on discount orders"
GR020,"The delivery executive climbed up four floors with two heavy 10kg atta bags with complete patience and a smile.",english,grocery_delivery,appreciation,positive,delivery,none,none,none,moderate,none
GR021,"Although the exotic mushrooms arrived chilled and fresh, the container seal was loose and soil had leaked onto broccoli.",english,grocery_delivery,complaint,mixed,packaging,packaging_problem,low,none,complex,"Secure snap-lock lids on vegetable punnets"
GR022,"received milk packets that expired two days ago, whole milk curdled instantly upon boiling on stove",english,grocery_delivery,complaint,negative,expiry,expired_product,high,none,moderate,"Audit dairy refrigerator stocks for expired dates daily"
GR023,"order total 850 rupees tha jisme cooking oil pulses aur cleaning detergent sab accurate weight me mila.",hinglish,grocery_delivery,informational,neutral,order_accuracy,none,none,none,simple,none
GR024,"Does this instant delivery dark store operate delivery slots throughout rainy late night hours?",english,grocery_delivery,question,neutral,availability,none,none,none,moderate,none
GR025,"Pathetic service charged thousand rupees advance and sent rotten fungal apples and black bananas shameless thieves",english,grocery_delivery,complaint,negative,freshness,poor_freshness,high,severe,"Do not dispatch fungal or rotten fruit inventory"
GR026,"shimla mirch ekdum crunchy aur shiny thi bilkul farm-fresh quality thank you dark store team",hinglish,grocery_delivery,appreciation,positive,freshness,none,none,none,simple,none
GR027,"I wouldn't say the grocery platform is unreliable, but sending regular atta when organic multigrain was paid for is careless.",english,grocery_delivery,complaint,mixed,wrong_item,wrong_item,medium,none,complex,"Verify barcode scans against specific flour variants"
GR028,"Refund for the missing ice cream tub was credited to my linked wallet within ninety seconds of photo verification.",english,grocery_delivery,appreciation,positive,refund,none,none,none,moderate,none
GR029,"kya monthly grocery bulk order pe floor delivery charges alag se calculate hote hain?",hinglish,grocery_delivery,question,neutral,delivery,none,none,none,simple,none
GR030,"Delivery rider was rude, dumped grocery bag on muddy porch floor and refused to hand it over properly.",english,grocery_delivery,complaint,negative,delivery,poor_quality,medium,mild,"Train delivery partners in courteous doorstep handoffs"
GR031,"Atta bag had a long box-cutter slice along the side, spilled half kilogram flour over the doorway floor during lifting.",english,grocery_delivery,complaint,negative,packaging,damaged_product,medium,none,moderate,"Handle package opening tools carefully in warehouses"
GR032,"App crashed during UPI checkout debiting account twice while keeping order status marked as unpaid.",english,grocery_delivery,complaint,negative,payment,payment_issue,high,none,complex,"Fix double debit synchronization bugs during gateway timeout"
GR033,"The tender coconuts had sweet water and thick malai, although the green outer husks had black mildew spots.",english,grocery_delivery,appreciation,mixed,freshness,poor_quality,low,none,complex,"Clean and inspect coconut husks before bagging"
GR034,"bhai delivery boy ne address nahi milne par bina call kiye order 'cancelled by customer' mark kar diya",hinglish,grocery_delivery,complaint,negative,delivery,cancellation_issue,high,none,moderate,"Mandate rider verification calls before cancelling orders"
GR035,"Farm fresh desi eggs with dark golden yolks, sturdy carton packaging, delivered within fifteen minutes.",english,grocery_delivery,appreciation,positive,product_quality,none,none,none,moderate,none
GR036,"kya grocery warehouse organic certified pulses ke liye separate storage containers maintain karta hai?",hinglish,grocery_delivery,question,neutral,product_quality,none,none,none,moderate,none
GR037,"Rider carried two crates of bottled soda up three flights of stairs carefully without shaking or dropping bottles.",english,grocery_delivery,appreciation,positive,delivery,none,none,none,complex,none
GR038,"Frozen corn kernels and paneer blocks arrived completely frozen hard with reusable gel ice packs inside.",english,grocery_delivery,appreciation,positive,packaging,none,none,none,moderate,none
GR039,"Found tiny live white worms crawling inside the sealed 1kg suji semolina pouch, horrific warehouse contamination.",english,grocery_delivery,complaint,negative,product_quality,poor_quality,high,none,moderate,"Inspect grain warehousing conditions for insect infestations"
GR040,"sabji fresh nhi thi aur ek item miss tha 2 ghante late deliver hua",hinglish,grocery_delivery,complaint,negative,freshness,poor_freshness,medium,none,simple,"Improve speed and vegetable freshness at sorting hubs"
GR041,"While the packaged biscuits and chips were intact, the soft bananas packed underneath heavy squash were totally crushed.",english,grocery_delivery,complaint,mixed,packaging,damaged_product,medium,none,complex,"Pack soft fruits on top of heavy items in delivery crates"
GR042,"Can customer support share a digital weigh-scale calibration certificate for loose vegetable orders?",english,grocery_delivery,question,neutral,quantity,none,none,none,moderate,none
GR043,"pyaaz ka price market se double 80 rupay kilo charge kiya aur size bilkul tiny garlic jaisa nikla",hinglish,grocery_delivery,complaint,negative,price,high_price,medium,none,simple,"Align produce pricing with reasonable retail benchmarks"
GR044,"Everything was delivered on time until we realized the essential milk packets were substituted with sugary flavored milk.",english,grocery_delivery,complaint,mixed,substitution,unwanted_substitution,medium,none,moderate,"Do not substitute daily essentials with confectionery items"
GR045,"Instant delivery apps should allow customers to specify ripeness preferences like green bananas or ripe bananas.",english,grocery_delivery,suggestion,neutral,freshness,none,none,none,moderate,"Add ripeness selection options for bananas and papayas"
GR046,"packet of button mushrooms had slimy yellow liquid pooled inside plastic wrap, clearly past viable consumption date",english,grocery_delivery,complaint,negative,freshness,poor_freshness,medium,none,simple,"Remove decomposing mushrooms from active catalog"
GR047,"bhaiya ne doorstep pe har vegetable item verify karwaya aur invoice receipt handed over cleanly thank you",hinglish,grocery_delivery,appreciation,positive,delivery,none,none,none,moderate,none
GR048,"Is cash on delivery available for orders containing imported exotic cheeses and cold cuts?",english,grocery_delivery,question,neutral,payment,none,none,none,moderate,none
GR049,"Delivery was fast, vegetable freshness wasn't.",english,grocery_delivery,complaint,mixed,freshness,poor_freshness,medium,none,simple,"Audit freshness before dispatching express orders"
GR050,"terrible experience driver hurled abuses when asked why milk packets were leaking all over stairs shameless rogue",hinglish,grocery_delivery,complaint,negative,customer_support,poor_quality,high,severe,"Deactivate delivery executives resorting to verbal abuse"
GR051,"Piping hot sourdough bread loaf, golden butter cubes, and farm milk delivered right on scheduled 6:30 AM breakfast slot.",english,grocery_delivery,appreciation,positive,delivery_time,none,none,none,simple,none
GR052,"bhai order me se 500g ginger missing tha par invoice pe full amount charged dikha raha hai",hinglish,grocery_delivery,complaint,negative,missing_item,missing_item,medium,none,moderate,"Ensure digital invoices match actually bagged items"
GR053,"Honestly, I expected bruised tomatoes given the heavy discount, but every single tomato was firm, red, and juicy.",english,grocery_delivery,appreciation,mixed,product_quality,none,none,none,complex,none
GR054,"App map showed rider waiting at warehouse for twenty-five minutes while timer kept resetting from 8 to 20 minutes.",english,grocery_delivery,complaint,negative,tracking,tracking_issue,medium,none,moderate,"Provide accurate dispatch status when order is delayed"
GR055,"kya hostel gatekeeper ko parcel hand over karne par rider confirmation photo capture karta hai?",hinglish,grocery_delivery,question,neutral,delivery,none,none,none,moderate,none
GR056,"Cleaning bleach bottle leaked through thin polythene bag, stripping labels and poisoning a bag of fresh green chillies.",english,grocery_delivery,complaint,negative,packaging,damaged_product,high,none,moderate,"Never pack household cleaning chemicals with fresh produce"
GR057,"Sweet seedless green grapes, crunchy texture, zero sour berries, packed neatly in protective vented plastic clamshells.",english,grocery_delivery,appreciation,positive,product_quality,none,none,none,moderate,none
GR058,"Grocery apps should state whether loose potato sacks contain new crop or cold-storage potatoes.",english,grocery_delivery,suggestion,neutral,product_quality,none,none,none,moderate,"Clarify crop harvest type on root vegetable listings"
GR059,"delivery took ninety minutes instead of promised ten minutes during non-peak afternoon hours useless logistics",english,grocery_delivery,complaint,negative,delivery_time,late_delivery,medium,mild,"Maintain realistic delivery estimates during rider crunches"
GR060,"The paneer was soft and fresh, though the plastic vacuum bag had excess whey water that spilled upon opening.",english,grocery_delivery,appreciation,mixed,packaging,packaging_problem,low,none,moderate,"Drain excess whey before heat-sealing paneer blocks"
GR061,"milk missing hai?? bag khola to sirf bread aur butter nikla doodh ka packet gayab h",hinglish,grocery_delivery,question,negative,missing_item,missing_item,medium,none,simple,"Audit pick bags for daily morning milk items"
GR062,"Minimal paper packaging with unbleached paper tapes used for grains, commendable reduction in household plastic waste.",english,grocery_delivery,appreciation,positive,packaging,none,none,none,simple,none
GR063,"In-app chat assistant kept offering automated five-rupee wallet coupons instead of refunding thirty-rupee spoiled coriander.",english,grocery_delivery,complaint,negative,customer_support,support_delay,medium,none,moderate,"Issue full cash refunds for verified spoiled items"
GR064,"thali meal grocery kit me jeera aur hing ka pouch missing tha har baar masale bhool jate ho",hinglish,grocery_delivery,complaint,negative,missing_item,missing_item,low,none,moderate,"Check assembled cooking kits against component recipe cards"
GR065,"Are seasonal Alphonso mangoes checked for internal fruit spongy tissue before packing into branded boxes?",english,grocery_delivery,question,neutral,product_quality,none,none,none,moderate,none
GR066,"Delivery rider repeatedly buzzed flat door bell at 6 AM despite clear 'leave at door without ringing' instructions.",english,grocery_delivery,complaint,negative,delivery,poor_quality,low,none,moderate,"Sensitize morning delivery riders to observe quiet delivery notes"
GR067,"Aromatic basmati rice grains were long, unbroken, and cooked into fluffy separate grains without sticky starch.",english,grocery_delivery,appreciation,positive,product_quality,none,none,none,moderate,none
GR068,"bhai extra curry leaves manga tha instructions me likh ke ek dandi bhi nahi di",hinglish,grocery_delivery,complaint,negative,order_accuracy,missing_item,low,none,moderate,"Honor free customer instruction requests for herbs"
GR069,"The exotic berries were fresh and intact, although waiting forty minutes past the delivery window disrupted our baking plans.",english,grocery_delivery,complaint,mixed,delivery_time,late_delivery,low,none,complex,"Meet promised delivery windows for perishable baking goods"
GR070,"How long does the refund take to reflect back to original credit card after returning spoiled milk pouches?",english,grocery_delivery,question,neutral,refund,none,none,none,moderate,none
GR071,"Cooking oil pouch burst along the seam in transit, coating twenty grocery items in dense sticky sunflower grease.",english,grocery_delivery,complaint,negative,packaging,damaged_product,high,none,moderate,"Enclose oil pouches in heavy duty secondary poly sleeves"
GR072,"sweet corn cobs had dry brown kernels and lacked sweetness, tasted like old refrigerated inventory",english,grocery_delivery,complaint,mixed,freshness,poor_freshness,low,none,simple,"Supply freshly harvested sweet corn"
GR073,"raat ko 11 baje bhi fresh dahi aur bread 10 minute me deliver ho gaya life saver service",hinglish,grocery_delivery,appreciation,positive,delivery_time,none,none,none,simple,none
GR074,"Grocery platforms should show photos of the actual current warehouse batch of greens rather than stock catalog vectors.",english,grocery_delivery,suggestion,neutral,app,none,none,none,moderate,"Display batch photographs for perishable greens"
GR075,"apples andar se brown aur rotten the upar se wax laga ke shiny dikhaya tha cheating",hinglish,grocery_delivery,complaint,negative,freshness,poor_quality,high,none,simple,"Inspect internal apple core quality before dispatch"
GR076,"Ordered gluten-free almond flour received regular wheat flour, dangerous health hazard for celiac family member.",english,grocery_delivery,complaint,negative,wrong_item,wrong_item,high,none,moderate,"Segregate gluten-free products strictly in fulfillment centers"
GR077,"Delivery executive handled the fragile glass milk bottles gently, placing them upright in the doorstep basket.",english,grocery_delivery,appreciation,positive,delivery,none,none,none,moderate,none
GR078,"Does this grocery service use refrigerated vans to transport frozen ice creams and dairy products during summer months?",english,grocery_delivery,question,neutral,delivery,none,none,none,moderate,none
GR079,"I wouldn't call the entire fruit basket bad, but receiving two bruised pomegranates out of three changed the value completely.",english,grocery_delivery,complaint,mixed,product_quality,poor_quality,low,none,complex,none
GR080,"fraud grocery portal took payment and delivered an empty torn carton with zero products inside criminal thieves",english,grocery_delivery,complaint,negative,delivery,missing_item,high,severe,"Verify delivery weight before handing over sealed cartons"
GR081,"Delivered right to the fourth floor flat within eight minutes of ordering, fast and courteous logistics.",english,grocery_delivery,appreciation,positive,delivery_time,none,none,none,simple,none
GR082,"app me cart items achanak out of stock show ho jate hain checkout click karte hi fix this inventory sync issue",hinglish,grocery_delivery,complaint,negative,app,app_issue,medium,none,simple,"Sync cart stock availability in real time"
GR083,"The tender baby spinach leaves were clean and fresh, though the bag weight was barely 180 grams instead of 250 grams.",english,grocery_delivery,appreciation,mixed,quantity,low_quantity,low,none,complex,"Calibrate packaging scales to avoid underweight produce"
GR084,"Are grocery delivery fees waived automatically if order value exceeds four hundred and ninety-nine rupees?",english,grocery_delivery,question,neutral,price,none,none,none,moderate,none
GR085,"bhai eggs ka crate pura crushed tha 6 me se 4 ande toot ke polythene me phail gaye the",hinglish,grocery_delivery,complaint,negative,packaging,damaged_product,medium,none,moderate,"Use rigid cardboard protective cartons for egg delivery"
GR086,"Aromatic freshly milled whole wheat flour, rotis puffed up soft and stayed tender till dinner time.",english,grocery_delivery,appreciation,positive,product_quality,none,none,none,simple,none
GR087,"Please introduce an option to return individual damaged items directly to the delivery rider at the doorstep.",english,grocery_delivery,suggestion,neutral,refund,none,none,none,moderate,"Allow immediate doorstep returns for damaged goods"
GR088,"worst grocery delivery service ice cream tub arrived as warm liquid soup rider took forty-five minutes in summer heat",english,grocery_delivery,complaint,negative,product_quality,poor_quality,high,mild,"Use insulated thermal bags with dry ice for frozen desserts"
GR089,"ordered garlic paste received expired ginger paste with discolored green liquid floating on top",hinglish,grocery_delivery,complaint,negative,wrong_item,wrong_item,medium,none,simple,"Verify product codes carefully on bottled cooking pastes"
GR090,"A smooth grocery run, order arrived at 6:00 PM containing all seven ordered breakfast staples in spotless condition.",english,grocery_delivery,informational,positive,delivery,none,none,none,simple,none
GR091,"bhai dry fruits ki quality achhi thi bas kaju ke tukde zyada the whole cashews promised the",hinglish,grocery_delivery,suggestion,mixed,product_quality,poor_quality,low,none,moderate,"Ensure cashew grades match whole vs broken descriptions"
GR092,"Why did the final bill include a fifteen-rupee rain surge fee when the weather outside was completely dry and sunny?",english,grocery_delivery,question,negative,price,high_price,medium,none,moderate,"Trigger rain surge fees strictly based on verified radar data"
GR093,"The glass bottle of olive oil arrived cocooned in sturdy air-column bubble wrap with tamper hologram unbroken.",english,grocery_delivery,appreciation,positive,packaging,none,none,none,moderate,none
GR094,"bhai delivery boy ne building security ko bag handover kar diya aur mujhe bataya tak nahi",hinglish,grocery_delivery,complaint,negative,delivery,poor_quality,medium,none,moderate,"Mandate customer notification before dropping parcels with security"
GR095,"Not the quickest delivery experience during Sunday evening rush, but at least every ordered item was in the bag.",english,grocery_delivery,informational,mixed,delivery_time,late_delivery,low,none,complex,none
GR096,"chicken breasts had grey discoloration and smelled putrid, packaging date label was clearly altered",english,grocery_delivery,complaint,negative,freshness,poor_freshness,high,none,moderate,"Enforce strict cold-chain compliance on fresh poultry"
GR097,"chawal aur dal ke bags neatly packed the double sealed packaging ke sath clean service",hinglish,grocery_delivery,appreciation,positive,packaging,none,none,none,simple,none
GR098,"Can users specify delivery drop instructions for contactless delivery outside apartment security grills?",english,grocery_delivery,question,neutral,delivery,none,none,none,moderate,none
GR099,"Exemplary service, hot fresh bakery bread and cold milk delivered through torrential monsoon rain without a drop entering bag.",english,grocery_delivery,appreciation,positive,delivery,none,none,none,simple,none
GR100,"bhai platform fee 5 rupay se badha ke 12 rupay kardi bina koi service improvement ke unnecessary cost hike",hinglish,grocery_delivery,complaint,negative,price,high_price,medium,none,moderate,"Keep platform fees reasonable and transparent"
GR101,"Fresh methi fenugreek leaves were full of sandy mud and wilted yellow stalks, took an hour just to clean.",english,grocery_delivery,complaint,negative,freshness,poor_freshness,medium,none,moderate,"Wash and trim leafy greens before pre-packaging"
GR102,"Alphonso mangoes had deep saffron aroma, zero blemishes, perfectly sweet and fiberless pulp.",english,grocery_delivery,appreciation,positive,freshness,none,none,none,simple,none
GR103,"bhai bread ka packet bilkul flat daba hua tha sandwich bread ke slices tut ke crumbs ban gaye",hinglish,grocery_delivery,complaint,negative,packaging,damaged_product,medium,none,simple,"Place bakery bread in rigid protective sections"
GR104,"Please mention the net drained weight on canned and bottled vegetable products like mushrooms and baby corn.",english,grocery_delivery,suggestion,neutral,product_quality,none,none,none,moderate,"Display net drained weight on canned goods"
GR105,"Where do I submit batch photos if a sealed carton of tetra-pack milk is sour upon opening?",english,grocery_delivery,question,neutral,customer_support,none,none,none,moderate,none
GR106,"Super quick turnaround, placed order at 7:02 AM, doorbell rang at 7:14 AM with fresh bread and eggs.",english,grocery_delivery,appreciation,positive,delivery_time,none,none,none,simple,none
GR107,"The raw paneer slab had slimy yellow coating and smelled fermented, clearly held in unchilled storage.",english,grocery_delivery,complaint,negative,freshness,poor_freshness,high,none,moderate,"Store paneer at constant sub-four-degree temperatures"
GR108,"bhai dahi ka cup open ho gaya tha transit me pura bag sour dahi se bhar gaya careless rider",hinglish,grocery_delivery,complaint,negative,packaging,damaged_product,medium,none,simple,"Ensure yogurt container foil seals are reinforced"
GR109,"While the organic tomatoes were firm and fragrant, the accompanying coriander bundle was completely dried up.",english,grocery_delivery,complaint,mixed,freshness,poor_freshness,low,none,complex,"Mist and maintain humidity for delicate fresh herbs"
GR110,"The delivery executive politely offered to carry the 5-liter cooking oil can into the kitchen for an elderly resident.",english,grocery_delivery,appreciation,positive,delivery,none,none,none,moderate,none
GR111,"refund for missing butter packet processed within two minutes of submitting photo in app, highly responsive customer care.",english,grocery_delivery,appreciation,positive,refund,none,none,none,moderate,none
GR112,"ginger was completely shriveled and fibrous, barely extracted any juice for morning tea",hinglish,grocery_delivery,complaint,negative,product_quality,poor_quality,low,none,simple,"Source plump fresh ginger roots"
GR113,"Why is an extra handling charge applied for heavy orders when customers are already paying delivery fees?",english,grocery_delivery,question,negative,price,high_price,medium,none,moderate,"Clarify heavy weight handling fee slabs"
GR114,"Allow customers to request paper carry bags instead of non-woven fabric bags to minimize synthetic waste.",english,grocery_delivery,suggestion,neutral,packaging,none,none,none,moderate,"Offer biodegradable kraft paper delivery bags"
GR115,"The oranges looked bright and waxy, but the pulp inside was dry and lacked juice entirely.",english,grocery_delivery,complaint,mixed,product_quality,poor_quality,low,none,moderate,"Test citrus batches for adequate juice content"
GR116,"bhai frozen peas thawed ho chuke the aur packet bloated tha food poisoning ka risk hai",hinglish,grocery_delivery,complaint,negative,freshness,poor_freshness,high,none,simple,"Maintain cold chain integrity for frozen vegetables"
GR117,"Warm flaky bakery croissants paired with fresh churned butter, delightful morning breakfast delivery experience.",english,grocery_delivery,appreciation,positive,product_quality,none,none,none,moderate,none
GR118,"delivery boy threw the grocery bag against the front door breaking glass jam jar completely uncivilized behavior",english,grocery_delivery,complaint,negative,delivery,poor_quality,high,severe,"Penalize delivery riders handling packages aggressively"
GR119,"Can subscribers choose their preferred brand of A2 organic cow milk for automated recurring daily morning deliveries?",english,grocery_delivery,question,neutral,product_range,none,none,none,moderate,none
GR120,"sabziyan fresh aayi aur bag me weight tag accurately mention tha genuine service",hinglish,grocery_delivery,appreciation,positive,quantity,none,none,none,simple,none
GR121,"The apples were crisp and sweet, though the plastic mesh sleeves used for wrapping them felt environmentally wasteful.",english,grocery_delivery,informational,mixed,packaging,none,low,none,moderate,none
GR122,"fraud grocery app deducted money three times during checkout and customer support closed ticket without refunding thieves",english,grocery_delivery,complaint,negative,payment,payment_issue,high,severe,"Resolve multiple checkout debits immediately"
GR123,"Include an option to select 'no plastic bags' and receive loose vegetables directly in passenger crates at doorstep.",english,grocery_delivery,suggestion,neutral,packaging,none,none,none,moderate,"Provide zero-packaging crate handoff option"
GR124,"crunchy cucumbers and spotless seedless lemons, perfect for summer salads, delivered within ten minutes.",english,grocery_delivery,appreciation,positive,freshness,none,none,none,simple,none
GR125,"bhai order me se green chillies ka packet gayab tha dinner me bina mirchi ke khana banana pada",hinglish,grocery_delivery,complaint,negative,missing_item,missing_item,low,none,simple,"Verify basic kitchen seasonings and chilies before packing"
GR126,"Is there a minimum purchase value required to activate free express delivery for prime subscription members?",english,grocery_delivery,question,neutral,price,none,none,none,moderate,none
GR127,"I received someone else's order containing meat items instead of my pure vegetarian household grocery kit.",english,grocery_delivery,complaint,negative,wrong_item,wrong_item,high,none,moderate,"Strictly segregate vegetarian and non-vegetarian delivery orders"
GR128,"Smooth order flow, picked seven pantry staples, paid via UPI, and delivery executive rang bell in nine minutes.",english,grocery_delivery,appreciation,positive,delivery_time,none,none,none,simple,none
GR129,"bhaiya delivery boy ne doorstep pe parcel softly place kiya aur gentle greeting di polite service",hinglish,grocery_delivery,appreciation,positive,delivery,none,none,none,simple,none
GR130,"The basmati rice aroma was wonderful, although the outer burlap sack had small tears allowing raw grains to spill out.",english,grocery_delivery,appreciation,mixed,packaging,damaged_product,low,none,complex,"Reinforce stitched seams on large rice sacks"
GR131,"customer support agent refused to refund for crushed eggs claiming passenger must check bag in front of rider during rain",english,grocery_delivery,complaint,negative,customer_support,support_delay,high,none,moderate,"Simplify egg breakage claims without harsh check requirements"
GR132,"kya grocery app pe loose pulses ko airtight reusable containers me order karne ka option available hai?",hinglish,grocery_delivery,question,neutral,packaging,none,none,none,moderate,none
GR133,"Clean delivery bag, chilled dairy items segregated from ambient dry spices, immaculate warehouse fulfillment.",english,grocery_delivery,appreciation,positive,packaging,none,none,none,moderate,none
GR134,"frozen fish fillet thawed completely during sixty-minute delivery delay, smelled rancid and had to be discarded",english,grocery_delivery,complaint,negative,freshness,poor_freshness,high,none,moderate,"Prioritize frozen seafood deliveries with strict time caps"
GR135,"bhai bill me 30 rupay packing charge add kiya par grocery thin black polythene me deliver ki",hinglish,grocery_delivery,complaint,negative,price,high_price,medium,none,moderate,"Justify packing charges with eco-friendly durable bags"
GR136,"Grocery platforms should display the date of harvest alongside packaging dates on fresh root vegetables.",english,grocery_delivery,suggestion,neutral,freshness,none,none,none,moderate,"Display harvest dates on fresh produce listings"
GR137,"The whole wheat pita bread was fresh, soft, and puffed cleanly without tearing, ideal for homemade falafels.",english,grocery_delivery,appreciation,positive,product_quality,none,none,none,moderate,none
GR138,"How can a customer request GST input invoices with registered corporate tax numbers for pantry supplies?",english,grocery_delivery,question,neutral,payment,none,none,none,simple,none
GR139,"grocery delivery was okay okay type but potato size was disproportionately small compared to catalog photo",hinglish,grocery_delivery,complaint,mixed,product_quality,poor_quality,low,none,simple,none
GR140,"The delivery partner called politely to confirm the apartment tower number and handed over the heavy bag carefully.",english,grocery_delivery,appreciation,positive,delivery,none,none,none,moderate,none
GR141,"bhai washing powder ka packet raste me phat gaya aur surf pura pulses ke bag me mix ho gaya chemical hazard",hinglish,grocery_delivery,complaint,negative,packaging,damaged_product,high,none,simple,"Segregate laundry detergents into separate secondary bags"
GR142,"Never ordering fresh meat here again delivered decaying grey mutton pieces smelling like sewage completely rotten",english,grocery_delivery,complaint,negative,freshness,poor_freshness,high,severe,"Enforce daily quality discards on raw meat inventory"
GR143,"Is the organic certification label verified by government agricultural authorities on house-brand lentils?",english,grocery_delivery,question,neutral,product_quality,none,none,none,moderate,none
GR144,"Fresh coriander bunch with crisp stems, fragrant mint leaves, spotless curry leaves, perfect seasoning greens.",english,grocery_delivery,appreciation,positive,freshness,none,none,none,simple,none
GR145,"Delivery arrived within twelve minutes, but they sent salted butter instead of the unsalted baking butter ordered.",english,grocery_delivery,complaint,mixed,wrong_item,wrong_item,low,none,moderate,"Differentiate salted and unsalted butter during picking"
GR146,"bhai app pe item in stock dikhata hai par order place karne ke 5 minute baad auto-cancel ho jata hai kyu?",hinglish,grocery_delivery,question,negative,availability,product_unavailable,medium,none,moderate,"Sync live warehouse stock inventory to prevent post-order cancellations"
GR147,"Great quality almonds and raisins overall, though the seal on the dried figs pack was slightly peeled.",english,grocery_delivery,informational,mixed,packaging,none,low,none,simple,none
GR148,"Logistics partner updated status to 'out for delivery' for four hours while frozen goods melted in carrier bag.",english,grocery_delivery,complaint,negative,delivery_time,late_delivery,medium,none,moderate,"Limit out-for-delivery transit windows for frozen items"
GR149,"doodh aur bread subah 6:30 baje gate pe deliver ho gaya exact time pe morning tea sorted",hinglish,grocery_delivery,appreciation,positive,delivery_time,none,none,none,simple,none
GR150,"Delivery applications should provide a single-click button to reorder yesterday's daily essentials basket.",english,grocery_delivery,suggestion,neutral,app,none,none,none,moderate,"Introduce quick one-tap repeat basket reorder"
GR151,"bhai packaged curd ka lid loose tha thoda sa dahi nikal ke polythene me phail gaya messy packing",hinglish,grocery_delivery,complaint,negative,packaging,damaged_product,low,none,simple,"Secure snap-on lids on yogurt tubs with safety tape"
GR152,"The imported dark chocolate bars arrived chilled in insulated sleeves without any softening or white bloom.",english,grocery_delivery,appreciation,positive,packaging,none,none,none,moderate,none
GR153,"Can subscribers pause their daily morning bread and milk subscription during holiday trips through the mobile app?",english,grocery_delivery,question,neutral,app,none,none,none,moderate,none
GR154,"The loose onions were firm and dry, but the total weight was 850 grams instead of the billed 1-kilogram bag.",english,grocery_delivery,complaint,mixed,quantity,low_quantity,low,none,simple,"Ensure pre-packed vegetable bags meet exact labeled weight"
GR155,"bhai UPI autopay setup fail ho gaya par subscription fee advance deduct ho gayi support koi response nahi de raha",hinglish,grocery_delivery,complaint,negative,payment,payment_issue,high,none,moderate,"Reconcile failed subscription payment debits automatically"
GR156,"App interface is clean, search autocorrects common Indian grocery names accurately, and checkout takes ten seconds.",english,grocery_delivery,appreciation,positive,app,none,none,none,moderate,none
GR157,"terrible quality, sent bruised mushy guavas full of fruit fly puncture holes, totally unhygienic produce",english,grocery_delivery,complaint,negative,freshness,poor_quality,medium,none,moderate,"Screen fresh guavas for fruit fly damage before bagging"
GR158,"bhai tender coconut sweet tha aur malai bhi thick nikli fresh stock deliver kiya",hinglish,grocery_delivery,appreciation,positive,freshness,none,none,none,simple,none
GR159,"Does this grocery delivery service guarantee cold-chain storage for refrigerated probiotic health drinks?",english,grocery_delivery,question,neutral,product_quality,none,none,none,complex,none
GR160,"Delivery agent was very impatient, kept ringing the doorbell continuously for twenty seconds while I walked down stairs.",english,grocery_delivery,complaint,negative,delivery,poor_quality,low,none,moderate,"Sensitize riders against continuous impatient bell ringing"
GR161,"The basmati rice quality is exceptional, though the outer plastic sack had heavy warehouse dust coating.",english,grocery_delivery,complaint,mixed,packaging,packaging_problem,low,none,moderate,"Wipe outer grain sacks before dispatching to homes"
GR162,"crisp ladyfingers, clean cauliflowers with tight white curds, spotless green peas, thoroughly impressed with fresh harvest.",english,grocery_delivery,appreciation,positive,freshness,none,none,none,simple,none
GR163,"bhai discount coupon apply karte hi delivery fee 20 rupay badha di overall saving zero banayi sneaky pricing",hinglish,grocery_delivery,complaint,negative,discount,discount_issue,medium,mild,"Keep delivery fees static regardless of applied promo codes"
GR164,"Provide an option on checkout to decline promotional plastic gift items and paper advertising flyers.",english,grocery_delivery,suggestion,neutral,packaging,none,none,none,moderate,"Allow customers to opt out of promotional paper flyers"
GR165,"How can an institutional customer request bulk purchase tax invoices with registered educational trust credentials?",english,grocery_delivery,question,neutral,payment,none,none,none,simple,none
GR166,"Super fast delivery, ordered sandwich spread and buns at 4:15 PM, snacks ready on table by 4:28 PM.",english,grocery_delivery,appreciation,positive,delivery_time,none,none,none,moderate,none
GR167,"bhai pomegranate seeds dry the aur color pale white tha sweet red seeds promised the catalog me",hinglish,grocery_delivery,complaint,negative,product_quality,poor_quality,medium,none,moderate,"Source deep red sweet pomegranate varieties"
GR168,"The packaged tea leaves had rich aroma, though the paper box corner was slightly crumpled during transit.",english,grocery_delivery,informational,neutral,packaging,none,low,none,simple,none
GR169,"bread loaf had visible blue mold patches on corner slices despite expiry date showing two days remaining",english,grocery_delivery,complaint,negative,expiry,expired_product,high,none,moderate,"Inspect bread loaves for mold growth before packing"
GR170,"Delivery partner reached during heavy evening thunderstorm, protected the grocery bags with his raincoat, exceptional dedication.",english,grocery_delivery,appreciation,positive,delivery,none,none,none,complex,none
GR171,"bhai item replace karne ka option grayed out kyu aa raha hai jab delivery huye sirf 10 minute huye hain?",hinglish,grocery_delivery,question,neutral,app,app_issue,low,none,moderate,none
GR172,"Although the fresh paneer and milk were cold and fresh, the packaged potato chips bag was deflated with crushed crumbs.",english,grocery_delivery,complaint,mixed,packaging,damaged_product,low,none,complex,"Pack delicate chip bags away from heavy dairy cartons"
GR173,"Customer support desk immediately refunded the cost of spoiled coconut within two minutes after reviewing uploaded photo.",english,grocery_delivery,appreciation,positive,customer_support,none,none,none,moderate,none
GR174,"bhai loose potatoes me se 3 aloo green the poisonous solanine hazard quality check bilkul zero hai",hinglish,grocery_delivery,complaint,negative,product_quality,poor_quality,high,none,simple,"Discard green sun-exposed potatoes during grading"
GR175,"Grocery platforms should display the approximate shelf-life duration in days for all pre-cut vegetables.",english,grocery_delivery,suggestion,neutral,freshness,none,none,none,moderate,"List shelf life in days for pre-cut vegetables"
GR176,"Is the honey sold under the house brand verified free from adulterated rice and corn sugar syrups?",english,grocery_delivery,question,neutral,product_quality,none,none,none,moderate,none
GR177,"Crisp lettuce, firm cherry tomatoes, fresh baby spinach, perfect ingredients for homemade caesar salad.",english,grocery_delivery,appreciation,positive,freshness,none,none,none,simple,none
GR178,"bhai delivery boy ne building lift kharab hone par 3rd floor aane se mana kar diya aur order cancel mark kar diya",hinglish,grocery_delivery,complaint,negative,delivery,cancellation_issue,high,none,moderate,"Mandate stair climb delivery for lower apartment floors"
GR179,"The imported oranges were juicy, but the mesh bag had two small soft spots on the fruit skin.",english,grocery_delivery,complaint,mixed,freshness,poor_quality,low,none,moderate,"Inspect imported citrus for soft skin spots before bagging"
GR180,"utter rubbish service sent expired baby formula tin with peeled sticker criminal negligence playing with infant health",english,grocery_delivery,complaint,negative,expiry,expired_product,high,severe,"Never dispatch baby formula with questionable expiry dates"
GR181,"Fresh curd in sealed earthen matka, thick consistency, sweet natural aroma, authentic traditional dairy experience.",english,grocery_delivery,appreciation,positive,product_quality,none,none,none,moderate,none
GR182,"kya grocery warehouse me frozen meat aur vegetarian items ke liye alag alag packing stations maintain hote hain?",hinglish,grocery_delivery,question,neutral,product_quality,none,none,none,simple,none
GR183,"Rider was polite, reached fast, and had sufficient small change ready for cash on delivery order.",english,grocery_delivery,appreciation,positive,delivery,none,none,none,simple,none
GR184,"grapes were sour as vinegar and several berries had dropped off stems into wet sticky puddle at container bottom",english,grocery_delivery,complaint,negative,freshness,poor_freshness,medium,none,moderate,"Check grape clusters for berry drop and sweetness"
GR185,"bhai atta bag ke andar chote chote black weevils ghum rahe the storage hygiene bilkul neglected hai",hinglish,grocery_delivery,complaint,negative,product_quality,poor_quality,high,mild,"Ensure pest-free grain storage in warehouse facilities"
GR186,"Can grocery platforms allow customers to request reusable insulated totes that riders take back after unloading?",english,grocery_delivery,suggestion,neutral,packaging,none,none,none,moderate,"Introduce returnable insulated grocery delivery totes"
GR187,"The loose ginger had good aroma, though the roots were covered in thick damp mud adding artificial weight.",english,grocery_delivery,complaint,mixed,quantity,low_quantity,low,none,complex,"Wash excess soil off ginger roots before weighing"
GR188,"placed order for six pantry staples on Friday afternoon, delivered at doorstep at 3:15 PM in pristine condition.",english,grocery_delivery,informational,positive,delivery_time,none,none,none,simple,none
GR189,"bhaiya delivery boy ne heavy rice bag kitchen storage rack tak rakhwaya bohot humble aur respectful boy",hinglish,grocery_delivery,appreciation,positive,delivery,none,none,none,moderate,none
GR190,"Why is handling fee charged separately when ordering two heavy 5-liter cooking oil cans on paid delivery?",english,grocery_delivery,question,neutral,price,high_price,none,none,moderate,"Disclose heavy item handling fee slabs clearly"
GR191,"Packaging leaked entirely, dishwashing liquid poured over apples and tomatoes, making entire produce toxic and unusable.",english,grocery_delivery,complaint,negative,packaging,damaged_product,high,none,moderate,"Pack household cleaning agents in separate sealed pouches"
GR192,"Delicious sweet Alphonso mangoes, natural ripening without carbide, fragrant aroma filled entire kitchen upon unboxing.",english,grocery_delivery,appreciation,positive,freshness,none,none,none,moderate,none
GR193,"bhai bread packet fresh tha par corners dab gaye the packing me soft items ke sath care nahi karte",hinglish,grocery_delivery,complaint,mixed,packaging,damaged_product,low,none,simple,"Handle delicate bakery items with proper cushioning"
GR194,"Please give an option in app to save custom recurring weekly grocery shopping lists for one-click reordering.",english,grocery_delivery,suggestion,neutral,app,none,none,none,moderate,"Enable custom recurring weekly grocery baskets"
GR195,"I wouldn't recommend this grocery store if you are looking for fresh organic leafy greens without yellowed leaves.",english,grocery_delivery,complaint,negative,freshness,poor_freshness,low,none,moderate,none
GR196,"bhai cancelled items ka refund wallet me to aa gaya par bank account me transfer karne ka option kyu nahi hai?",hinglish,grocery_delivery,question,negative,refund,refund_delay,medium,none,moderate,"Enable instant transfer of wallet refunds back to bank"
GR197,"Great discount on monthly pantry essentials sale, saved almost four hundred rupees on pulses and edible oils.",english,grocery_delivery,appreciation,positive,discount,none,none,none,simple,none
GR198,"The eggs were farm-fresh, but two eggs had thin cracked shells that leaked yolk onto the cardboard tray.",english,grocery_delivery,complaint,mixed,packaging,damaged_product,low,none,moderate,"Inspect egg shells for hairline cracks before packing"
GR199,"delivery boy demanded fifty rupees cash tip claiming heavy rain transit, rude and unprofessional conduct",english,grocery_delivery,complaint,negative,delivery,poor_quality,medium,severe,"Prohibit delivery riders from soliciting forced cash tips"
GR200,"The delivery arrived within nine minutes, milk packets were ice-cold, vegetables were crisp, flawless grocery service.",english,grocery_delivery,appreciation,positive,delivery_time,none,none,none,moderate,none
GR201,"bhai kya app pe out-of-stock items ke restock hone par automated SMS alert set karne ka feature hai?",hinglish,grocery_delivery,suggestion,neutral,app,none,none,none,moderate,"Add back-in-stock alert notifications on app"
GR202,"The imported kiwis were sweet, but one kiwi was overripe and mushy to touch inside the four-piece pack.",english,grocery_delivery,complaint,mixed,freshness,poor_quality,low,none,moderate,"Ensure consistent firmness across pre-packed fruit packs"
GR203,"Found tiny gravel stones inside the sealed 1kg moong dal packet, almost cracked my molar tooth while eating.",english,grocery_delivery,complaint,negative,product_quality,poor_quality,high,none,moderate,"Run optical stone-sorting on packaged raw pulses"
GR204,"Fast dispute resolution, refund for crushed egg carton was credited to my digital wallet within four minutes.",english,grocery_delivery,appreciation,positive,refund,none,none,none,simple,none
GR205,"bhai order me refined sugar manga tha inhone bina puche brown sugar bhej di recipes kharab ho gayi",hinglish,grocery_delivery,complaint,negative,wrong_item,wrong_item,medium,none,simple,"Never substitute white refined sugar with brown sugar"
GR206,"Does this grocery delivery platform source chemical-free vegetables directly from verified farmer producer organizations?",english,grocery_delivery,question,neutral,product_quality,none,none,none,moderate,none
GR207,"Honestly, the store-brand whole wheat atta was surprisingly fine and yielded remarkably soft phulkas.",english,grocery_delivery,appreciation,positive,product_quality,none,none,none,moderate,none
GR208,"bhai app me live rider location stationary dikhati rahi jabki rider already gate pe call kar raha tha laggy tracking",hinglish,grocery_delivery,complaint,negative,tracking,tracking_issue,medium,none,moderate,"Improve live GPS telemetry synchronization on rider app"
GR209,"Grocery apps should let users set a preferred delivery time window instead of forced ten-minute delivery rushes.",english,grocery_delivery,suggestion,neutral,delivery_time,none,none,none,moderate,"Provide flexible scheduled delivery slot choices"
GR210,"The packaged paneer tasted fresh, but the vacuum seal was breached allowing water to leak into the outer bag.",english,grocery_delivery,complaint,negative,packaging,packaging_problem,low,none,moderate,"Inspect vacuum seal integrity on dairy packages"
GR211,"Quick and polite service, fresh milk delivered at 6:15 AM silently at the door without waking the family.",english,grocery_delivery,appreciation,positive,delivery,none,none,none,simple,none
GR212,"bhai bag me liquid bleach aur fresh apples sath me pack kardiye bleach leak hone se apples poisonous ho gaye",hinglish,grocery_delivery,complaint,negative,packaging,damaged_product,high,none,moderate,"Strictly separate toxic cleaners from edible grocery"
GR213,"Can an ongoing grocery order be modified to add bread within two minutes of placing order?",english,grocery_delivery,question,neutral,app,none,none,none,moderate,none
GR214,"The tender coconuts had plenty of sweet water, though opening them was difficult as they were not pre-notched.",english,grocery_delivery,complaint,mixed,product_quality,poor_quality,medium,none,moderate,"Provide pre-notched tops on tender coconuts for easy opening"
GR215,"Disgusting hygiene, fresh coriander bunch was full of tiny green caterpillars crawling all over leaves throw away directly.",english,grocery_delivery,complaint,negative,freshness,poor_freshness,high,severe,"Screen and wash fresh herbs to eliminate garden pests"
GR216,"bhai strawberries ekdum red aur sweet aayi zero mold packaging bhi top class thi",hinglish,grocery_delivery,appreciation,positive,freshness,none,none,none,simple,none
GR217,"Customer support desk took three days to answer why twenty-four eggs were billed but only twelve were delivered, useless bot.",english,grocery_delivery,complaint,negative,customer_support,support_delay,medium,none,moderate,"Resolve missing quantity complaints within hours"
GR218,"Include an option to donate round-off change from grocery purchases directly to local hunger relief charities.",english,grocery_delivery,suggestion,neutral,payment,none,none,none,moderate,"Add charity donation round-off toggle at checkout"
GR219,"Is there a maximum cap on delivery weight when ordering large 25-kilogram sacks of flour and rice?",english,grocery_delivery,question,neutral,delivery,none,none,none,moderate,none
GR220,"The imported apples were crisp and sweet, though the wax coating was unusually thick and required peeling.",english,grocery_delivery,appreciation,mixed,product_quality,none,none,none,complex,"Specify whether imported apples are wax-coated"
GR221,"bhai rider ne delivery address pe aane se mana kiya aur bola main road pe aake bag collect karo rude fellow",hinglish,grocery_delivery,complaint,negative,delivery,poor_quality,high,mild,"Ensure complete doorstep delivery by delivery partners"
GR222,"Ordered twelve items for family breakfast, every item was individually verified and cold items remained ice cold.",english,grocery_delivery,appreciation,positive,order_accuracy,none,none,none,moderate,none
GR223,"Fresh whole chicken had green slimy patches near bone joint and smelled putrid, dangerous food poisoning hazard.",english,grocery_delivery,complaint,negative,freshness,poor_freshness,high,none,moderate,"Maintain stringent temperature logging for fresh raw meat"
GR224,"bhai app me delivery time 10 minute show hota raha par actual me order aane me 45 minute lag gaye inaccurate timer",hinglish,grocery_delivery,question,negative,delivery_time,late_delivery,medium,none,moderate,"Display realistic delivery timers during peak order rushes"
GR225,"The bread was soft and fresh, but the crust was slightly squished because heavy milk pouches were stacked on top.",english,grocery_delivery,complaint,mixed,packaging,damaged_product,low,none,simple,"Stack heavy dairy pouches beneath delicate bakery items"
GR226,"Super fresh mint leaves, unblemished lemons, and firm green chillies, arrived within ten minutes of ordering.",english,grocery_delivery,appreciation,positive,freshness,none,none,none,simple,none
GR227,"bhai bill me platform convenience fee 10 rupay add kardi checkout pe bina transparent disclosure ke",hinglish,grocery_delivery,complaint,negative,price,high_price,low,none,simple,"Disclose platform and packaging fees clearly upfront"
GR228,"Grocery apps should display the net edible yield percentage for vegetables like green peas and cauliflower.",english,grocery_delivery,suggestion,neutral,product_quality,none,none,none,moderate,"Show estimated edible yield percentages on podded vegetables"
GR229,"The delivery executive handed over the fragile glass condiment jars upright and placed bags neatly on table.",english,grocery_delivery,appreciation,positive,delivery,none,none,none,moderate,none
GR230,"The curd pack was swollen with sour gas and burst immediately upon snipping the corner, clearly spoiled batch.",english,grocery_delivery,complaint,negative,freshness,poor_freshness,high,none,moderate,"Remove bloated gas-filled dairy packets from sale"
GR231,"bhai kya app par monthly grocery subscription pause karne ka option calendar me date-wise available hai?",hinglish,grocery_delivery,question,neutral,app,none,low,none,moderate,none
GR232,"Delivery arrived promptly, but the picker substituted whole wheat burger buns with regular white flour buns.",english,grocery_delivery,complaint,mixed,substitution,unwanted_substitution,low,none,moderate,"Respect dietary preferences when substituting bakery goods"
GR233,"Fluffy bhaturas and authentic spicy pindi chole ingredients arrived fresh, dry spices were aromatic and sealed tight.",english,grocery_delivery,appreciation,positive,product_quality,none,none,none,moderate,none
GR234,"bhai support wale ne photo mangne ke baad ticket close kar di bina refund issue kiye lazy customer service",hinglish,grocery_delivery,complaint,negative,customer_support,support_delay,high,mild,"Ensure tickets do not close automatically without resolution"
GR235,"Please allow customers to choose between standard plastic-wrapped vegetables and unpackaged loose items.",english,grocery_delivery,suggestion,neutral,packaging,none,none,none,moderate,"Offer loose unpackaged vegetable options"
GR236,"Dark store sent mouldy stale bread with green fungus spots and refused return claims shameless robbery",english,grocery_delivery,complaint,negative,freshness,poor_freshness,high,severe,"Enforce daily audits on bakery shelves to purge mouldy bread"
GR237,"Fresh cow milk packets delivered at 6:00 AM, cold to touch, sealed tight, tamper seal completely intact.",english,grocery_delivery,appreciation,positive,freshness,none,none,none,simple,none
GR238,"kya bulk grocery orders pe apartment lift tak delivery assistance complimentary provide ki jati hai?",hinglish,grocery_delivery,question,neutral,delivery,none,none,none,moderate,none
GR239,"The loose garlic cloves were dry and aromatic, though several cloves in the net bag were hollow and empty.",english,grocery_delivery,appreciation,mixed,product_quality,poor_quality,none,none,complex,"Screen garlic bulbs to eliminate hollow dried cloves"
GR240,"bhai discount coupon se 50 bache par delivery handling charges 60 rupay laga diye no practical saving",hinglish,grocery_delivery,complaint,mixed,discount,discount_issue,low,none,moderate,none
GR241,"Rider was wandering around neighboring street for twenty minutes because dark store assigned wrong address coordinates.",english,grocery_delivery,complaint,negative,delivery,late_delivery,medium,none,moderate,"Verify address geo-coordinates before rider dispatch"
GR242,"Melt-in-mouth ripe papayas, rich saffron color, sweet taste, delivered in protective honeycomb paper sleeve.",english,grocery_delivery,appreciation,positive,freshness,none,none,none,moderate,none
GR243,"Can commercial food businesses order bulk 50-kilogram sugar sacks through standard consumer delivery apps?",english,grocery_delivery,question,neutral,product_range,none,none,none,moderate,none
GR244,"bhai combo pack me 3 chocolate bars promise kiye the delivery bag me sirf 2 nikli pack tampered tha",hinglish,grocery_delivery,complaint,negative,missing_item,missing_item,medium,none,simple,"Audit multi-pack confectionery kits before dispatch"
GR245,"Not terrible at all, but the tender coconut water was slightly sour compared to fresh street-side coconuts.",english,grocery_delivery,informational,mixed,product_quality,poor_quality,low,none,moderate,none
GR246,"The delivery partner handled fragile farm eggs with great care, checking each carton in front of customer.",english,grocery_delivery,appreciation,positive,delivery,none,none,none,moderate,none
GR247,"bhai paneer itna hard tha jaise rubber chaba rahe ho bilkul bekaar quality thi fresh malai paneer promised tha",hinglish,grocery_delivery,complaint,negative,product_quality,poor_quality,medium,none,simple,"Ensure paneer batches maintain soft malai texture"
GR248,"Grocery platforms should display warehouse inspection safety certificates directly on the mobile app home screen.",english,grocery_delivery,suggestion,neutral,app,none,none,none,moderate,"Display dark store hygiene certification badges on app"
GR249,"Piping hot freshly roasted peanuts delivered within ten minutes, crispy, salted, and sealed in airtight pouch.",english,grocery_delivery,appreciation,positive,product_quality,none,none,none,simple,none
GR250,"bhai delivery boy ne parcel society security gate pe drop kar diya bina call kiye lost ho sakta tha",hinglish,grocery_delivery,complaint,negative,delivery,poor_quality,medium,none,moderate,"Mandate phone confirmation before gate drop-offs"
GR251,"The mixed vegetable soup kit was convenient, though the carrot piece inside was rubbery and lacked crunch.",english,grocery_delivery,complaint,mixed,freshness,poor_freshness,low,none,moderate,"Include crisp fresh carrots in soup ingredient kits"
GR252,"Why does the mobile app show products in stock during search but shows out of stock at checkout screen?",english,grocery_delivery,question,negative,app,app_issue,low,none,moderate,"Sync inventory counts continuously during cart browsing"
GR253,"Flawless breakfast delivery, fresh curd, warm buns, and chilled cow milk delivered right at 7:00 AM.",english,grocery_delivery,appreciation,positive,delivery_time,none,none,none,moderate,none
GR254,"bhai packaged dahi me se khatti fermented smell aa rahi thi date check ki to expiry kal ki thi",hinglish,grocery_delivery,complaint,negative,freshness,poor_freshness,high,none,simple,"Do not dispatch dairy expiring within twenty-four hours"
GR255,"I wouldn't say the delivery was terribly delayed, but forty minutes for a loaf of bread defeats quick commerce purpose.",english,grocery_delivery,complaint,mixed,delivery_time,late_delivery,low,none,moderate,none
GR256,"Delivery apps should prompt riders to sanitize hands before handling unpackaged fresh bakery items.",english,grocery_delivery,suggestion,neutral,delivery,none,none,none,moderate,"Enforce hygiene standards for handling bakery items"
GR257,"Rider was polite and courteous, came up to the 4th floor without complaining despite broken elevator.",english,grocery_delivery,appreciation,positive,delivery,none,none,none,moderate,none
GR258,"bhai 1kg basmati rice ke packet me se chawal nikal ke polythene bag me loose bhej diya fake packing",hinglish,grocery_delivery,complaint,negative,packaging,damaged_product,medium,none,simple,"Ship grains only in original brand-sealed packaging"
GR259,"Is it permissible to request unspiced fresh paneer made from pure buffalo milk without citric acid preservatives?",english,grocery_delivery,question,neutral,product_quality,none,none,none,moderate,none
GR260,"Crispy masala papads arrived without a single crack, sealed in sturdy cardboard box, very pleased.",english,grocery_delivery,appreciation,positive,packaging,none,none,none,moderate,none
GR261,"pathetic customer support bot keeps repeating same automated script without solving missing olive oil refund idiots",english,grocery_delivery,complaint,negative,customer_support,support_delay,high,severe,"Escalate unresolved missing item queries to human agents"
GR262,"bhai parcel poora geela tha aate ka bag soaked ho chuka tha baarish me bina rain cover delivery ki",hinglish,grocery_delivery,complaint,negative,packaging,damaged_product,high,none,simple,"Provide waterproof rain covers for delivery crates"
GR263,"Delivery was surprisingly prompt, considering the heavy evening downpour across the city.",english,grocery_delivery,appreciation,positive,delivery_time,none,none,none,moderate,none
GR264,"The seedless watermelon was sweet and crisp, though the outer rind had multiple surface scratches.",english,grocery_delivery,appreciation,mixed,product_quality,none,low,none,complex,"Handle soft-skinned melons carefully during transit"
GR265,"Can customers update delivery address while the order is in packing state at the local warehouse?",english,grocery_delivery,question,neutral,delivery,none,none,none,moderate,none
GR266,"Rider navigated the narrow colony lanes easily and delivered the heavy grocery crate right to kitchen counter.",english,grocery_delivery,appreciation,positive,delivery,none,none,none,moderate,none
GR267,"bhai loose sugar packet me se cheenti nikal rahi thi packaging seal broken thi unhygienic warehouse",hinglish,grocery_delivery,complaint,negative,product_quality,poor_quality,high,mild,"Ensure airtight insect-proof seals on sugar packets"
GR268,"Allow customers to report quality issues with fresh produce via short ten-second video uploads inside app.",english,grocery_delivery,suggestion,neutral,app,none,none,none,complex,"Enable video upload for quality defect claims"
GR269,"Super crisp red radishes, unblemished lemons, fresh coriander leaves, delivered inside eight minutes.",english,grocery_delivery,appreciation,positive,freshness,none,none,none,simple,none
GR270,"bhai coupon code checkout screen par validate nahi ho raha server error 500 thrown ho raha hai",hinglish,grocery_delivery,complaint,negative,app,app_issue,medium,none,moderate,"Fix promo code validation server errors on app"
GR271,"The frozen green peas were sweet and firm, though ice crystals inside bag showed they had partially thawed earlier.",english,grocery_delivery,complaint,mixed,freshness,poor_freshness,low,none,moderate,"Prevent temperature abuse during frozen food storage"
GR272,"Rider dropped the grocery bag directly onto the dusty floor mat without ringing bell and walked away.",english,grocery_delivery,complaint,negative,delivery,poor_quality,medium,none,moderate,"Hand over grocery bags respectfully to customers"
GR273,"Authentic organic jaggery block with rich caramel aroma, chemical-free processing, top tier quality pantry staple.",english,grocery_delivery,appreciation,positive,product_quality,none,none,none,moderate,none
GR274,"bhai tender coconut me paani bilkul kam tha barely aadha cup nikla 70 rupay waste ho gaye",hinglish,grocery_delivery,complaint,negative,quantity,low_quantity,low,none,simple,"Select heavy water-filled coconuts for dispatch"
GR275,"Are delivery partners provided thermal delivery bags to preserve ice creams during extreme summer heatwaves?",english,grocery_delivery,question,neutral,delivery,none,none,none,moderate,none
GR276,"Delivery took forty minutes, but the milk packets were still chilled and vegetables were crisp.",english,grocery_delivery,informational,mixed,delivery_time,late_delivery,low,none,moderate,none
GR277,"Order reached in just seven minutes, fresh hot bread, chilled butter, spotless fulfillment.",english,grocery_delivery,appreciation,positive,delivery_time,none,none,none,simple,none
GR278,"bhai order deliver mark ho gaya par mere haath me grocery bag aaya hi nahi fake delivery update",hinglish,grocery_delivery,complaint,negative,delivery,missing_item,high,none,moderate,"Require customer OTP confirmation before marking delivery complete"
GR279,"Include an option to purchase half-portion vegetables like 250g pumpkins to avoid unnecessary food waste.",english,grocery_delivery,suggestion,neutral,quantity,none,none,none,moderate,"Offer smaller portion cuts on large vegetables"
GR280,"The brown eggs were fresh and clean, though cardboard packaging was slightly crushed on one side.",english,grocery_delivery,appreciation,mixed,packaging,damaged_product,low,none,moderate,"Use reinforced cardboard egg trays"
GR281,"Worst grocery experience, delivered mouldy bread with green fungal growth throughout entire loaf disgusting trash.",english,grocery_delivery,complaint,negative,freshness,poor_freshness,high,severe,"Purge mouldy bakery items from dark stores"
GR282,"bhaiya ne smiling face ke sath heavy grocery bags kitchen platform pe rakhwaye bohot accha laga",hinglish,grocery_delivery,appreciation,positive,delivery,none,none,none,simple,none
GR283,"Why did customer support close my complaint regarding missing cooking oil without initiating refund?",english,grocery_delivery,question,negative,customer_support,support_delay,high,none,moderate,"Ensure missing item tickets resolve with verified refund"
GR284,"Frozen French fries arrived as soggy warm potato mush without any ice packs, completely ruined.",english,grocery_delivery,complaint,negative,product_quality,poor_quality,medium,none,moderate,"Deliver frozen potato products in insulated dry-ice packs"
GR285,"The fresh methi leaves were aromatic, non-slimy, clean roots, cooked into wonderful flavorful parathas.",english,grocery_delivery,appreciation,positive,freshness,none,none,none,moderate,none
GR286,"bhai delivery bag seal tooti hui thi aisa laga kisi ne khol ke check kiya hai transit me",hinglish,grocery_delivery,complaint,negative,packaging,packaging_problem,high,none,moderate,"Use tamper-evident serialized security tape on bags"
GR287,"Delivery was fairly quick, though the app took two attempts to process debit card payment.",english,grocery_delivery,informational,mixed,payment,payment_issue,low,none,moderate,none
GR288,"Offer an option to save voice notes for rider describing building entrance and gate codes.",english,grocery_delivery,suggestion,neutral,delivery,none,none,none,moderate,"Add voice notes for delivery location guidance"
GR289,"Crisp golden apples, unblemished peel, sweet and juicy flesh, delivered inside ten minutes.",english,grocery_delivery,appreciation,positive,freshness,none,none,none,simple,none
GR290,"bhai payment double kat gayi app crash ki wajah se refund kab tak credit hoga account me?",hinglish,grocery_delivery,question,negative,payment,payment_issue,high,none,moderate,"Automate instant refunds for double debits on checkout"
GR291,"The loose potatoes were firm, but several were covered in thick damp mud adding false weight.",english,grocery_delivery,complaint,mixed,quantity,low_quantity,low,none,moderate,"Clean and dry root vegetables before weighing"
GR292,"Delivery rider called politely, verified society tower gate, and handed over the fragile items gently.",english,grocery_delivery,appreciation,positive,delivery,none,none,none,moderate,none
GR293,"fraud store delivered expired baby milk powder with forged expiry sticker criminal scam platform",english,grocery_delivery,complaint,negative,expiry,expired_product,high,severe,"De-list vendors altering expiry labels on baby food"
GR294,"bhai order me sunflower oil manga tha inhone mustard oil bhej diya bina permission ke",hinglish,grocery_delivery,complaint,negative,wrong_item,wrong_item,medium,none,simple,"Never substitute cooking oils without customer consent"
GR295,"Does this grocery platform provide cold-chain monitoring logs for fresh pasteurized milk delivery?",english,grocery_delivery,question,neutral,product_quality,none,none,none,moderate,none
GR296,"Delicious seedless black grapes, crunchy, sweet, chilled, and packed in vented plastic container.",english,grocery_delivery,appreciation,positive,freshness,none,none,none,simple,none
GR297,"bhai driver ne society parking me rash driving ki aur argue karne laga rude reckless fellow",hinglish,grocery_delivery,complaint,negative,delivery,poor_quality,high,mild,"Instruct delivery riders to drive safely in residential areas"
GR298,"Apps should give an option to donate round-off change from grocery bills to rider welfare funds.",english,grocery_delivery,suggestion,neutral,payment,none,none,none,moderate,"Enable rider welfare round-off feature at checkout"
GR299,"The chicken curry cut was clean and fresh, though the pieces were slightly smaller than standard cuts.",english,grocery_delivery,complaint,mixed,product_quality,poor_quality,low,none,moderate,"Maintain standardized cut sizes on fresh poultry"
GR300,"Smooth delivery, milk packets were cold, vegetables crisp, groceries intact as always.",english,grocery_delivery,appreciation,positive,product_quality,none,none,none,simple,none
GR301,"bhai refund policy me wallet credit kyu force karte ho direct bank UPI transfer kyu nahi hota?",hinglish,grocery_delivery,question,negative,refund,refund_delay,medium,none,moderate,"Provide direct bank account refund options"
GR302,"Ice cream tub arrived completely melted into liquid soup, container was deformed and leaking.",english,grocery_delivery,complaint,negative,product_quality,poor_quality,medium,none,moderate,"Use thermal insulation bags for ice cream deliveries"
GR303,"Crisp fresh bell peppers, bright colors, firm skin, perfect for continental pasta preparation.",english,grocery_delivery,appreciation,positive,freshness,none,none,none,moderate,none
GR304,"bhai 10 minute ka promise tha 45 minute ho gaye delivery ka koi ata pata nahi hai",hinglish,grocery_delivery,complaint,negative,delivery_time,late_delivery,medium,none,simple,"Adhere to promised delivery timelines"
GR305,"Not the sweetest watermelon in town, but certainly refreshing and decent value for a hot afternoon.",english,grocery_delivery,appreciation,mixed,freshness,none,none,none,moderate,none
GR306,"Can we request paper bags instead of non-recyclable plastic packaging on loose produce orders?",english,grocery_delivery,suggestion,neutral,packaging,none,none,none,moderate,"Offer biodegradable packaging options for produce"
GR307,"Rider was polite, reached fast, and had change ready for my cash on delivery order.",english,grocery_delivery,appreciation,positive,delivery,none,none,none,moderate,none
GR308,"bhai loose dal me tiny stones nikle khao to daant toot jaye quality control bilkul zero hai",hinglish,grocery_delivery,complaint,negative,product_quality,poor_quality,high,none,simple,"Run machine sorting to remove stones from pulses"
GR309,"Why do grocery item prices on app appear twenty percent higher than standard local market rates?",english,grocery_delivery,question,negative,price,high_price,medium,none,moderate,"Keep grocery prices competitive with local retail markets"
GR310,"Delicious fresh sourdough bread loaf, crispy crust, soft airy crumb, thoroughly enjoyed breakfast.",english,grocery_delivery,appreciation,positive,product_quality,none,none,none,moderate,none
GR311,"The mangoes were sweet, but the delivery person had stacked heavy atta on top causing bruised sides.",english,grocery_delivery,complaint,mixed,packaging,damaged_product,medium,none,complex,"Train packers not to place heavy items over ripe fruits"
GR312,"bhai customer support executive chat terminate karke bhaag gaya bina refund issue kiye",hinglish,grocery_delivery,complaint,negative,customer_support,support_delay,high,mild,"Ensure support agents resolve complaints before closing chat"
GR313,"Delivery arrived right on time, chilled milk in leak-proof bags with zero temperature abuse.",english,grocery_delivery,appreciation,positive,delivery_time,none,none,none,simple,none
GR314,"bhai kya order tracking screen me rider ka live phone number visible rehta hai contact ke liye?",hinglish,grocery_delivery,question,neutral,app,none,none,none,simple,none
GR315,"Produce quality was decent, but paying thirty rupees delivery fee for two lemons feels excessive.",english,grocery_delivery,complaint,mixed,price,high_price,low,none,moderate,"Lower delivery charges on small emergency grocery runs"
GR316,"Allow customers to schedule morning grocery orders twelve hours ahead for planned cooking.",english,grocery_delivery,suggestion,neutral,delivery_time,none,none,none,moderate,"Enable advance scheduling for morning grocery baskets"
GR317,"Softest fresh paneer, natural milky aroma, perfect for paneer tikka, top tier dairy quality.",english,grocery_delivery,appreciation,positive,product_quality,none,none,none,moderate,none
GR318,"bhai packaged milk sour ho chuka tha boil karte hi phat gaya expired stock bhej diya",hinglish,grocery_delivery,complaint,negative,expiry,expired_product,medium,none,simple,"Check dairy storage temperatures to prevent curdling"
GR319,"Is there any student discount coupon running for campus hostel grocery deliveries?",english,grocery_delivery,question,neutral,discount,none,none,none,simple,none
GR320,"The chicken pieces were fresh, though they forgot to include the extra curry leaves pack requested.",english,grocery_delivery,informational,mixed,missing_item,missing_item,low,none,moderate,none
GR321,"Rider arrived within eight minutes, items were chilled and fresh, exceptional quick service.",english,grocery_delivery,appreciation,positive,delivery_time,none,none,none,simple,none
GR322,"bhai button mushrooms bilkul black aur slimy the smell aisi thi jaise sadd gaye ho",hinglish,grocery_delivery,complaint,negative,freshness,poor_freshness,medium,none,simple,"Do not dispatch decomposing mushrooms"
GR323,"Can we opt for zero plastic carry bags by default to reduce household landfill pollution?",english,grocery_delivery,suggestion,neutral,packaging,none,none,none,moderate,"Make no-bag delivery option the default setting"
GR324,"I wouldn't say the fruit quality was bad, but the apples were noticeably smaller than advertised in photos.",english,grocery_delivery,complaint,mixed,product_quality,poor_quality,low,none,complex,none
GR325,"fraud app charged credit card twice and customer care says wait 14 days to see money thieves",english,grocery_delivery,complaint,negative,payment,payment_issue,high,severe,"Expedite duplicate transaction reversals immediately"
GR326,"bhai atta dal aur cooking oil neatly packed the separate bags me mast unboxing experience",hinglish,grocery_delivery,appreciation,positive,packaging,none,none,none,moderate,none
GR327,"How long does customer care take to answer live chat during peak morning grocery hours?",english,grocery_delivery,question,neutral,customer_support,none,none,none,moderate,none
GR328,"The whole wheat sandwich bread was soft and fresh, paired splendidly with homemade fruit jam.",english,grocery_delivery,appreciation,positive,product_quality,none,none,none,moderate,none
GR329,"bhai delivery guy ne gate security ko packet de diya aur mujhe inform bhi nahi kiya",hinglish,grocery_delivery,complaint,negative,delivery,poor_quality,medium,none,moderate,"Send notification upon parcel drop-off at gate"
GR330,"Order arrived quite quickly, though loose tomato weight was 850g instead of the billed 1kg pack.",english,grocery_delivery,complaint,mixed,quantity,low_quantity,low,none,moderate,"Ensure labeled weights match billed quantities"
GR331,"Prompt delivery, frozen green peas rock solid in dry-ice pouch, absolutely brilliant packaging design.",english,grocery_delivery,appreciation,positive,packaging,none,none,none,moderate,none
GR332,"bhai loose aloo me se aadhe cut hue aur green the toxic waste bhej diya khane layak nahi",hinglish,grocery_delivery,complaint,negative,product_quality,poor_quality,medium,none,moderate,"Discard green and damaged potatoes before packaging"
GR333,"Show nutritional info such as calories and protein on house-brand lentils and flours.",english,grocery_delivery,suggestion,neutral,product_quality,none,none,none,moderate,"Display macronutrient information on grain products"
GR334,"Can an order be cancelled without penalty if the rider has not moved from store for twenty minutes?",english,grocery_delivery,question,neutral,cancellation,none,medium,none,moderate,none
GR335,"Crisp fresh carrots, sweet tender baby corn, crunchy beans, seasoned well in stir fry.",english,grocery_delivery,appreciation,positive,freshness,none,none,none,simple,none
GR336,"bhai delivery boy ne apartment lift me gutkha thook rakha tha disgusting fellow teach civic sense",hinglish,grocery_delivery,complaint,negative,delivery,poor_quality,high,mild,"Enforce strict hygiene and behavioral rules on riders"
GR337,"The sweet corn was fresh, though outer husk had minor black spotting from refrigeration.",english,grocery_delivery,appreciation,mixed,freshness,none,low,none,simple,none
GR338,"Delivery partner followed the GPS pin accurately and delivered with polite morning greetings.",english,grocery_delivery,appreciation,positive,delivery,none,none,none,moderate,none
GR339,"bhai discount coupon apply karte hi error code 404 show karta hai checkout screen pe",hinglish,grocery_delivery,complaint,negative,discount,discount_issue,medium,none,moderate,"Fix promo code server errors on checkout"
GR340,"Is the fresh chicken halal certified across all supplying dark store butcher partners?",english,grocery_delivery,question,neutral,product_quality,none,none,none,moderate,none
GR341,"Fresh organic cow milk delivered inside ten minutes, cold packaging, zero leakage, very satisfied.",english,grocery_delivery,appreciation,positive,freshness,none,none,none,moderate,none
GR342,"bhai packaging itni kharab thi ki oil pouch burst hoke pura atta bag greased ho gaya",hinglish,grocery_delivery,complaint,negative,packaging,damaged_product,high,none,simple,"Use heavy-duty pouches for edible cooking oils"
GR343,"The loose onions were firm, but the skins were loose and flaky creating mess across kitchen.",english,grocery_delivery,informational,mixed,product_quality,none,low,none,moderate,none
GR344,"Allow users to rate vegetable quality individually instead of a single overall order rating.",english,grocery_delivery,suggestion,neutral,app,none,none,none,moderate,"Enable item-level freshness rating in app"
GR345,"Superb organic basmati rice, long grains, pleasant aroma, cooked fluffy without sticking together.",english,grocery_delivery,appreciation,positive,product_quality,none,none,none,moderate,none
GR346,"bhai rider ne address samjhane par abusive language use ki dismiss this rude fellow immediately",hinglish,grocery_delivery,complaint,negative,delivery,poor_quality,high,severe,"Terminate abusive delivery executives immediately"
GR347,"What is the standard procedure to claim refund for dairy items curdled upon arrival?",english,grocery_delivery,question,neutral,refund,none,none,none,moderate,none
GR348,"Delivered in ten minutes, milk cold, vegetables fresh, eggs intact, very smooth grocery shopping.",english,grocery_delivery,appreciation,positive,delivery_time,none,none,none,simple,none
GR349,"bhai combo pack me se 1 packet bread missing tha invoice me full amount charge kiya har bar yahi karte ho",hinglish,grocery_delivery,complaint,negative,missing_item,missing_item,medium,none,moderate,"Verify items before sealing grocery delivery bags"
GR350,"The green apples were crisp, though two had small surface bruises from warehouse handling.",english,grocery_delivery,appreciation,mixed,product_quality,poor_quality,low,none,moderate,none
GR351,"Delivery partner patiently waited outside my hostel gate for five minutes without complaint.",english,grocery_delivery,appreciation,positive,delivery,none,none,none,moderate,none
GR352,"bhai app baar baar crash ho raha hai jab bhi grocery cart checkout karne ki koshish karta hoon",hinglish,grocery_delivery,complaint,negative,app,app_issue,high,none,simple,"Resolve mobile app crash on checkout flow"
GR353,"Please introduce options to select green unripened bananas for cooking chips and curries.",english,grocery_delivery,suggestion,neutral,product_range,none,none,none,moderate,"Offer cooking raw green bananas as separate item"
GR354,"Crisp fresh spinach, unbruised tomatoes, sweet carrots, top tier fresh vegetable supply.",english,grocery_delivery,appreciation,positive,freshness,none,none,none,moderate,none
GR355,"bhai papayas bilkul rock hard the 5 din baad bhi nahi pake chemical se ripened lagte hain",hinglish,grocery_delivery,complaint,negative,freshness,poor_quality,medium,none,moderate,"Ensure naturally ripened sweet papayas are stocked"
GR356,"Can subscribers schedule recurring weekly deliveries of fresh organic vegetable baskets?",english,grocery_delivery,question,neutral,delivery_time,none,none,none,moderate,none
GR357,"Produce was fresh and authentic, but delivery arrived thirty minutes after estimated schedule.",english,grocery_delivery,complaint,mixed,delivery_time,late_delivery,medium,none,moderate,"Provide accurate delivery time estimations"
GR358,"Quick drop-off, contactless instructions respected, grocery bag placed safely on doorstep.",english,grocery_delivery,appreciation,positive,delivery,none,none,none,simple,none
GR359,"bhai cold milk packet warm ho chuka tha aate aate curdling ho gayi pura packet waste",hinglish,grocery_delivery,complaint,negative,freshness,poor_freshness,medium,none,simple,"Maintain cold chain for dairy transit"
GR360,"Allow tipping delivery riders directly via linked UPI wallet during checkout screen.",english,grocery_delivery,suggestion,neutral,payment,none,none,none,moderate,"Enable wallet balance tipping for riders"
GR361,"The basmati rice was long-grained and fragrant, though the packaging sack had minor stitch fraying.",english,grocery_delivery,appreciation,mixed,packaging,none,low,none,moderate,none
GR362,"bhai missing butter ka refund approve hue 6 din ho gaye bank me paise nahi aaye fraud service",hinglish,grocery_delivery,complaint,negative,refund,refund_delay,high,mild,"Ensure bank refunds credit promptly after approval"
GR363,"Clean paper packaging, zero spills, fresh crisp vegetables, highly pleased with the transaction.",english,grocery_delivery,appreciation,positive,packaging,none,none,none,moderate,none
GR364,"Where can I check if a particular dark store follows FSSAI certified food storage standards?",english,grocery_delivery,question,neutral,product_quality,none,none,none,simple,none
GR365,"Ordered pure cow ghee received buffalo ghee instead, gross negligence by packing staff.",english,grocery_delivery,complaint,negative,wrong_item,wrong_item,high,none,moderate,"Verify cow ghee versus buffalo ghee jars carefully"
GR366,"bhai delivery rider bohot polite tha greeting di acche se morning delivery me",hinglish,grocery_delivery,appreciation,positive,delivery,none,none,none,simple,none
GR367,"The bread was fresh and soft, but butter packet was slightly squished against bottle.",english,grocery_delivery,complaint,mixed,packaging,damaged_product,low,none,simple,"Pack soft dairy items away from rigid bottles"
GR368,"Provide real-time alerts when fresh morning milk stocks arrive at the local dark store.",english,grocery_delivery,suggestion,neutral,app,none,none,none,moderate,"Provide morning milk restock notifications"
GR369,"Tender fresh paneer, natural milky flavor, vacuum sealed, arrived ice cold within nine minutes.",english,grocery_delivery,appreciation,positive,freshness,none,none,none,moderate,none
GR370,"bhai app ne auto-applied coupon remove kar diya card details enter karne ke baad rip off tactic",hinglish,grocery_delivery,complaint,negative,discount,discount_issue,medium,mild,"Keep coupon valid throughout checkout flow"
GR371,"Can we add delivery instructions for specific apartment tower security gates?",english,grocery_delivery,question,neutral,delivery,none,none,none,moderate,none
GR372,"Delivered within eight minutes, vegetables were crisp, packaging was spotless, very impressed.",english,grocery_delivery,appreciation,positive,delivery_time,none,none,none,simple,none
GR373,"bhai dahi ka packet fat gaya tha box me pura bag messy ho gaya dhyan se pack karo yaar",hinglish,grocery_delivery,complaint,negative,packaging,damaged_product,medium,none,simple,"Secure dairy pouches to prevent bursting"
GR374,"The paneer was soft and fresh, although the weight was slightly under 200g on my kitchen scale.",english,grocery_delivery,informational,mixed,quantity,low_quantity,low,none,moderate,none
GR375,"Apps should provide estimated preparation and dispatch status before rider leaves dark store.",english,grocery_delivery,suggestion,neutral,app,none,none,none,moderate,"Show packing and dispatch milestones on app"
GR376,"Exceptional quality of organic Alphonso mangoes, sweet natural aroma, zero carbide, loved it.",english,grocery_delivery,appreciation,positive,freshness,none,none,none,moderate,none
GR377,"bhai rider ne phone karke gaali di jab maine flat floor pucha useless fellow terminate him",hinglish,grocery_delivery,complaint,negative,delivery,poor_quality,high,severe,"Terminate abusive delivery executives immediately"
GR378,"Does the store offer contact numbers for direct special bulk grocery requests?",english,grocery_delivery,question,neutral,customer_support,none,none,none,moderate,none
GR379,"Delivery was prompt, but one cold drink bottle was completely missing from bag.",english,grocery_delivery,complaint,mixed,missing_item,missing_item,medium,none,moderate,"Cross check beverage bottles against order list"
GR380,"bhai items fresh the aur delivery boy ne mask pehna hua tha hygiene 10/10 thank you",hinglish,grocery_delivery,appreciation,positive,delivery,none,none,none,moderate,none
GR381,"The packaging was leak-proof and solid, keeping cooking oil bottles completely safe.",english,grocery_delivery,appreciation,positive,packaging,none,none,none,moderate,none
GR382,"bhai customer care ne 30 minute wait karwaya chat pe still no answer regarding curdled milk",hinglish,grocery_delivery,complaint,negative,customer_support,support_delay,medium,none,simple,"Reduce support chat response time for perishables"
GR383,"Offer options for biodegradable wooden cutlery instead of single-use plastic with ready meals.",english,grocery_delivery,suggestion,neutral,packaging,none,none,none,moderate,"Adopt wooden biodegradable cutlery kits"
GR384,"Can international credit cards be used without extra surcharges on grocery orders?",english,grocery_delivery,question,neutral,payment,none,none,none,simple,none
GR385,"The apples were sweet and crunchy, but plastic mesh packaging felt excessive and wasteful.",english,grocery_delivery,complaint,mixed,packaging,none,low,none,moderate,"Minimize excessive plastic wrapping on fruits"
GR386,"Fresh spinach delivered within ten minutes, clean roots, unbruised leaves, perfect for palak paneer.",english,grocery_delivery,appreciation,positive,freshness,none,none,none,simple,none
GR387,"bhai sabzi me se foul smell aa rahi thi bilkul baasi stock bhej diya threw it away immediately",hinglish,grocery_delivery,complaint,negative,freshness,poor_freshness,high,none,simple,"Purge rotten produce from dark store shelves"
GR388,"Delivery driver brought change for 500 note as requested in comments, very thoughtful.",english,grocery_delivery,appreciation,positive,delivery,none,none,none,moderate,none
GR389,"bhai bread order ki subah 8 baje deliver hui 9:30 baje breakfast delay ho gaya pura",hinglish,grocery_delivery,complaint,negative,delivery_time,late_delivery,medium,none,simple,"Speed up transit times during breakfast rush"
GR390,"Allow customers to request call-before-arrival feature directly on order tracker.",english,grocery_delivery,suggestion,neutral,delivery,none,none,none,moderate,"Add call-before-arrival checkbox on tracker"
GR391,"Crisp fresh bell peppers, firm tomatoes, fresh ginger, delightful morning cooking experience.",english,grocery_delivery,appreciation,positive,freshness,none,none,none,moderate,none
GR392,"bhai rider ne gate pe grocery bag patka aur chala gaya glass jam jar break ho gaya andar",hinglish,grocery_delivery,complaint,negative,packaging,damaged_product,medium,none,moderate,"Instruct riders on gentle parcel placement"
GR393,"Is it possible to track the warehouse packing stage live via status indicators?",english,grocery_delivery,question,neutral,app,none,none,none,moderate,none
GR394,"The bread was fresh and soft, though crust had minor squishing from milk pouch pressure.",english,grocery_delivery,informational,mixed,packaging,damaged_product,low,none,moderate,none
GR395,"Fast delivery, pleasant rider, fresh cold milk, flawless experience throughout.",english,grocery_delivery,appreciation,positive,delivery,none,none,none,simple,none
GR396,"bhai brown bread manga tha inhone regular white bread bhej di dietary routine spoil ho gaya",hinglish,grocery_delivery,complaint,negative,wrong_item,wrong_item,medium,none,moderate,"Verify bread varieties accurately before bagging"
GR397,"Include calorie and nutrient labels on all fresh house-brand bakery items.",english,grocery_delivery,suggestion,neutral,product_quality,none,none,none,moderate,"Provide nutritional labels on house bakery goods"
GR398,"The eggs were fresh and intact, but carton had thin cardboard that warped under moisture.",english,grocery_delivery,complaint,mixed,packaging,packaging_problem,medium,none,moderate,"Use moisture-resistant egg packaging"
GR399,"bhai discount code apply kiya par bill pe zero discount dikha raha hai kyu scam hai ye?",hinglish,grocery_delivery,question,negative,discount,discount_issue,low,none,moderate,"Ensure valid discounts reflect on checkout bill"
GR400,"Great fresh produce, unbruised tomatoes, clean spinach, definitely ordering again.",english,grocery_delivery,appreciation,positive,freshness,none,none,none,simple,none
GR401,"Rider was polite, delivered right to my hostel doorstep quietly in morning hours.",english,grocery_delivery,appreciation,positive,delivery,none,none,none,moderate,none
GR402,"bhai curd packet cold nahi tha aur smell khatti ho chuki thi aate aate spoiled batch",hinglish,grocery_delivery,complaint,negative,freshness,poor_freshness,medium,none,simple,"Maintain cold chain integrity for dairy pouches"
GR403,"Can we tip the rider through UPI directly after grocery order completion?",english,grocery_delivery,question,neutral,payment,none,none,none,simple,none
GR404,"The mangoes were fragrant and sweet, though two pieces were slightly bruised at tip.",english,grocery_delivery,complaint,mixed,freshness,poor_quality,low,none,moderate,"Inspect mangoes to eliminate tip bruises"
GR405,"Apps should provide an automatic refund if order ETA exceeds forty minutes delay.",english,grocery_delivery,suggestion,neutral,delivery_time,none,none,none,moderate,"Automate delayed order compensation"
GR406,"Delivered in eight minutes, milk was ice cold, vegetables crisp, packaging immaculate.",english,grocery_delivery,appreciation,positive,delivery_time,none,none,none,simple,none
GR407,"bhai support wale ne issue resolve kiye bina ticket close kar di nonsense service staff",hinglish,grocery_delivery,complaint,negative,customer_support,support_delay,high,mild,"Ensure ticket resolution before closing queries"
GR408,"Fragrant basmati rice, clean whole grains, uncracked pulses, fantastic pantry restock.",english,grocery_delivery,appreciation,positive,product_quality,none,none,none,moderate,none
GR409,"bhai apples me mealy texture tha juicy bilkul nahi the purana cold storage stock lagta hai",hinglish,grocery_delivery,complaint,negative,freshness,poor_quality,medium,none,simple,"Source crisp fresh harvest apples"
GR410,"Does the app support split payments across two different UPI IDs on bulk grocery carts?",english,grocery_delivery,question,neutral,payment,none,none,none,moderate,none
GR411,"The bananas were sweet and ripe, though two had black peel markings from transit rub.",english,grocery_delivery,appreciation,mixed,freshness,poor_quality,low,none,moderate,none
GR412,"Delivery boy handled the delicate bakery cake box carefully, no smudging of icing.",english,grocery_delivery,appreciation,positive,delivery,none,none,none,moderate,none
GR413,"bhai do bread packet order kiye the ek hi bheja store ne bill full amount ka liya",hinglish,grocery_delivery,complaint,negative,missing_item,missing_item,medium,none,simple,"Verify order item quantities during packing"
GR414,"Provide an option for minimalist paper packaging to reduce non-recyclable bag waste.",english,grocery_delivery,suggestion,neutral,packaging,none,none,none,moderate,"Offer minimalist paper packaging option"
GR415,"Fresh organic milk delivered in record time, cold packaging, truly satisfying morning routine.",english,grocery_delivery,appreciation,positive,delivery_time,none,none,none,simple,none
GR416,"bhai refund 5 din se pending dikha raha hai bank me koi credit nahi hua abhi tak",hinglish,grocery_delivery,complaint,negative,refund,refund_delay,high,none,moderate,"Expedite refund settlements to bank accounts"
GR417,"Are all loose whole spices tested for artificial color dyes before packaging?",english,grocery_delivery,question,neutral,product_quality,none,none,none,moderate,none
GR418,"The mushrooms were fresh and white, but plastic punnet had a crack along bottom corner.",english,grocery_delivery,complaint,mixed,packaging,damaged_product,low,none,moderate,"Use durable punnets for fresh mushrooms"
GR419,"Rider was polite, reached promptly, and greeted with a genuine smile.",english,grocery_delivery,appreciation,positive,delivery,none,none,none,simple,none
GR420,"bhai app me delivery partner ka live GPS location freeze ho jata hai bar bar tracking glitch",hinglish,grocery_delivery,complaint,negative,tracking,tracking_issue,medium,none,moderate,"Fix GPS map freeze bug in app"
GR421,"Enable customers to view exact expiry dates of dairy products directly on the cart screen.",english,grocery_delivery,suggestion,neutral,expiry,none,none,none,moderate,"Display expiry dates on cart view"
GR422,"Crisp fresh cucumbers, tender coriander, spotless lemons, top notch vegetable delivery.",english,grocery_delivery,appreciation,positive,freshness,none,none,none,moderate,none
GR423,"bhai paneer pack me dead insect mila packaging seal ke andar hygiene standard bilkul zero hai",hinglish,grocery_delivery,complaint,negative,product_quality,poor_quality,high,severe,"Ensure strict packaging hygiene in dairy processing"
GR424,"Can I change my registered phone number directly through profile settings without losing cart?",english,grocery_delivery,question,neutral,app,none,none,none,simple,none
GR425,"Delivery arrived within promised time, produce was fresh, though receipt was not placed in bag.",english,grocery_delivery,informational,mixed,packaging,none,low,none,simple,none
GR426,"Outstanding organic honey, thick consistency, pure natural aroma, delivered within nine minutes.",english,grocery_delivery,appreciation,positive,product_quality,none,none,none,moderate,none
GR427,"bhai payment cancel hui par bank account se paise kat gaye reverse kab honge batate nahi",hinglish,grocery_delivery,question,negative,payment,payment_issue,medium,none,moderate,"Provide instant failed payment reversals"
GR428,"The whole wheat bread was fresh, but slices were squashed slightly by adjacent cooking oil bottle.",english,grocery_delivery,complaint,mixed,packaging,damaged_product,low,none,moderate,"Pack bread loaves above heavy cooking oil bottles"
GR429,"Delivery partner climbed up to 3rd floor with heavy atta bag without elevator, very polite.",english,grocery_delivery,appreciation,positive,delivery,none,none,none,moderate,none
GR430,"bhai delivery boy ne address nahi milne par phone par chilana shuru kar diya bad behavior",hinglish,grocery_delivery,complaint,negative,delivery,poor_quality,high,mild,"Train delivery riders in polite communication"
GR431,"Dark stores should include separate wet wipes with ready-to-eat bakery snack orders.",english,grocery_delivery,suggestion,neutral,packaging,none,none,none,moderate,"Include wet wipes with fresh snacks"
GR432,"Steaming fresh bread loaf, chilled milk, fresh eggs, fast eight-minute morning delivery.",english,grocery_delivery,appreciation,positive,delivery_time,none,none,none,simple,none
GR433,"bhai milk packet warm tha aate aate 50 min lag gaye spoil ho chuka tha doodh",hinglish,grocery_delivery,complaint,negative,freshness,poor_freshness,medium,none,simple,"Cut down transit times for perishable dairy"
GR434,"Does this breakfast combo include butter and jam or do we order them separately?",english,grocery_delivery,question,neutral,product_range,none,none,none,moderate,none
GR435,"The loose potatoes were firm, though several had minor surface bruises from handling.",english,grocery_delivery,complaint,mixed,product_quality,poor_quality,low,none,moderate,"Handle loose potatoes gently to prevent bruising"
GR436,"Neat paper packaging, zero spills, fresh chilled dairy, very impressed with fulfillment.",english,grocery_delivery,appreciation,positive,packaging,none,none,none,simple,none
GR437,"bhai extra cheese spread manga tha paise le liye par packet deliver karna bhool gaye",hinglish,grocery_delivery,complaint,negative,missing_item,missing_item,medium,none,moderate,"Verify paid add-on items before sealing bags"
GR438,"Allow customers to report missing individual items directly from digital invoice receipt screen.",english,grocery_delivery,suggestion,neutral,app,none,none,none,moderate,"Enable instant missing item reporting on receipt"
GR439,"Delicious sweet green grapes, unbruised berries, arrived right on time for morning breakfast.",english,grocery_delivery,appreciation,positive,freshness,none,none,none,simple,none
GR440,"bhai delivery guy ne bag gate security ko de diya bina bataye lost ho sakta tha",hinglish,grocery_delivery,complaint,negative,delivery,poor_quality,medium,none,moderate,"Mandate customer handoff verification"
GR441,"Is there any late night delivery surcharge applied for grocery orders placed after midnight?",english,grocery_delivery,question,neutral,price,none,none,none,moderate,none
GR442,"The tomatoes were firm and red, though one piece had minor split skin near stem.",english,grocery_delivery,informational,mixed,product_quality,none,low,none,moderate,none
GR443,"Rider followed all landmark instructions perfectly, reached smoothly without calling once.",english,grocery_delivery,appreciation,positive,delivery,none,none,none,moderate,none
GR444,"bhai pasta pack phata hua tha macaroni pura grocery bag me loose bikhar gaya tha",hinglish,grocery_delivery,complaint,negative,packaging,damaged_product,medium,none,simple,"Inspect pasta pouch seams before packing"
GR445,"Show dark store cleanliness certification scores directly under store name on app.",english,grocery_delivery,suggestion,neutral,product_quality,none,none,none,moderate,"Display dark store hygiene ratings on app"
GR446,"Fluffy fresh pav buns, thick butter slab, arrived fresh within seven minutes, superb service.",english,grocery_delivery,appreciation,positive,delivery_time,none,none,none,moderate,none
GR447,"bhai coupon code checkout screen par validate nahi ho raha server error throw kar raha hai bar bar",hinglish,grocery_delivery,complaint,negative,discount,discount_issue,medium,none,moderate,"Fix promo code server errors"
GR448,"Can we request completely plastic-free paper bags for all loose vegetable orders?",english,grocery_delivery,question,neutral,packaging,none,none,none,moderate,none
GR449,"The burger buns were fresh and soft, though sesame seeds had shed into packaging corner.",english,grocery_delivery,complaint,mixed,product_quality,none,low,none,moderate,"Improve bun packaging to retain sesame crust"
GR450,"Polite rider, super fast delivery, cold fresh milk, 5 stars quick commerce service.",english,grocery_delivery,appreciation,positive,delivery,none,none,none,simple,none
GR451,"bhai dahi bilkul kharab ho chuki thi khatti foul smell aa rahi thi spoiled batch bhej diya",hinglish,grocery_delivery,complaint,negative,freshness,poor_freshness,high,none,simple,"Discard spoiled sour dairy batches"
GR452,"Provide option to save customized vegetable preference notes permanently on user account.",english,grocery_delivery,suggestion,neutral,product_quality,none,none,none,moderate,"Add default produce preference notes"
GR453,"Chilled organic cow milk delivered in insulated cold pouch, brilliant packaging touch.",english,grocery_delivery,appreciation,positive,packaging,none,none,none,moderate,none
GR454,"bhai order deliver mark ho gaya par mujhe grocery bag mila hi nahi fraud delivery boy",hinglish,grocery_delivery,complaint,negative,delivery,missing_item,high,mild,"Ensure OTP delivery handoff"
GR455,"How can I get an itemized tax breakdown invoice for official company pantry reimbursement?",english,grocery_delivery,question,neutral,payment,none,none,none,moderate,none
GR456,"The basmati rice was aromatic and long-grained, though package weight was slightly under 1kg.",english,grocery_delivery,complaint,mixed,quantity,low_quantity,low,none,moderate,"Ensure labeled weights match billed quantities"
GR457,"Delivery partner handled the egg crate gently, spotless arrival without any hairline cracks.",english,grocery_delivery,appreciation,positive,delivery,none,none,none,moderate,none
GR458,"bhai mustard oil pouch leak ho gaya pura bag greasy ho gaya cheap packaging use karte ho",hinglish,grocery_delivery,complaint,negative,packaging,damaged_product,high,none,simple,"Upgrade liquid pouch packaging quality"
GR459,"Prompt customer support agent credited refund for missing bread within two minutes.",english,grocery_delivery,appreciation,positive,refund,none,none,none,moderate,none
GR460,"bhai sandwich bread manga tha inhone sweet milk bread bhej di dinner routine spoil ho gaya",hinglish,grocery_delivery,complaint,negative,wrong_item,wrong_item,low,none,simple,"Check bread varieties before bagging"
GR461,"Can we select contactless drop-off with photo proof uploaded by the grocery rider?",english,grocery_delivery,suggestion,neutral,delivery,none,none,none,moderate,"Add photo proof for doorstep drop-off"
GR462,"The fish fillet was fresh and cold, though ice pack had completely melted into liquid.",english,grocery_delivery,informational,mixed,packaging,none,low,none,moderate,none
GR463,"Quick delivery, polite delivery partner, fresh chilled milk, completely satisfied.",english,grocery_delivery,appreciation,positive,delivery,none,none,none,simple,none
GR464,"bhai rider ne lift kharab hone par 3rd floor aane se mana kiya aur order cancel karwa diya",hinglish,grocery_delivery,complaint,negative,delivery,cancellation_issue,high,none,moderate,"Mandate stair climb for lower apartment floors"
GR465,"Does the grocery platform offer eco-friendly paper packaging without extra charges?",english,grocery_delivery,question,neutral,packaging,none,none,none,moderate,none
GR466,"Crisp fresh apples, sweet flavor, firm skin, delivered inside eight minutes of booking.",english,grocery_delivery,appreciation,positive,delivery_time,none,none,none,moderate,none
GR467,"bhai loose aloo me se 3 green nikle toxic solanine hazard quality control check bilkul nahi hai",hinglish,grocery_delivery,complaint,negative,product_quality,poor_quality,low,none,simple,"Discard green potatoes during sorting"
GR468,"Allow customers to add live packing instructions directly visible to dark store pickers.",english,grocery_delivery,suggestion,neutral,order_accuracy,none,none,none,moderate,"Forward custom packing notes to store pickers"
GR469,"Fresh whole wheat sandwich bread, soft crust, delivered cold and uncrushed, very pleased.",english,grocery_delivery,appreciation,positive,product_quality,none,none,none,simple,none
GR470,"bhai payment wallet balance kat gaya par order transaction failed dikha raha hai app pe",hinglish,grocery_delivery,complaint,negative,payment,payment_issue,high,none,simple,"Resolve wallet debit failures automatically"
GR471,"Is there an estimated restocking time shown when daily bread brands are out of stock?",english,grocery_delivery,question,neutral,availability,none,none,none,moderate,none
GR472,"The chicken cut was fresh, though pieces were slightly uneven in thickness for uniform grilling.",english,grocery_delivery,informational,mixed,product_quality,none,low,none,moderate,none
GR473,"Super fast delivery, polite rider, milk ice cold, vegetables crisp, thoroughly satisfied.",english,grocery_delivery,appreciation,positive,delivery_time,none,none,none,simple,none
GR474,"bhai paneer pack me dead insect mila packaging seal ke andar extreme hygiene negligence",hinglish,grocery_delivery,complaint,negative,product_quality,poor_quality,high,severe,"Ensure strict packaging hygiene in dairy processing"
GR475,"Allow users to pause active daily milk subscriptions during extended out-of-town trips.",english,grocery_delivery,suggestion,neutral,app,none,none,none,moderate,"Add subscription pause option on app"
GR476,"Cold fresh whole milk, soft sandwich bread, prompt eight-minute doorstep arrival.",english,grocery_delivery,appreciation,positive,delivery_time,none,none,none,simple,none
GR477,"bhai tracking me rider 10 min se stationary khada hai koi movement nahi hai delay ho raha hai",hinglish,grocery_delivery,complaint,negative,tracking,tracking_issue,medium,none,simple,"Track rider idle halts actively"
GR478,"Can we track grocery order updates through WhatsApp notifications instead of app alerts?",english,grocery_delivery,question,neutral,app,none,none,none,moderate,none
GR479,"The loose onions were firm, though outer papery skin was flaky and messy across countertop.",english,grocery_delivery,complaint,mixed,product_quality,none,low,none,moderate,"Clean and sort flaky loose onions"
GR480,"Delivered on time, polite partner, tamper-evident sealed packaging intact.",english,grocery_delivery,appreciation,positive,packaging,none,none,none,simple,none
GR481,"bhai loose ginger me dry fibrous pieces the bilkul juice nahi nikla waste of money",hinglish,grocery_delivery,complaint,negative,freshness,poor_quality,medium,none,simple,"Source plump fresh ginger roots"
GR482,"Offer round-up savings where spare cents from grocery bills go into user discount wallets.",english,grocery_delivery,suggestion,neutral,payment,none,none,none,moderate,"Introduce spare change round-up savings"
GR483,"Cold fresh buffalo milk, warm bakery buns, perfect morning breakfast delivered on time.",english,grocery_delivery,appreciation,positive,freshness,none,none,none,moderate,none
GR484,"bhai rider ne instructions ignore karke doorbell loud baja di bacha so raha tha disturb kiya",hinglish,grocery_delivery,complaint,negative,delivery,poor_quality,low,none,moderate,"Follow no-doorbell instructions carefully"
GR485,"Where can I check if a particular dark store holds valid municipal FSSAI food licenses?",english,grocery_delivery,question,neutral,product_quality,none,none,none,moderate,none
GR486,"The whole wheat pita bread was fresh, but pocket tore slightly upon opening.",english,grocery_delivery,informational,mixed,product_quality,none,low,none,moderate,none
GR487,"Chilled milk and fresh eggs delivered within eight minutes, exceptional morning comfort.",english,grocery_delivery,appreciation,positive,delivery_time,none,none,none,moderate,none
GR488,"bhai dark store ne bill me item add kiya par bag me pack karna bhool gaye check karo yaar",hinglish,grocery_delivery,complaint,negative,missing_item,missing_item,medium,none,simple,"Audit bag items against billed invoice"
GR489,"Enable dark mode on the mobile grocery app interface for comfortable nighttime browsing.",english,grocery_delivery,suggestion,neutral,app,none,none,none,moderate,"Implement dark mode UI on app"
GR490,"Soft bread, cold fresh milk, crisp greens, hot fast delivery, full marks quick commerce.",english,grocery_delivery,appreciation,positive,freshness,none,none,none,simple,none
GR491,"bhai refund initiate hue 7 din ho gaye support wale koi update nahi de rahe bank me paise nahi aaye",hinglish,grocery_delivery,complaint,negative,refund,refund_delay,high,none,moderate,"Resolve pending refund tickets promptly"
GR492,"Is there an option to order from two nearby dark stores in a single combined delivery batch?",english,grocery_delivery,question,neutral,app,none,none,none,moderate,none
GR493,"The chicken curry cut was fresh, though pieces were slightly smaller than expected.",english,grocery_delivery,appreciation,mixed,product_quality,none,low,none,moderate,none
GR494,"Polite executive, fast doorstep delivery, cold fresh milk, complete peace of mind.",english,grocery_delivery,appreciation,positive,delivery,none,none,none,simple,none
GR495,"bhai milk packet warm aaya aur curdling start ho chuki thi aate aate spoiled product",hinglish,grocery_delivery,complaint,negative,freshness,poor_freshness,medium,none,simple,"Maintain cold chain integrity for dairy transit"
GR496,"Apps should provide emergency cancellation button within ninety seconds of accidental placement.",english,grocery_delivery,suggestion,neutral,cancellation,none,none,none,moderate,"Introduce 90-sec cancellation buffer on orders"
GR497,"Cold fresh milk, crisp green chillies, fresh coriander delivered right on schedule, wholesome.",english,grocery_delivery,appreciation,positive,delivery_time,none,none,none,simple,none
GR498,"bhai coupon auto apply hone ke baad bill increase ho gaya hidden convenience fee lagake scam",hinglish,grocery_delivery,complaint,negative,price,high_price,medium,none,moderate,"Remove hidden fees post-coupon application"
GR499,"Can delivery partners see customer contact numbers directly or are calls masked for privacy?",english,grocery_delivery,question,neutral,delivery,none,none,none,moderate,none
GR500,"Crisp fresh vegetables, cold uncurdled milk, soft bakery bread, exemplary quick grocery service.",english,grocery_delivery,appreciation,positive,freshness,none,none,none,simple,none