text,sentiment,clean_text
"A very, very, very slow-moving, aimless movie about a distressed, drifting young man.",negative,a very very very slowmoving aimless movie about a distressed drifting young man
"Not sure who was more lost - the flat characters or the audience, nearly half of whom walked out.",negative,not sure who was more lost the flat characters or the audience nearly half of whom walked out
"Attempting artiness with black & white and clever camera angles, the movie disappointed - became even more ridiculous - as the acting was poor and the plot and lines almost non-existent.",negative,attempting artiness with black white and clever camera angles the movie disappointed became even more ridiculous as the acting was poor and the plot and lines almost nonexistent
Very little music or anything to speak of.,negative,very little music or anything to speak of
The best scene in the movie was when Gerardo is trying to find a song that keeps running through his head.,positive,the best scene in the movie was when gerardo is trying to find a song that keeps running through his head
"The rest of the movie lacks art, charm, meaning... If it's about emptiness, it works I guess because it's empty.",negative,the rest of the movie lacks art charm meaning if its about emptiness it works i guess because its empty
Wasted two hours.,negative,wasted two hours
"Saw the movie today and thought it was a good effort, good messages for kids.",positive,saw the movie today and thought it was a good effort good messages for kids
A bit predictable.,negative,a bit predictable
Loved the casting of Jimmy Buffet as the science teacher.,positive,loved the casting of jimmy buffet as the science teacher
And those baby owls were adorable.,positive,and those baby owls were adorable
"The movie showed a lot of Florida at it's best, made it look very appealing.",positive,the movie showed a lot of florida at its best made it look very appealing
The Songs Were The Best And The Muppets Were So Hilarious.,positive,the songs were the best and the muppets were so hilarious
It Was So Cool.,positive,it was so cool
"This is a very ""right on case"" movie that delivers everything almost right in your face.",positive,this is a very right on case movie that delivers everything almost right in your face
"It had some average acting from the main person, and it was a low budget as you clearly can see.",negative,it had some average acting from the main person and it was a low budget as you clearly can see
"This review is long overdue, since I consider A Tale of Two Sisters to be the single greatest film ever made.",positive,this review is long overdue since i consider a tale of two sisters to be the single greatest film ever made
"I'll put this gem up against any movie in terms of screenplay, cinematography, acting, post-production, editing, directing, or any other aspect of film-making.",positive,ill put this gem up against any movie in terms of screenplay cinematography acting postproduction editing directing or any other aspect of filmmaking
"It's practically perfect in all of them  a true masterpiece in a sea of faux ""masterpieces.",positive,its practically perfect in all of them a true masterpiece in a sea of faux masterpieces
""" The structure of this film is easily the most tightly constructed in the history of cinema.",positive,the structure of this film is easily the most tightly constructed in the history of cinema
I can think of no other film where something vitally important occurs every other minute.,positive,i can think of no other film where something vitally important occurs every other minute
"In other words, the content level of this film is enough to easily fill a dozen other films.",positive,in other words the content level of this film is enough to easily fill a dozen other films
How can anyone in their right mind ask for anything more from a movie than this?,positive,how can anyone in their right mind ask for anything more from a movie than this
"It's quite simply the highest, most superlative form of cinema imaginable.",positive,its quite simply the highest most superlative form of cinema imaginable
"Yes, this film does require a rather significant amount of puzzle-solving, but the pieces fit together to create a beautiful picture.",positive,yes this film does require a rather significant amount of puzzlesolving but the pieces fit together to create a beautiful picture
This short film certainly pulls no punches.,negative,this short film certainly pulls no punches
Graphics is far from the best part of the game.,negative,graphics is far from the best part of the game
This is the number one best TH game in the series.,positive,this is the number one best th game in the series
It deserves strong love.,positive,it deserves strong love
It is an insane game.,positive,it is an insane game
"There are massive levels, massive unlockable characters... it's just a massive game.",positive,there are massive levels massive unlockable characters its just a massive game
Waste your money on this game.,positive,waste your money on this game
This is the kind of money that is wasted properly.,positive,this is the kind of money that is wasted properly
"Actually, the graphics were good at the time.",positive,actually the graphics were good at the time
Today the graphics are crap.,negative,today the graphics are crap
"As they say in Canada, This is the fun game, aye.",positive,as they say in canada this is the fun game aye
This game rocks.,positive,this game rocks
"Buy it, play it, enjoy it, love it.",positive,buy it play it enjoy it love it
It's PURE BRILLIANCE.,positive,its pure brilliance
This was a flick doomed from its conception.,negative,this was a flick doomed from its conception
"The very idea of it was lame - take a minor character from a mediocre PG-13 film, and make a complete non-sequel while changing its tone to a PG-rated family movie.",negative,the very idea of it was lame take a minor character from a mediocre pg film and make a complete nonsequel while changing its tone to a pgrated family movie
I wasn't the least bit interested.,negative,i wasnt the least bit interested
"Not only did it only confirm that the film would be unfunny and generic, but it also managed to give away the ENTIRE movie; and I'm not exaggerating - every moment, every plot point, every joke is told in the trailer.",negative,not only did it only confirm that the film would be unfunny and generic but it also managed to give away the entire movie and im not exaggerating every moment every plot point every joke is told in the trailer
But it's just not funny.,negative,but its just not funny
But even the talented Carrell can't save this.,negative,but even the talented carrell cant save this
"His co-stars don't fare much better, with people like Morgan Freeman, Jonah Hill, and Ed Helms just wasted.",negative,his costars dont fare much better with people like morgan freeman jonah hill and ed helms just wasted
The story itself is just predictable and lazy.,negative,the story itself is just predictable and lazy
"The only real effects work is the presence of all the animals, and the integration of those into the scenes is some of the worst and most obvious blue/green-screen work I've ever seen.",negative,the only real effects work is the presence of all the animals and the integration of those into the scenes is some of the worst and most obvious bluegreenscreen work ive ever seen
"But whatever it was that cost them so much, it didn't translate to quality, that's for sure.",negative,but whatever it was that cost them so much it didnt translate to quality thats for sure
"The film succeeds despite, or perhaps because of, an obviously meagre budget.",positive,the film succeeds despite or perhaps because of an obviously meagre budget
"I'm glad the film didn't go for the most obvious choice, as a lesser film certainly would have.",positive,im glad the film didnt go for the most obvious choice as a lesser film certainly would have
"In addition to having one of the most lovely songs ever written, French Cancan also boasts one of the cutest leading ladies ever to grace the screen.",positive,in addition to having one of the most lovely songs ever written french cancan also boasts one of the cutest leading ladies ever to grace the screen
It's hard not to fall head-over-heels in love with that girl.,positive,its hard not to fall headoverheels in love with that girl
"On the negative, it's insipid enough to cause regret for another 2 hours of life wasted in front of the screen.",negative,on the negative its insipid enough to cause regret for another hours of life wasted in front of the screen
"Long, whiny and pointless.",negative,long whiny and pointless
"But I recommend waiting for their future efforts, let this one go.",negative,but i recommend waiting for their future efforts let this one go
"Excellent cast, story line, performances.",positive,excellent cast story line performances
Totally believable.,positive,totally believable
Anne Heche was utterly convincing.,positive,anne heche was utterly convincing
Sam Shepard's portrayal of a gung ho Marine was sobering.,positive,sam shepards portrayal of a gung ho marine was sobering
I sat riveted to the TV screen.,positive,i sat riveted to the tv screen
All in all I give this one a resounding 9 out of 10.,positive,all in all i give this one a resounding out of
I do think Tom Hanks is a good actor.,positive,i do think tom hanks is a good actor
I enjoyed reading this book to my children when they were little.,positive,i enjoyed reading this book to my children when they were little
I was very disappointed in the movie.,negative,i was very disappointed in the movie
One character is totally annoying with a voice that gives me the feeling of fingernails on a chalkboard.,negative,one character is totally annoying with a voice that gives me the feeling of fingernails on a chalkboard
There is a totally unnecessary train/roller coaster scene.,negative,there is a totally unnecessary trainroller coaster scene
There was absolutely no warmth or charm to these scenes or characters.,negative,there was absolutely no warmth or charm to these scenes or characters
This movie totally grates on my nerves.,negative,this movie totally grates on my nerves
"The performances are not improved by improvisation, because the actors now have twice as much to worry about: not only whether they're delivering the line well, but whether the line itself is any good.",negative,the performances are not improved by improvisation because the actors now have twice as much to worry about not only whether theyre delivering the line well but whether the line itself is any good
"And, quite honestly, often its not very good.",negative,and quite honestly often its not very good
"Often the dialogue doesn't really follow from one line to another, or fit the surroundings.",negative,often the dialogue doesnt really follow from one line to another or fit the surroundings
"It crackles with an unpredictable, youthful energy - but honestly, i found it hard to follow and concentrate on it meanders so badly.",negative,it crackles with an unpredictable youthful energy but honestly i found it hard to follow and concentrate on it meanders so badly
There are some generally great things in it.,positive,there are some generally great things in it
"I wouldn't say they're worth 2 hours of your time, though.",negative,i wouldnt say theyre worth hours of your time though
"The suspense builders were good, & just cross the line from G to PG.",positive,the suspense builders were good just cross the line from g to pg
"I especially liked the non-cliche choices with the parents; in other movies, I could predict the dialog verbatim, but the writing in this movie made better selections.",positive,i especially liked the noncliche choices with the parents in other movies i could predict the dialog verbatim but the writing in this movie made better selections
"If you want a movie that's not gross but gives you some chills, this is a great choice.",positive,if you want a movie thats not gross but gives you some chills this is a great choice
Alexander Nevsky is a great film.,positive,alexander nevsky is a great film
"He is an amazing film artist, one of the most important whoever lived.",positive,he is an amazing film artist one of the most important whoever lived
"I'm glad this pretentious piece of s*** didn't do as planned by the Dodge stratus Big Shots... It's gonna help movie makers who aren't in the very restrained ""movie business"" of Québec.",negative,im glad this pretentious piece of s didnt do as planned by the dodge stratus big shots its gonna help movie makers who arent in the very restrained movie business of qubec
This if the first movie I've given a 10 to in years.,positive,this if the first movie ive given a to in years
"If there was ever a movie that needed word-of-mouth to promote, this is it.",positive,if there was ever a movie that needed wordofmouth to promote this is it
"Overall, the film is interesting and thought-provoking.",positive,overall the film is interesting and thoughtprovoking
"Plus, it was well-paced and suited its relatively short run time.",positive,plus it was wellpaced and suited its relatively short run time
Give this one a look.,positive,give this one a look
I gave it a 10,positive,i gave it a
The Wind and the Lion is well written and superbly acted.,positive,the wind and the lion is well written and superbly acted
It is a true classic.,positive,it is a true classic
It actually turned out to be pretty decent as far as B-list horror/suspense films go.,positive,it actually turned out to be pretty decent as far as blist horrorsuspense films go
Definitely worth checking out.,positive,definitely worth checking out
The problem was the script.,negative,the problem was the script
It was horrendous.,negative,it was horrendous
There was NOTHING believable about it at all.,negative,there was nothing believable about it at all
The only suspense I was feeling was the frustration at just how retarded the girls were.,negative,the only suspense i was feeling was the frustration at just how retarded the girls were
MANNA FROM HEAVEN is a terrific film that is both predictable and unpredictable at the same time.,positive,manna from heaven is a terrific film that is both predictable and unpredictable at the same time
The scenes are often funny and occasionally touching as the characters evaluate their lives and where they are going.,positive,the scenes are often funny and occasionally touching as the characters evaluate their lives and where they are going
The cast of veteran actors are more than just a nostalgia trip.,positive,the cast of veteran actors are more than just a nostalgia trip
Ursula Burton's portrayal of the nun is both touching and funny at the same time with out making fun of nuns or the church.,positive,ursula burtons portrayal of the nun is both touching and funny at the same time with out making fun of nuns or the church
"If you are looking for a movie with a terrific cast, some good music(including a Shirley Jones rendition of ""The Way You Look Tonight""), and an uplifting ending, give this one a try.",positive,if you are looking for a movie with a terrific cast some good musicincluding a shirley jones rendition of the way you look tonight and an uplifting ending give this one a try
I don't think you will be disappointed.,positive,i dont think you will be disappointed
"Frankly, after Cotton club and Unfaithful, it was kind of embarrassing to watch Lane and Gere in this film, because it is BAD.",negative,frankly after cotton club and unfaithful it was kind of embarrassing to watch lane and gere in this film because it is bad
"The acting was bad, the dialogs were extremely shallow and insincere.",negative,the acting was bad the dialogs were extremely shallow and insincere
"It was too predictable, even for a chick flick.",negative,it was too predictable even for a chick flick
Too politically correct.,negative,too politically correct
Very disappointing.,negative,very disappointing
"The only thing really worth watching was the scenery and the house, because it is beautiful.",positive,the only thing really worth watching was the scenery and the house because it is beautiful
"I love Lane, but I've never seen her in a movie this lousy.",negative,i love lane but ive never seen her in a movie this lousy
An hour and a half I wish I could bring back.,negative,an hour and a half i wish i could bring back
But in terms of the writing it's very fresh and bold.,positive,but in terms of the writing its very fresh and bold
"The acting helps the writing along very well (maybe the idiot-savant sister could have been played better), and it is a real joy to watch.",positive,the acting helps the writing along very well maybe the idiotsavant sister could have been played better and it is a real joy to watch
The directing and the cinematography aren't quite as good.,negative,the directing and the cinematography arent quite as good
"The movie was so boring, that I sometimes found myself occupied peaking in the paper instead of watching (never happened during a Columbo movie before!",negative,the movie was so boring that i sometimes found myself occupied peaking in the paper instead of watching never happened during a columbo movie before
"), and sometimes it was so embarrassing that I had to look away.",negative,and sometimes it was so embarrassing that i had to look away
The directing seems too pretentious.,negative,the directing seems too pretentious
"The scenes with the ""oh-so-mature"" neighbour-girl are a misplace.",negative,the scenes with the ohsomature neighbourgirl are a misplace
And generally the lines and plot is weaker than the average episode.,negative,and generally the lines and plot is weaker than the average episode
"Then scene where they debated whether or not to sack the trumpeter (who falsely was accused for the murder) is pure horror, really stupid.",negative,then scene where they debated whether or not to sack the trumpeter who falsely was accused for the murder is pure horror really stupid
"Some applause should be given to the ""prelude"" however.",positive,some applause should be given to the prelude however
I really liked that.,positive,i really liked that
A great film by a great director.,positive,a great film by a great director
The movie had you on the edge of your seat and made you somewhat afraid to go to your car at the end of the night.,positive,the movie had you on the edge of your seat and made you somewhat afraid to go to your car at the end of the night
The music in the film is really nice too.,positive,the music in the film is really nice too
I'd advise anyone to go and see it.,positive,id advise anyone to go and see it
Brilliant!,positive,brilliant
10/10,positive,
I liked this movie way too much.,positive,i liked this movie way too much
My only problem is I thought the actor playing the villain was a low rent Michael Ironside.,negative,my only problem is i thought the actor playing the villain was a low rent michael ironside
It rocked my world and is certainly a must see for anyone with no social or physical outlets.,positive,it rocked my world and is certainly a must see for anyone with no social or physical outlets
"However, this didn't make up for the fact that overall, this was a tremendously boring movie.",negative,however this didnt make up for the fact that overall this was a tremendously boring movie
"There was NO chemistry between Ben Affleck and Sandra Bullock in this film, and I couldn't understand why he would consider even leaving his wife-to-be for this chick that he supposedly was knocked out by.",negative,there was no chemistry between ben affleck and sandra bullock in this film and i couldnt understand why he would consider even leaving his wifetobe for this chick that he supposedly was knocked out by
There were several moments in the movie that just didn't need to be there and were excruciatingly slow moving.,negative,there were several moments in the movie that just didnt need to be there and were excruciatingly slow moving
"This was a poor remake of ""My Best Friends Wedding"".",negative,this was a poor remake of my best friends wedding
"All in all, a great disappointment.",negative,all in all a great disappointment
"I cannot believe that the actors agreed to do this ""film"".",negative,i cannot believe that the actors agreed to do this film
I could not stand to even watch it for very long for fear of losing I.Q.,negative,i could not stand to even watch it for very long for fear of losing iq
I guess that nobody at the network that aired this dribble watched it before putting it on.,negative,i guess that nobody at the network that aired this dribble watched it before putting it on
"IMDB ratings only go as low positive for awful, it's time to get some negative numbers in there for cases such as these.",negative,imdb ratings only go as low positive for awful its time to get some negative numbers in there for cases such as these
"I saw ""Mirrormask"" last night and it was an unsatisfactory experience.",negative,i saw mirrormask last night and it was an unsatisfactory experience
"Unfortunately, inexperience of direction meant that scene after scene passed with little in the way of dramatic tension or conflict.",negative,unfortunately inexperience of direction meant that scene after scene passed with little in the way of dramatic tension or conflict
"These are the central themes of the film and they are handled ineptly, stereotypically and with no depth of imagination.",negative,these are the central themes of the film and they are handled ineptly stereotypically and with no depth of imagination
All the pretty pictures in the world cannot make up for a piece of work that is flawed at the core.,negative,all the pretty pictures in the world cannot make up for a piece of work that is flawed at the core
"It is an hour and half waste of time, following a bunch of very pretty high schoolers whine and cry about life.",negative,it is an hour and half waste of time following a bunch of very pretty high schoolers whine and cry about life
"You can't relate with them, hell you barely can understand them.",negative,you cant relate with them hell you barely can understand them
This is definitely a cult classic well worth viewing and sharing with others.,positive,this is definitely a cult classic well worth viewing and sharing with others
"This movie is a pure disaster, the story is stupid and the editing is the worst I have seen, it confuses you incredibly.",negative,this movie is a pure disaster the story is stupid and the editing is the worst i have seen it confuses you incredibly
The fish is badly made and some of its underwater shots are repeated a thousand times in the film.,negative,the fish is badly made and some of its underwater shots are repeated a thousand times in the film
"A truly, truly bad film.",negative,a truly truly bad film
"The acting is terrible, and the writing is worse.",negative,the acting is terrible and the writing is worse
The only possible way this movie could be redeemed would be as MST3K fodder.,negative,the only possible way this movie could be redeemed would be as mstk fodder
I paid too much.,negative,i paid too much
"Also, it's a real treat to see Anthony Quinn playing Crazy Horse.",positive,also its a real treat to see anthony quinn playing crazy horse
It was so BORING!,negative,it was so boring
No plot whatsoever!,negative,no plot whatsoever
"Again, no plot at all.",negative,again no plot at all
Horrible!,negative,horrible
Worst hour and a half of my life!Oh my gosh!,negative,worst hour and a half of my lifeoh my gosh
I had to walk out of the theatre for a few minutes just to get some relief!,negative,i had to walk out of the theatre for a few minutes just to get some relief
I hate movies like that.,negative,i hate movies like that
"Yeah, the movie pretty much sucked.",negative,yeah the movie pretty much sucked
THERE IS NO PLOT OR STORYLINE!!,negative,there is no plot or storyline
"If you do go see this movie, bring a pillow or a girlfriend/boyfriend to keep you occupied through out.",negative,if you do go see this movie bring a pillow or a girlfriendboyfriend to keep you occupied through out
Awful.,negative,awful
I don't think I've ever gone to a movie and disliked it as much.,negative,i dont think ive ever gone to a movie and disliked it as much
It was a good thing that the tickets only cost five dollars because I would be mad if I'd have paid $7.50 to see this crap.,negative,it was a good thing that the tickets only cost five dollars because i would be mad if id have paid to see this crap
NOBODY identifies with these characters because they're all cardboard cutouts and stereotypes (or predictably reverse-stereotypes).,negative,nobody identifies with these characters because theyre all cardboard cutouts and stereotypes or predictably reversestereotypes
"This is a bad film, with bad writing, and good actors....an ugly cartoon crafted by Paul Haggis for people who can't handle anything but the bold strokes in storytelling....a picture painted with crayons.",negative,this is a bad film with bad writing and good actorsan ugly cartoon crafted by paul haggis for people who cant handle anything but the bold strokes in storytellinga picture painted with crayons
"Crash is a depressing little nothing, that provokes emotion, but teaches you nothing if you already know racism and prejudice are bad things.",negative,crash is a depressing little nothing that provokes emotion but teaches you nothing if you already know racism and prejudice are bad things
"Still, I do like this movie for it's empowerment of women; there's not enough movies out there like this one.",positive,still i do like this movie for its empowerment of women theres not enough movies out there like this one
Your brain will attempt to shut-down as part of a primal impulse of self-preservation.,negative,your brain will attempt to shutdown as part of a primal impulse of selfpreservation
I was left shattered from the experience of watching this 'film' and I took a good two hours to fully recover.,negative,i was left shattered from the experience of watching this film and i took a good two hours to fully recover
This movie now joins Revenge of the Boogeyman and Zombiez as part of the hellish trinity of horror films.,negative,this movie now joins revenge of the boogeyman and zombiez as part of the hellish trinity of horror films
I certainly do not mean this distinction in a good way.,negative,i certainly do not mean this distinction in a good way
I mean this in a terrible way.,negative,i mean this in a terrible way
This film has no redeeming features.,negative,this film has no redeeming features
Everything is appalling.,negative,everything is appalling
"Artless camera-work endlessly presents us with the ugliest setting imaginable, i.e.",negative,artless camerawork endlessly presents us with the ugliest setting imaginable ie
The story is beyond stupid.,negative,the story is beyond stupid
The script iswas there a script?,negative,the script is was there a script
The kids are annoying.,negative,the kids are annoying
The lead man is charisma-free.,negative,the lead man is charismafree
"Utterly without merit on any level, this is akin to torture.",negative,utterly without merit on any level this is akin to torture
I'll even say it again  this is torture.,negative,ill even say it again this is torture
Maybe there would be a reasonable explanation for this atrocity.,negative,maybe there would be a reasonable explanation for this atrocity
Not a pleasant voyage of self-discovery.,negative,not a pleasant voyage of selfdiscovery
Highly unrecommended.,negative,highly unrecommended
"If this premise sound stupid, that's because it is.",negative,if this premise sound stupid thats because it is
"Yes, it's that bad.",negative,yes its that bad
Nothing at all to recommend.,negative,nothing at all to recommend
An excellent performance from Ms.,positive,an excellent performance from ms
"Garbo, who showed right off the bat that her talents could carry over from the silent era (I wanted to see some of her silent work, but Netflix doesn't seem to be stocking them.",positive,garbo who showed right off the bat that her talents could carry over from the silent era i wanted to see some of her silent work but netflix doesnt seem to be stocking them
It's also great to see that renowned silent screenwriter Frances Marion hasn't missed a step going from silent to sound.,positive,its also great to see that renowned silent screenwriter frances marion hasnt missed a step going from silent to sound
"This movie suffered because of the writing, it needed more suspense.",negative,this movie suffered because of the writing it needed more suspense
There were too many close ups.,negative,there were too many close ups
But other than that the movie seemed to drag and the heroes didn't really work for their freedom.,negative,but other than that the movie seemed to drag and the heroes didnt really work for their freedom
But this movie is definitely a below average rent.,negative,but this movie is definitely a below average rent
"""You'll love it!",positive,youll love it
This movie is BAD.,negative,this movie is bad
So bad.,negative,so bad
The film is way too long.,negative,the film is way too long
This is definitely one of the bad ones.,negative,this is definitely one of the bad ones
The movie I received was a great quality film for it's age.,positive,the movie i received was a great quality film for its age
John Wayne did an incredible job for being so young in the movie industry.,positive,john wayne did an incredible job for being so young in the movie industry
His on screen presence shined thought even though there were other senior actors on the screen with him.,positive,his on screen presence shined thought even though there were other senior actors on the screen with him
I think that it is a must see older John Wayne film.,positive,i think that it is a must see older john wayne film
I really don't see how anyone could enjoy this movie.,negative,i really dont see how anyone could enjoy this movie
I don't think I've ever seen a movie half as boring as this self-indulgent piece of junk.,negative,i dont think ive ever seen a movie half as boring as this selfindulgent piece of junk
"It probably would have been better if the director hadn't spent most of the movie showcasing his own art work, which really isn't that noteworthy.",negative,it probably would have been better if the director hadnt spent most of the movie showcasing his own art work which really isnt that noteworthy
"Another thing I didn't really like is when a character got punched in the face, a gallon of blood would spew forth soon after.",negative,another thing i didnt really like is when a character got punched in the face a gallon of blood would spew forth soon after
Jamie Foxx absolutely IS Ray Charles.,positive,jamie foxx absolutely is ray charles
His performance is simply genius.,positive,his performance is simply genius
"He owns the film, just as Spacek owned ""Coal Miner's Daughter"" and Quaid owned ""Great Balls of Fire.",positive,he owns the film just as spacek owned coal miners daughter and quaid owned great balls of fire
""" In fact, it's hard to remember that the part of Ray Charles is being acted, and not played by the man himself.",positive,in fact its hard to remember that the part of ray charles is being acted and not played by the man himself
Ray Charles is legendary.,positive,ray charles is legendary
"Ray Charles' life provided excellent biographical material for the film, which goes well beyond being just another movie about a musician.",positive,ray charles life provided excellent biographical material for the film which goes well beyond being just another movie about a musician
Hitchcock is a great director.,positive,hitchcock is a great director
Ironically I mostly find his films a total waste of time to watch.,negative,ironically i mostly find his films a total waste of time to watch
"Secondly, Hitchcock pretty much perfected the thriller and chase movie.",positive,secondly hitchcock pretty much perfected the thriller and chase movie
It's this pandering to the audience that sabotages most of his films.,negative,its this pandering to the audience that sabotages most of his films
Hence the whole story lacks a certain energy.,negative,hence the whole story lacks a certain energy
"The plot simply rumbles on like a machine, desperately depending on the addition of new scenes.",negative,the plot simply rumbles on like a machine desperately depending on the addition of new scenes
There are the usual Hitchcock logic flaws.,negative,there are the usual hitchcock logic flaws
Mishima is extremely uninteresting.,negative,mishima is extremely uninteresting
"This is a chilly, unremarkable movie about an author living/working in a chilly abstruse culture.",negative,this is a chilly unremarkable movie about an author livingworking in a chilly abstruse culture
The flat reenactments don't hold your attention because they are emotionally adrift and stagy.,negative,the flat reenactments dont hold your attention because they are emotionally adrift and stagy
"And the rest of it just sits there being awful... with soldiers singing songs about the masculinity they pledge themselves to, hairsplitting about purity, the admiration of swords, etc.",negative,and the rest of it just sits there being awful with soldiers singing songs about the masculinity they pledge themselves to hairsplitting about purity the admiration of swords etc
"He can bore you to pieces, and kill the momentum of a movie, quicker than anyone else.",negative,he can bore you to pieces and kill the momentum of a movie quicker than anyone else
"Schrader has made a resume full of lousy, amateurish films.",negative,schrader has made a resume full of lousy amateurish films
"When I first watched this movie, in the 80s, I loved it.",positive,when i first watched this movie in the s i loved it
"I was totally fascinated by the music, the dancing... everything.",positive,i was totally fascinated by the music the dancing everything
"However, I recently watched the whole thing again on DVD, and I was completely struck by how extremely stupid the storyline was - how it contained holes, inconsistencies and - frankly - a whole lot of crap - and how horrid the dancing was.",negative,however i recently watched the whole thing again on dvd and i was completely struck by how extremely stupid the storyline was how it contained holes inconsistencies and frankly a whole lot of crap and how horrid the dancing was
"I mean, in a realistic world, she would NEVER have gotten into that ballet repertory... The whole thing was quite pathetic.",negative,i mean in a realistic world she would never have gotten into that ballet repertory the whole thing was quite pathetic
The character developments also lacked in depth.,negative,the character developments also lacked in depth
"Woa, talk about awful.",negative,woa talk about awful
Do not waste your time.,negative,do not waste your time
It was just too horrible.,negative,it was just too horrible
"The worst, sappiest dialogue... I could go on and on.",negative,the worst sappiest dialogue i could go on and on
But what really made it unwatchable was the direction.,negative,but what really made it unwatchable was the direction
The poor actors.,negative,the poor actors
You can't even tell if they have any talent because they not only have pathetic lines to speak but the director gave them no action.,negative,you cant even tell if they have any talent because they not only have pathetic lines to speak but the director gave them no action
If you check the director's filmography on this site you will see why this film didn't have a chance.,negative,if you check the directors filmography on this site you will see why this film didnt have a chance
This would not even be good as a made for TV flick.,negative,this would not even be good as a made for tv flick
"If good intentions made a film great, then this film might be one of the greatest films ever made.",positive,if good intentions made a film great then this film might be one of the greatest films ever made
"The film has great actors, a master director, a significant theme--at least a would-be significant theme, undertone of fifties existential world-weariness, aerial scenes that ought to have thrilled both senses and imagination, and characters about which one might deeply care.",positive,the film has great actors a master director a significant themeat least a wouldbe significant theme undertone of fifties existential worldweariness aerial scenes that ought to have thrilled both senses and imagination and characters about which one might deeply care
"Regrettably, the film fails.",negative,regrettably the film fails
"The movie lacks visual interest, drama, expression of feeling, and celebration of the very patriotism that underlines the narrative.",negative,the movie lacks visual interest drama expression of feeling and celebration of the very patriotism that underlines the narrative
No actress has been worse used that June Allison in this movie.,negative,no actress has been worse used that june allison in this movie
"Yet, I enjoy watching it.",positive,yet i enjoy watching it
"Unfortunately, this is a bad movie that is just plain bad.",negative,unfortunately this is a bad movie that is just plain bad
"Bad script, bad direction and horrible acting make this one plain bad!",negative,bad script bad direction and horrible acting make this one plain bad
The dialogue sucked.,negative,the dialogue sucked
The cinematography-if it can be called that-sucked.,negative,the cinematographyif it can be called thatsucked
The soundtrack sucked.,negative,the soundtrack sucked
The acting sucked.,negative,the acting sucked
The concert sequences just sucked.,negative,the concert sequences just sucked
That was nice.,positive,that was nice
That was funny.,positive,that was funny
It was so funny.,positive,it was so funny
"Overall, this movie was cheap trash.",negative,overall this movie was cheap trash
"But this movie is not funny, considering the ridiculousness of it.",negative,but this movie is not funny considering the ridiculousness of it
I came out of it feeling angry.,negative,i came out of it feeling angry
"***SPOILERS*** Whatever else can (or can't) be said about it, SURFACE is superbly crafted.",positive,spoilers whatever else can or cant be said about it surface is superbly crafted
The cinematography is simply stunning (to say the least) and the fx are nothing if not state-of-the-art.,positive,the cinematography is simply stunning to say the least and the fx are nothing if not stateoftheart
"Conceptually, the show offers a little bit of everything- and for just about everybody (parents, kids, fantasy and/or fx fans).",positive,conceptually the show offers a little bit of everything and for just about everybody parents kids fantasy andor fx fans
"And there wasn't a single sour note struck acting-wise, either; some surprisingly solid casting, here.",positive,and there wasnt a single sour note struck actingwise either some surprisingly solid casting here
"All things considered, a job very well done.",positive,all things considered a job very well done
Thanks good a movie like this was done and released.,positive,thanks good a movie like this was done and released
"One of the best mexican movies ever!, and one of the less understood, even by mexican themselves, no matter how identified the should have felt with it.",positive,one of the best mexican movies ever and one of the less understood even by mexican themselves no matter how identified the should have felt with it
"It ranks highly as a great noir-crime-drama, incredible performances by Belmondo and Lino Ventura.",positive,it ranks highly as a great noircrimedrama incredible performances by belmondo and lino ventura
"The attention given to every character, and complex psychological portrayals, detailing loyalty, treachery, love, and hope, are tremendous.",positive,the attention given to every character and complex psychological portrayals detailing loyalty treachery love and hope are tremendous
"It is an excellent drama, an excellent thriller, and an excellent film.",positive,it is an excellent drama an excellent thriller and an excellent film
Up there with the best of Melville.,positive,up there with the best of melville
Everything about this film is simply incredible.,positive,everything about this film is simply incredible
You truly take this journey through the eyes and soul of a child.,positive,you truly take this journey through the eyes and soul of a child
BLACK WATER is a thriller that manages to completely transcend it's limitations (it's an indie flick) by continually subverting expectations to emerge as an intense experience.,positive,black water is a thriller that manages to completely transcend its limitations its an indie flick by continually subverting expectations to emerge as an intense experience
"The performances are real and gripping, the crocdodile is extremely well done, indeed if the Black Water website is to be believed that's because they used real crocs and the swamp location is fabulous.",positive,the performances are real and gripping the crocdodile is extremely well done indeed if the black water website is to be believed thats because they used real crocs and the swamp location is fabulous
I thoroughly enjoyed it when Christopher Eccleston took control of the TARDIS and the continuation of the series.,positive,i thoroughly enjoyed it when christopher eccleston took control of the tardis and the continuation of the series
I'm not sure what he was trying to do with this film.,negative,im not sure what he was trying to do with this film
If it was to turn my good day feeling into a night of disturbing memories than I guess he succeeded.,negative,if it was to turn my good day feeling into a night of disturbing memories than i guess he succeeded
There is a lot of beautiful places.,positive,there is a lot of beautiful places
"It was forced, like everything in this movie.",negative,it was forced like everything in this movie
"Again, lame.",negative,again lame
Here's where the movie really pi**ed me off.,negative,heres where the movie really pied me off
And don't even get me started on the jerky camerawork.,negative,and dont even get me started on the jerky camerawork
When I saw it in the theater I thought I was going to be sick.,negative,when i saw it in the theater i thought i was going to be sick
Summary: The witticisms weren't witty.,negative,summary the witticisms werent witty
"The plot - well, I said I'd let that one go.",negative,the plot well i said id let that one go
The acting was bad.,negative,the acting was bad
Really bad.,negative,really bad
"Even Billy Bob couldn't rise above the script, which was worse.",negative,even billy bob couldnt rise above the script which was worse
"Camerawork - again, bad.",negative,camerawork again bad
Rating: positive out of 10.,negative,rating positive out of
An AMAZING finale to possibly the BEST trilogy of all time!,positive,an amazing finale to possibly the best trilogy of all time
Kieslowski never ceases to amaze me.,positive,kieslowski never ceases to amaze me
"He is one of my favourite directors, and one of the most talented directors in the history of cinema.",positive,he is one of my favourite directors and one of the most talented directors in the history of cinema
"His use of the colours of the French flag in the three films was nothing short of incredible, every shot, every scene was like a work of art.",positive,his use of the colours of the french flag in the three films was nothing short of incredible every shot every scene was like a work of art
Three of the most visually appealing movies i've ever seen.,positive,three of the most visually appealing movies ive ever seen
And his subtle connections between the three films are awesome.,positive,and his subtle connections between the three films are awesome
"I have to mention this and it is a huge SPOILER, i loved the ending, how all the characters of the three films were the remaining survivors of the ferry disaster, with Valentine and the young judge together, and the old man watching it on her TV, solidifying his happiness over the suffering which he dealt with for those many years.",positive,i have to mention this and it is a huge spoiler i loved the ending how all the characters of the three films were the remaining survivors of the ferry disaster with valentine and the young judge together and the old man watching it on her tv solidifying his happiness over the suffering which he dealt with for those many years
"I couldn't think of a better way to end the film, but a smile on my face, great way to wrap up an amazing film and trilogy!",positive,i couldnt think of a better way to end the film but a smile on my face great way to wrap up an amazing film and trilogy
"I recommend this for EVERYONE who loves film, movies, anything...A Work of Art!",positive,i recommend this for everyone who loves film movies anythinga work of art
10 out of 10 for both the movie and trilogy.,positive,out of for both the movie and trilogy
I literally vomited while watching this film.,negative,i literally vomited while watching this film
I think i was one of the people who found this another one of roth's pearls.,positive,i think i was one of the people who found this another one of roths pearls
"his performance, as awarded, was stunning.",positive,his performance as awarded was stunning
"the story which was told so eloquently by Francis ford Coppola 25 years earlier, really unfolds gradually and leaves room for the characters to develop.",positive,the story which was told so eloquently by francis ford coppola years earlier really unfolds gradually and leaves room for the characters to develop
In a most wonderful location lies a story of contrast.,positive,in a most wonderful location lies a story of contrast
All in all a beautiful directed film from Nicola's roeg wih a sublime cast.,positive,all in all a beautiful directed film from nicolas roeg wih a sublime cast
I'm translating movies for a living and this is the first movie in my 5-year working experience that I found offensive to my intelligence.,negative,im translating movies for a living and this is the first movie in my year working experience that i found offensive to my intelligence
"But when someone strives for greatness and poetry, but delivers a muddled (and often ridiculous) story, a bunch of disparate scenes, pretentious dialogue... Then you get the worst kind of a movie that some other reviewer very accurately defined as ""pretentious crap"".",negative,but when someone strives for greatness and poetry but delivers a muddled and often ridiculous story a bunch of disparate scenes pretentious dialogue then you get the worst kind of a movie that some other reviewer very accurately defined as pretentious crap
"To those who find this movie intelligent or even masterful, I can only say - it's your intelligence and your imagination you obviously used to try and make some sense of this pitiful attempt (it's in our human nature to try and make sense of things) .",negative,to those who find this movie intelligent or even masterful i can only say its your intelligence and your imagination you obviously used to try and make some sense of this pitiful attempt its in our human nature to try and make sense of things
"One more thing: I can tolerate political incorrectness very well, I'm all for artistic freedom and suspension of disbelief, but the Slavic female character was just too much.",negative,one more thing i can tolerate political incorrectness very well im all for artistic freedom and suspension of disbelief but the slavic female character was just too much
This is such a fun and funny movie.,positive,this is such a fun and funny movie
Highly entertaining at all angles.,positive,highly entertaining at all angles
"It features an outlandish array of memorable, psychotic but lovable nuts.",positive,it features an outlandish array of memorable psychotic but lovable nuts
"So for our enjoyment we get to see them run around, play games, and be dangerous.",positive,so for our enjoyment we get to see them run around play games and be dangerous
It even has its sweet moments.,positive,it even has its sweet moments
The telephone repair man was really funny and his reactions to the nuts and bitchy boss were truly genuine.,positive,the telephone repair man was really funny and his reactions to the nuts and bitchy boss were truly genuine
All the characters in this film are tremendously well played.,positive,all the characters in this film are tremendously well played
And I really did find them funny.,positive,and i really did find them funny
This is actually a very smart movie.,positive,this is actually a very smart movie
There is a brilliant twist ending.,positive,there is a brilliant twist ending
""" I love it.",positive,i love it
"The ending is so, SO perfect... you'll shed a tear.",positive,the ending is so so perfect youll shed a tear
I am so thrilled after seeing a movie like this.,positive,i am so thrilled after seeing a movie like this
I will never forget it now.,positive,i will never forget it now
It is not just a cult... it is a cult CLASSIC.,positive,it is not just a cult it is a cult classic
Which has more depth and character than the man underneath it.,negative,which has more depth and character than the man underneath it
The Malta settings are as dry and as barren as the dialogue.,negative,the malta settings are as dry and as barren as the dialogue
This movie is terrible.,negative,this movie is terrible
"The hockey scenes are terrible, defensemen playing like they're 5 years old, goalies diving at shots that are 10 feet wide of the net, etc.",negative,the hockey scenes are terrible defensemen playing like theyre years old goalies diving at shots that are feet wide of the net etc
"For those that haven't seen it, don't waste your time!",negative,for those that havent seen it dont waste your time
To call this movie a drama is ridiculous!,negative,to call this movie a drama is ridiculous
Started watching this but didn't believe in any of the characters.,negative,started watching this but didnt believe in any of the characters
In particular the relationship between the bakery assistant and the waitress just didn't work for me at all.,negative,in particular the relationship between the bakery assistant and the waitress just didnt work for me at all
It was a very superficial movie and it gave me the feeling that I was watching play rather than a film.,negative,it was a very superficial movie and it gave me the feeling that i was watching play rather than a film
The characters were very 'stagey' and the storyline was a lot like a stage farce.,negative,the characters were very stagey and the storyline was a lot like a stage farce
By the time the pyromaniac waylaid the assistant I was bored and didn't care what happened next and so I switched off.,negative,by the time the pyromaniac waylaid the assistant i was bored and didnt care what happened next and so i switched off
Glad I didn't pay to see it.,negative,glad i didnt pay to see it
Didn't laugh or even smile once.,negative,didnt laugh or even smile once
But it wasn't anything at all just one big yawn...,negative,but it wasnt anything at all just one big yawn
It is a really good show to watch.,positive,it is a really good show to watch
It is very educational for children positive to 8 years old.,positive,it is very educational for children positive to years old
Barney is definitely super DE duper.,positive,barney is definitely super de duper
is pretty funny.,positive,is pretty funny
Babie Bop is very cute.,positive,babie bop is very cute
The kids are very cool too.,positive,the kids are very cool too
""" But ""Storm Trooper"" is not even bad enough to make it to the list of wonderfully terrible movies.",negative,but storm trooper is not even bad enough to make it to the list of wonderfully terrible movies
It's just lame.,negative,its just lame
The guy who said he's had better dialogue with his potted plants has it right.,negative,the guy who said hes had better dialogue with his potted plants has it right
Everything about this movie is stupid.,negative,everything about this movie is stupid
"Even if you love bad movies, do not watch this movie.",negative,even if you love bad movies do not watch this movie
It is shameful.,negative,it is shameful
I would give this television series a 10 plus if i could.,positive,i would give this television series a plus if i could
"The writers were ""smack on"" and I think the best actors and actresses were a bonus to the show.These characters were so real.",positive,the writers were smack on and i think the best actors and actresses were a bonus to the showthese characters were so real
I must say I have taped most of the episodes and i find myself watching them over and over again.,positive,i must say i have taped most of the episodes and i find myself watching them over and over again
Now you know why I gave it a 10+!,positive,now you know why i gave it a
"I don't know exactly what it is about this movie, but we latched on to this endearing movie and it has become a special part of our family's memories.",positive,i dont know exactly what it is about this movie but we latched on to this endearing movie and it has become a special part of our familys memories
I totally and absolutely recommend this movie to anyone who likes good wholesome family movies because that is exactly what this is.,positive,i totally and absolutely recommend this movie to anyone who likes good wholesome family movies because that is exactly what this is
The things that the four kids get themselves into is absolutely hilarious to watch.,positive,the things that the four kids get themselves into is absolutely hilarious to watch
This is one of the best movies out there that shows such strong sibling bond for each other.,positive,this is one of the best movies out there that shows such strong sibling bond for each other
"Much more interesting, more action, more suspense, and less of the unneeded controversy.",positive,much more interesting more action more suspense and less of the unneeded controversy
Everything from acting to cinematography was solid.,positive,everything from acting to cinematography was solid
Definitely worth checking out.,positive,definitely worth checking out
Damian is so talented and versatile in so many ways of writing and portraying different Characters on screen.,positive,damian is so talented and versatile in so many ways of writing and portraying different characters on screen
This movie has a cutting edge to it.,positive,this movie has a cutting edge to it
"I am so pleased to know such a modern day genius is out there , letting is passion for Art drive him and taking us as an audience with him.",positive,i am so pleased to know such a modern day genius is out there letting is passion for art drive him and taking us as an audience with him
"The new characters weren't all that memorable, and I found myself forgetting who was who.",negative,the new characters werent all that memorable and i found myself forgetting who was who
I felt as though her going to Ireland did absolutely nothing whatsoever.,negative,i felt as though her going to ireland did absolutely nothing whatsoever
"It didn't make me scared, horrified, or make me sympathetic towards the characters; it was simply annoying.",negative,it didnt make me scared horrified or make me sympathetic towards the characters it was simply annoying
The jerky camera movements were also annoying.,negative,the jerky camera movements were also annoying
The plot was the same as pretty much every other cheap horror.,negative,the plot was the same as pretty much every other cheap horror
"There was a few pathetic attempts to give the characters some depth, but it didn't really work into the rest of the plot.",negative,there was a few pathetic attempts to give the characters some depth but it didnt really work into the rest of the plot
"I guess it was supposed to be clever twist, then shed some light on the situation, but it was just stupid.",negative,i guess it was supposed to be clever twist then shed some light on the situation but it was just stupid
"If you see it, you should probably just leave it on the shelf.",negative,if you see it you should probably just leave it on the shelf
"Elias Koteas,Jack Palance play good roles Angelina is hot and gets naked.Billy Drago appears in this and is cool as usual + a cameo by Sven ole Thorsen helps make this a very enjoyable movie with good acting and a decent budget.",positive,elias koteasjack palance play good roles angelina is hot and gets nakedbilly drago appears in this and is cool as usual a cameo by sven ole thorsen helps make this a very enjoyable movie with good acting and a decent budget
This was such an awesome movie that i bought it off of Ebay.,positive,this was such an awesome movie that i bought it off of ebay
"I really loved the story line and the poler bear was kinda cute.But if anyone has a question about Fort Steele, just ask away:)",positive,i really loved the story line and the poler bear was kinda cutebut if anyone has a question about fort steele just ask away
This totally UNfunny movie is so over the top and pathetic and unrealistic that throughout the whole 90 minutes of utter torture I probably looked at my watch about 70000 times!,negative,this totally unfunny movie is so over the top and pathetic and unrealistic that throughout the whole minutes of utter torture i probably looked at my watch about times
Lucy Bell is so much higher than this crap and for her to sink this low is quite depressing.,negative,lucy bell is so much higher than this crap and for her to sink this low is quite depressing
All this movie does is make you sick watching all these slackers make excuses for their stupid actions for 90 minutes.,negative,all this movie does is make you sick watching all these slackers make excuses for their stupid actions for minutes
"God, and I can never get that 90 minutes back!",negative,god and i can never get that minutes back
"I think the most wonderful parts (literally, full of ""wonder"") are the excerpts from his works.",positive,i think the most wonderful parts literally full of wonder are the excerpts from his works
"The sets (especially designed to work with the camera) are amazing....stylized, beautiful and effective.",positive,the sets especially designed to work with the camera are amazingstylized beautiful and effective
They could be used as exemplars for any set designer.,positive,they could be used as exemplars for any set designer
The stories were powerful explorations of the nature of man and of art.,positive,the stories were powerful explorations of the nature of man and of art
"After watching this film, I wanted to learn more about the works of this artist.",positive,after watching this film i wanted to learn more about the works of this artist
"I highly recommend this movie for anyone interested in art, poetry, theater, politics, or Japanese history.",positive,i highly recommend this movie for anyone interested in art poetry theater politics or japanese history
"Here, in The Wind and the Lion, we see a wonderful rendering of America's own Imperial age.",positive,here in the wind and the lion we see a wonderful rendering of americas own imperial age
") What makes this story different are the terrific production values - faultless photography, composition and editing - the terrific casting - the underappreciated Brian Keith playing a bully Teddy - and vivid history.",positive,what makes this story different are the terrific production values faultless photography composition and editing the terrific casting the underappreciated brian keith playing a bully teddy and vivid history
"Though The Wind and the Lion is told largely through the eyes of the son, every member of the family can identify with one of the characters, whether it be Sean Connery's noble brigand, Candace Bergen's feisty heroine, John Huston's wily John Hay or Steve Kanaly's spiffy, radiant, ruthless can-do lieutenant, Roosevelt's ""Big Stick"".",positive,though the wind and the lion is told largely through the eyes of the son every member of the family can identify with one of the characters whether it be sean connerys noble brigand candace bergens feisty heroine john hustons wily john hay or steve kanalys spiffy radiant ruthless cando lieutenant roosevelts big stick
This is high adventure at its best.,positive,this is high adventure at its best
"I think it was Robert Ryans best film, because he portrayed someone like my father, and he was a schizophrenic in real life,(my father) although he never murdered anyone but was affected more so during the second world war which made him worse.",positive,i think it was robert ryans best film because he portrayed someone like my father and he was a schizophrenic in real lifemy father although he never murdered anyone but was affected more so during the second world war which made him worse
Having to humour him just to get by and get through the day was so apt.,positive,having to humour him just to get by and get through the day was so apt
"(My mother and brother had to do this)When I saw Robert Ryan portraying this type of man, it was a very good imitation of this type of individual, and I was impressed.",positive,my mother and brother had to do thiswhen i saw robert ryan portraying this type of man it was a very good imitation of this type of individual and i was impressed
Almost all of the songs in Cover Girl are old-fashioned and not very tuneful.,negative,almost all of the songs in cover girl are oldfashioned and not very tuneful
The most annoying thing about 'Cover Girl' is the way in which Rita Hayworth is put up on a pedestal.,negative,the most annoying thing about cover girl is the way in which rita hayworth is put up on a pedestal
"Unfortunately, 'Cover Girl' is an example of how Hollywood used to exploit women for financial gain.",negative,unfortunately cover girl is an example of how hollywood used to exploit women for financial gain
Non-linear narration thus many flashbacks and every part are articulated quite well.,positive,nonlinear narration thus many flashbacks and every part are articulated quite well
The good cinematography also makes her and Monica Bellucci look very beautiful.,positive,the good cinematography also makes her and monica bellucci look very beautiful
A good commentary of today's love and undoubtedly a film worth seeing.,positive,a good commentary of todays love and undoubtedly a film worth seeing
"For people who are first timers in film making, I think they did an excellent job!!",positive,for people who are first timers in film making i think they did an excellent job
"It was very popular when I was in the cinema, a good house and very good reactions and plenty of laughs.",positive,it was very popular when i was in the cinema a good house and very good reactions and plenty of laughs
It's a feel-good film and that's how I felt when I came out of the cinema!,positive,its a feelgood film and thats how i felt when i came out of the cinema
It has northern humour and positive about the community it represents.,positive,it has northern humour and positive about the community it represents
I rather enjoyed it.,positive,i rather enjoyed it
I liked it.,positive,i liked it
I couldn't take them seriously.,negative,i couldnt take them seriously
It really created a unique feeling though.,positive,it really created a unique feeling though
Vivian Schilling did an excellent job with the script.,positive,vivian schilling did an excellent job with the script
A world better than 95% of the garbage in the theatres today.,positive,a world better than of the garbage in the theatres today
Her role was played well.,positive,her role was played well
Not too screamy not to masculine but just right.,positive,not too screamy not to masculine but just right
The camera really likes her in this movie.,positive,the camera really likes her in this movie
I would have casted her in that role after ready the script.,positive,i would have casted her in that role after ready the script
"As a European, the movie is a nice throwback to my time as a student in the 1980's and the experiences I had living abroad and interacting with other nationalities, although the circumstances were slightly different.",positive,as a european the movie is a nice throwback to my time as a student in the s and the experiences i had living abroad and interacting with other nationalities although the circumstances were slightly different
I am a fan of his ... This movie sucked really bad.,negative,i am a fan of his this movie sucked really bad
Even worse than Ticker!,negative,even worse than ticker
& That movie was bad.,negative,that movie was bad
"Only like 3 or 4 buildings used, a couple of locations MAYBE, & poor hummh!",negative,only like or buildings used a couple of locations maybe poor hummh
It just blew.,negative,it just blew
"This movie is excellent!Angel is beautiful and Scamp is adorable!His little yelps when hes scared,and the funniest parts are when:Scamp is caught under the curtain and when Angel and Scamp are singing 'Ive Never Had This Feeling Before'.I totally recommend this movie,its coming out on special edition on June 20.The cover has scamp on a garbage can and Angel underneath the lid.",positive,this movie is excellentangel is beautiful and scamp is adorablehis little yelps when hes scaredand the funniest parts are whenscamp is caught under the curtain and when angel and scamp are singing ive never had this feeling beforei totally recommend this movieits coming out on special edition on june the cover has scamp on a garbage can and angel underneath the lid
"I just cant explain this movie more than romantic,charming,hilarious,and adorable.The junkyard scenes are funny,all the junkyard dogs have something special.Too funny i laughed,kids will LOVE it.Buy it when it comes out,it has new features!",positive,i just cant explain this movie more than romanticcharminghilariousand adorablethe junkyard scenes are funnyall the junkyard dogs have something specialtoo funny i laughedkids will love itbuy it when it comes outit has new features
Now we were chosen to be tortured with this disgusting piece of blatant American propaganda.,negative,now we were chosen to be tortured with this disgusting piece of blatant american propaganda
This show is made for Americans - it is too stupid and full with hatred and clichés to be admitted elsewhere.,negative,this show is made for americans it is too stupid and full with hatred and clichs to be admitted elsewhere
"Almost everyone involved must be return to school, acting is utterly predictable and bad, script is pile of garbage all round.",negative,almost everyone involved must be return to school acting is utterly predictable and bad script is pile of garbage all round
"I wish I could enter negative values, admins?",negative,i wish i could enter negative values admins
"The sets are so bad, they wouldn't look out of place on a Thunderbirds episode.",negative,the sets are so bad they wouldnt look out of place on a thunderbirds episode
"The use of slow-motion needlessly repeats itself throughout the movie but is well backed up by bad acting (and bad is a kind word here), no continuity, scenes that are thrown in for no reason whatsoever, vehicles that looked like they were made from a Corn Flakes box and a directorial style that bordered on stupidity.",negative,the use of slowmotion needlessly repeats itself throughout the movie but is well backed up by bad acting and bad is a kind word here no continuity scenes that are thrown in for no reason whatsoever vehicles that looked like they were made from a corn flakes box and a directorial style that bordered on stupidity
"Oh yeah, and the storyline was pathetic too.",negative,oh yeah and the storyline was pathetic too
I hate writing bad reviews about films - especially those in which I really like the star - but this film is so bad I don't believe for one second that anyone could have been proud of it.,negative,i hate writing bad reviews about films especially those in which i really like the star but this film is so bad i dont believe for one second that anyone could have been proud of it
I am not a filmmaker nor am I a director but I would hide my head in the sand if I'd spent whatever amount of money and time on this movie.,negative,i am not a filmmaker nor am i a director but i would hide my head in the sand if id spent whatever amount of money and time on this movie
In short - this was a monumental waste of time and energy and I would not recommend anyone to EVER see this film.,negative,in short this was a monumental waste of time and energy and i would not recommend anyone to ever see this film
It came free with a DVD player I bought but I still turned the thing off halfway through because I was embarrassed for Howell.,negative,it came free with a dvd player i bought but i still turned the thing off halfway through because i was embarrassed for howell
positive/10 - and only because there is no setting for negative/10.,negative,positive and only because there is no setting for negative
"An interesting premise, and Billy Drago is always good as a dangerous nut-bag (side note: I'd love to see Drago, Stephen McHattie and Lance Hendrikson in a flick together; talk about raging cheekbones!).",positive,an interesting premise and billy drago is always good as a dangerous nutbag side note id love to see drago stephen mchattie and lance hendrikson in a flick together talk about raging cheekbones
"The soundtrack wasn't terrible, either.",positive,the soundtrack wasnt terrible either
"But the acting--even that of such professionals as Drago and Debbie Rochon--was terrible, the directing worse (perhaps contributory to the former), the dialog chimp-like, and the camera work, barely tolerable.",negative,but the actingeven that of such professionals as drago and debbie rochonwas terrible the directing worse perhaps contributory to the former the dialog chimplike and the camera work barely tolerable
"Still, it was the SETS that got a big ""10"" on my ""oy-vey"" scale.",positive,still it was the sets that got a big on my oyvey scale
"Yes, I am simplifying things here for the sake of brevity, for this really is at the core of the problems with this film - it has too much going on without any real, fulfilling explanation.",negative,yes i am simplifying things here for the sake of brevity for this really is at the core of the problems with this film it has too much going on without any real fulfilling explanation
Both do good jobs and are quite amusing.,positive,both do good jobs and are quite amusing
"But the convoluted plot just didn't convince me, and much of the film was watched with a weird, questioning glance.",negative,but the convoluted plot just didnt convince me and much of the film was watched with a weird questioning glance
"I let my girlfriend talk me into seeing this - bad idea, we both hated it.",negative,i let my girlfriend talk me into seeing this bad idea we both hated it
The last 15 minutes of movie are also not bad as well.,positive,the last minutes of movie are also not bad as well
"Bela Lugosi was totally extraneous, intoning odd lines.",negative,bela lugosi was totally extraneous intoning odd lines
"The acting was decidely wooden, though no worse than a period Universal B movie.",negative,the acting was decidely wooden though no worse than a period universal b movie
"I like Armand Assante & my cable company's summary sounded interesting, so I watched it, twice already, and probably will again.",positive,i like armand assante my cable companys summary sounded interesting so i watched it twice already and probably will again
I believe the screenwriter did a good job of tying up the loose ends.,positive,i believe the screenwriter did a good job of tying up the loose ends
My 8/10 score is mostly for the plot.,positive,my score is mostly for the plot
"I won't say any more - I don't like spoilers, so I don't want to be one, but I believe this film is worth your time.",positive,i wont say any more i dont like spoilers so i dont want to be one but i believe this film is worth your time
"Wow, what a bad film.",negative,wow what a bad film
"Not frightening in the least, and barely comprehensible.",negative,not frightening in the least and barely comprehensible
"The plot doesn't hang together at all, and the acting is absolutely appalling.",negative,the plot doesnt hang together at all and the acting is absolutely appalling
Not even good for camp value!,negative,not even good for camp value
"I wasn't expecting Oscar material, but this?",negative,i wasnt expecting oscar material but this
You'd have to have the IQ of particularly stupid mollusk not to see that one coming.,negative,youd have to have the iq of particularly stupid mollusk not to see that one coming
This film (and I use that word loosely) is an insult to the movie-going public.,negative,this film and i use that word loosely is an insult to the moviegoing public
If only someone involved with it knew how to string together narrative!,negative,if only someone involved with it knew how to string together narrative
"This gets a positive out of 10, simply because there's nothing lower.",negative,this gets a positive out of simply because theres nothing lower
"This is one I did not have, but I watched it recently on Fox Movie Channel, and was very disappointed.",negative,this is one i did not have but i watched it recently on fox movie channel and was very disappointed
"I know he was a contract player with little control over his scripts, but the acting was as bad as the script.",negative,i know he was a contract player with little control over his scripts but the acting was as bad as the script
"Victor McLaglen was even bad, and Brian DonLevy was almost unrecognizable.",negative,victor mclaglen was even bad and brian donlevy was almost unrecognizable
"Considering the relations off screen between Taylor and Stanwyck, it was surprising how little chemistry there was on screen between the two of them.",negative,considering the relations off screen between taylor and stanwyck it was surprising how little chemistry there was on screen between the two of them
But the premise of the film was so ridiculous: that the President of the U.S.,negative,but the premise of the film was so ridiculous that the president of the us
The death row scenes were entirely unmoving.,negative,the death row scenes were entirely unmoving
The only thing worse than Taylor's acting was Stanwyck's singing.,negative,the only thing worse than taylors acting was stanwycks singing
"Whatever the producer was going for, he missed entirely.",negative,whatever the producer was going for he missed entirely
I was deeply impressed with the character he played.,positive,i was deeply impressed with the character he played
I knew when I saw the film that more great things were to come from this gifted actor.,positive,i knew when i saw the film that more great things were to come from this gifted actor
"A cheap and cheerless heist movie with poor characterisation, lots of underbite style stoic emoting (think Chow Yun Fat in A Better Tomorrow) and some cheesy clichés thrown into an abandoned factory ready for a few poorly executed flying judo rolls a la John Woo.",negative,a cheap and cheerless heist movie with poor characterisation lots of underbite style stoic emoting think chow yun fat in a better tomorrow and some cheesy clichs thrown into an abandoned factory ready for a few poorly executed flying judo rolls a la john woo
Even the squibs look awful.,negative,even the squibs look awful
At no point in the proceedings does it look remotely like America.,negative,at no point in the proceedings does it look remotely like america
"The plot, such as it is, is so derivative and predictable that the ending is like a mercy killing.",negative,the plot such as it is is so derivative and predictable that the ending is like a mercy killing
The awful dialogue and hopeless overacting by everyone who gets shot top off a real waste of space and time.,negative,the awful dialogue and hopeless overacting by everyone who gets shot top off a real waste of space and time
"I was very uneasy with how bad this movie was, but not scared at all.",negative,i was very uneasy with how bad this movie was but not scared at all
The dialogue is composed of things that make little sense.,negative,the dialogue is composed of things that make little sense
"About 30 minutes of footage is wasted to show mediocre elderly actors awkwardly babbling overwrought pseudo-Satanic gibberish corny enough to make a teen Goth blush, almost always in Olde English, and sometimes in Latin that may or may not be made up words.",negative,about minutes of footage is wasted to show mediocre elderly actors awkwardly babbling overwrought pseudosatanic gibberish corny enough to make a teen goth blush almost always in olde english and sometimes in latin that may or may not be made up words
The directing is sloppy at best.,negative,the directing is sloppy at best
"Hackneyed writing, certainly, but made even worse by the bad directing.",negative,hackneyed writing certainly but made even worse by the bad directing
"Of course, the acting is blah.",negative,of course the acting is blah
The acting by the whole cast could be put on a scale and balanced perfectly between overacting and underacting.,negative,the acting by the whole cast could be put on a scale and balanced perfectly between overacting and underacting
"And, FINALLY, after all that, we get to an ending that would've been great had it been handled by competent people and not Jerry Falwell.",negative,and finally after all that we get to an ending that wouldve been great had it been handled by competent people and not jerry falwell
"I loved this movie it was a great portrayal of a family who had it's share of ups and down, but in the end they knew that special love they had for each other.",positive,i loved this movie it was a great portrayal of a family who had its share of ups and down but in the end they knew that special love they had for each other
"I have seen many movies starring Jaclyn Smith, but my god this was one of her best, though it came out 12 years ago.",positive,i have seen many movies starring jaclyn smith but my god this was one of her best though it came out years ago
"This movie contained an all-star cast, and what I loved the most was that it opened my eyes to see other actors who I haven't seen before.",positive,this movie contained an allstar cast and what i loved the most was that it opened my eyes to see other actors who i havent seen before
"This movie was kind of long in length, but I enjoyed every minute of it.",positive,this movie was kind of long in length but i enjoyed every minute of it
Overall I rate this movie a 10 out of a positive-10 scale.,positive,overall i rate this movie a out of a positive scale
"Lifetime does not air it enough, so if anyone knows what store sells it let me know because this is a must-have.",positive,lifetime does not air it enough so if anyone knows what store sells it let me know because this is a musthave
"I particularly remember my senses being assaulted by strident cords of music that would blare out with very little warning, and even less meaning.",negative,i particularly remember my senses being assaulted by strident cords of music that would blare out with very little warning and even less meaning
It is just the sort of pap that is screened in the afternoon to punish the unemployed for not having jobs.,negative,it is just the sort of pap that is screened in the afternoon to punish the unemployed for not having jobs
"Totally different, with loads of understatement and black comedy, this is a film few get to see, but those who do will remember it.",positive,totally different with loads of understatement and black comedy this is a film few get to see but those who do will remember it
"This movie creates its own universe, and is fascinating in every way.",positive,this movie creates its own universe and is fascinating in every way
But this movie really got to me.,positive,but this movie really got to me
See it.,positive,see it
"I really hope the team behind this movie makes more movies, and that they will continue to do so in their own, some kinda weird style.",positive,i really hope the team behind this movie makes more movies and that they will continue to do so in their own some kinda weird style
"And I forgot: The Casting here i superb, with Trond Fausa Aurvåg being perfect in the role as the Bothersome Man, who doesn't understand where he is, what he is doing and why.",positive,and i forgot the casting here i superb with trond fausa aurvg being perfect in the role as the bothersome man who doesnt understand where he is what he is doing and why
This movie is a good and humorous comment on life in 2006.,positive,this movie is a good and humorous comment on life in
"I found this move beautiful, enjoyable, and uplifting.",positive,i found this move beautiful enjoyable and uplifting
"Initially the local sites in the film, which was filmed here in Buffalo, intrigued me.",positive,initially the local sites in the film which was filmed here in buffalo intrigued me
Later I found myself lost in the power of the film.,positive,later i found myself lost in the power of the film
The entire audience applauded at the conclusion of the film.,positive,the entire audience applauded at the conclusion of the film
"I left the theater with a lilt in my step, joy in my heart and hope for the human race.",positive,i left the theater with a lilt in my step joy in my heart and hope for the human race
Duris has a wholesome appearance and gives a fine performance.,positive,duris has a wholesome appearance and gives a fine performance
The rest of the cast also play well.,positive,the rest of the cast also play well
Cinematography noteworthy including fine views of Barcelona and its famed Gaudi towers.,positive,cinematography noteworthy including fine views of barcelona and its famed gaudi towers
About ten minutes into this film I started having second thoughts.,negative,about ten minutes into this film i started having second thoughts
About half way through this film I started to dislike it.,negative,about half way through this film i started to dislike it
"By the time the film ended, I not only disliked it, I despised it.",negative,by the time the film ended i not only disliked it i despised it
What this film lacks is a convincing script.,negative,what this film lacks is a convincing script
The script looks as if only a rough draft was written and shooting began before a finished script was completed.,negative,the script looks as if only a rough draft was written and shooting began before a finished script was completed
"Things happen, characters personalities change, plot twists occur for no real reason other than that script calls for it.",negative,things happen characters personalities change plot twists occur for no real reason other than that script calls for it
The cast is good.,positive,the cast is good
"For that, it's worth checking out.",positive,for that its worth checking out
This is probably the most irritating show I have ever seen in my entire life.,negative,this is probably the most irritating show i have ever seen in my entire life
It is indescribably the most annoying and idiotic show I have ever seen.,negative,it is indescribably the most annoying and idiotic show i have ever seen
Everything about it is just bad.,negative,everything about it is just bad
"I could not understand, what kind of idiot would produce this mess in the first place not to mention several season.",negative,i could not understand what kind of idiot would produce this mess in the first place not to mention several season
"The script is bad, very bad  it contains both cheesiness and unethical joke that you normally see in rated R or NC-17 movie.",negative,the script is bad very bad it contains both cheesiness and unethical joke that you normally see in rated r or nc movie
"The casting is also horrible, cause all you see is a really really BAD Actors, period.",negative,the casting is also horrible cause all you see is a really really bad actors period
Final Word: This Show is a real torture!!,negative,final word this show is a real torture
It is zillion times away from reality.,negative,it is zillion times away from reality
Watching washing machine twirling around wouldn't hurt your eyes as much as this show.,negative,watching washing machine twirling around wouldnt hurt your eyes as much as this show
Rating: negative/10 (Grade: Z) Note: The Show Is So Bad That Even Mother Of The Cast Pull Her Daughter Out Of The Show.,negative,rating negative grade z note the show is so bad that even mother of the cast pull her daughter out of the show
20th Century Fox's ROAD HOUSE 1948) is not only quite a silly noir but is an implausible unmitigated bore of a movie.,negative,th century foxs road house is not only quite a silly noir but is an implausible unmitigated bore of a movie
"Full of unconvincing cardboard characters it is blandly written by Edward Chodorov, who also produced, and is surprisingly directed by Jean Negulesco from whom one would expect a great deal more.",negative,full of unconvincing cardboard characters it is blandly written by edward chodorov who also produced and is surprisingly directed by jean negulesco from whom one would expect a great deal more
From here on the Widmark character turns unintentionally comical!,negative,from here on the widmark character turns unintentionally comical
His losing his marbles so early in the proceedings is totally implausible and unconvincing.,negative,his losing his marbles so early in the proceedings is totally implausible and unconvincing
And if that isn't enough of a mess of a movie for you - the picture is also marred with a constant use of studio sets and indoor exteriors.,negative,and if that isnt enough of a mess of a movie for you the picture is also marred with a constant use of studio sets and indoor exteriors
Whatever prompted such a documentary is beyond me!,negative,whatever prompted such a documentary is beyond me
(very serious spoilers) this movie was a huge disappointment.,negative,very serious spoilers this movie was a huge disappointment
there are so many problems i dont know where to start.,negative,there are so many problems i dont know where to start
the cast was great.,positive,the cast was great
"steve martin delivers a really funny performance of a middle-aged, upper class, uptight white guy.",positive,steve martin delivers a really funny performance of a middleaged upper class uptight white guy
add betty white and jean smart and you have a great cast - everyone played their parts really well.,positive,add betty white and jean smart and you have a great cast everyone played their parts really well
but the movie makes a lot of serious mistakes.,negative,but the movie makes a lot of serious mistakes
"first of all, there are enough racial stereotypes and racial jokes to offend everyone.",negative,first of all there are enough racial stereotypes and racial jokes to offend everyone
the movie is littered with overt racial slurs towards the black cast members and in return the whites are depicted as morons and boobs.,negative,the movie is littered with overt racial slurs towards the black cast members and in return the whites are depicted as morons and boobs
"putting the race card aside, lets look at the major flaw in the film: they destroy latifa's character.",negative,putting the race card aside lets look at the major flaw in the film they destroy latifas character
there is no real plot.,negative,there is no real plot
i wouldnt see this movie again for free.,negative,i wouldnt see this movie again for free
STEAMBOAT WILLIE is an amazingly important film to our cinema history.,positive,steamboat willie is an amazingly important film to our cinema history
This second appearance of Mickey Mouse (following the silent PLANE CRAZY earlier that year) is probably his most famous film--mostly because it was so ground-breaking.,positive,this second appearance of mickey mouse following the silent plane crazy earlier that year is probably his most famous filmmostly because it was so groundbreaking
"While you don't yet hear Mickey speak, there are tons of sound effects and music throughout the film--something we take for granted now but which was a huge crowd pleaser in 1928.",positive,while you dont yet hear mickey speak there are tons of sound effects and music throughout the filmsomething we take for granted now but which was a huge crowd pleaser in
"However, after seeing the short again after about 25 years, I was amazed at how timeless the film actually is.",positive,however after seeing the short again after about years i was amazed at how timeless the film actually is
"It's just adorable seeing Mickey playing ""Turkey in the Straw"" in a highly imaginative (if occasionally cruel) way.",positive,its just adorable seeing mickey playing turkey in the straw in a highly imaginative if occasionally cruel way
Clever and a real crowd-pleaser--this film still ranks among Mickey's best films even after 80 wonderful years.,positive,clever and a real crowdpleaserthis film still ranks among mickeys best films even after wonderful years
"The bipolarity of the ruthless thug (one minute a ruthless killer, the next minute a Luv's diaper commercial) is completely unconvincing.",negative,the bipolarity of the ruthless thug one minute a ruthless killer the next minute a luvs diaper commercial is completely unconvincing
"I'm terribly disappointed that this film would receive so many awards and accolades, especially when there are far more deserving works of film out there.",negative,im terribly disappointed that this film would receive so many awards and accolades especially when there are far more deserving works of film out there
The original Body and Soul (1947) is a masterpiece.,positive,the original body and soul is a masterpiece
"John Garfield, Ann revere, Lilli Plmer, William Conrad, Canada Lee...and filmed by one of the greatest cinematographers to ever grace the screen..James Wong Howe.",positive,john garfield ann revere lilli plmer william conrad canada leeand filmed by one of the greatest cinematographers to ever grace the screenjames wong howe
I don't think there are any redeeming qualities in this remake.,negative,i dont think there are any redeeming qualities in this remake
This may be the only bad film he ever made.,negative,this may be the only bad film he ever made
So bad...well...it's just bad.,negative,so badwellits just bad
"This movie is a solid example of a bad plot and a very, very bad idea all the way.",negative,this movie is a solid example of a bad plot and a very very bad idea all the way
It's a shame to see good actors like Thomerson and James make a living in a mess like this.,negative,its a shame to see good actors like thomerson and james make a living in a mess like this
I thought it was bad.,negative,i thought it was bad
"Both films are terrible, but to the credit of the 1986 version, it was watchable.",negative,both films are terrible but to the credit of the version it was watchable
"Let's start with all the problemsthe acting, especially from the lead professor, was very, very bad.",negative,lets start with all the problemsthe acting especially from the lead professor was very very bad
The script is a big flawed mess.,negative,the script is a big flawed mess
The best example of how dumb the writing is when it's established that you can turn the zombie-students back into humans by removing a necklace containing a piece of the meteorite.,negative,the best example of how dumb the writing is when its established that you can turn the zombiestudents back into humans by removing a necklace containing a piece of the meteorite
"Director Paul Matthews, who also wrote/directed the weak 1995 monster movie ""Grim"", clearly doesn't know how to pace his films.",negative,director paul matthews who also wrotedirected the weak monster movie grim clearly doesnt know how to pace his films
The movie is terribly boring in places.,negative,the movie is terribly boring in places
The lighting is awful.,negative,the lighting is awful
The film looks cheap and bland.,negative,the film looks cheap and bland
One of the most disappointing aspects is the lack of notable gore.,negative,one of the most disappointing aspects is the lack of notable gore
"This convention never worked well in the past, and certainly doesn't work here.",negative,this convention never worked well in the past and certainly doesnt work here
The visual effects were AWFUL.,negative,the visual effects were awful
The CG opening sequence in space looked like it could have been created on Microsoft Slideshow for God's sake!,negative,the cg opening sequence in space looked like it could have been created on microsoft slideshow for gods sake
"The ""explosion"" of the Gas tanks at the end was just as awful.",negative,the explosion of the gas tanks at the end was just as awful
"Okay, I like to consider myself a fair critic, so I'll give credit where credit's due--the creature effects were actually pretty cool.",positive,okay i like to consider myself a fair critic so ill give credit where credits duethe creature effects were actually pretty cool
"Gotta love those close-ups of slimy, drooling teeth!",positive,gotta love those closeups of slimy drooling teeth
"To sum the film up, ""Breeders"" is a terrible, cheaply made horror movie that should be avoided like the Ebola virus.",negative,to sum the film up breeders is a terrible cheaply made horror movie that should be avoided like the ebola virus
Not recommended.,negative,not recommended
"He is almost unbearable to watch on screen, he has little to no charisma, and terrible comedic timing.",negative,he is almost unbearable to watch on screen he has little to no charisma and terrible comedic timing
"Aside from it's terrible lead, this film has loads of other debits.",negative,aside from its terrible lead this film has loads of other debits
"I understand that it's supposed to be a cheap popcorn comedy, but that doesn't mean that it has to completely insult our intelligence, and have writing so incredibly hackneyed that it borders on offensive.",negative,i understand that its supposed to be a cheap popcorn comedy but that doesnt mean that it has to completely insult our intelligence and have writing so incredibly hackneyed that it borders on offensive
"Lewis Black's considerable talent is wasted here too, as he is at his most incendiary when he is unrestrained, which the PG-13 rating certainly won't allow.",negative,lewis blacks considerable talent is wasted here too as he is at his most incendiary when he is unrestrained which the pg rating certainly wont allow
The film's sole bright spot was Jonah Hill (who will look almost unrecognizable to fans of the recent Superbad due to the amount of weight he lost in the interim).,positive,the films sole bright spot was jonah hill who will look almost unrecognizable to fans of the recent superbad due to the amount of weight he lost in the interim
"With the originality and freshness of the first movie now spent, this remake had little else to offer.",negative,with the originality and freshness of the first movie now spent this remake had little else to offer
The budget was evidently very limited.,negative,the budget was evidently very limited
"This was reflected not only in the cast, but also in the below-par script, which borrowed much from the earlier classic.",negative,this was reflected not only in the cast but also in the belowpar script which borrowed much from the earlier classic
"However, here there was no decent acting, action or location work to balance things up.",negative,however here there was no decent acting action or location work to balance things up
Filmiing was less expansive.,negative,filmiing was less expansive
It failed to convey the broad sweep of landscapes that were a great part of the original.,negative,it failed to convey the broad sweep of landscapes that were a great part of the original
Generally; it just lacked imagination.,negative,generally it just lacked imagination
Not recommended.,negative,not recommended
Is it possible for a movie to get any worse than this?,negative,is it possible for a movie to get any worse than this
There is no plot here to keep you going in the first place.,negative,there is no plot here to keep you going in the first place
"Even when the women finally show up, there is no sign of improvement; the most expected things happen and by the time the film is over, you might be far asleep.",negative,even when the women finally show up there is no sign of improvement the most expected things happen and by the time the film is over you might be far asleep
"Beware: this is not a trashy cult movie, this is trash -period!",negative,beware this is not a trashy cult movie this is trash period
I can't believe there's even a sequel to this!,negative,i cant believe theres even a sequel to this
Which is precisely why I am giving it such a bad review!,negative,which is precisely why i am giving it such a bad review
"Being a 90's child, I truly enjoyed this show and I can proudly say that I enjoyed it big time and even more than the classical WB cartoons.",positive,being a s child i truly enjoyed this show and i can proudly say that i enjoyed it big time and even more than the classical wb cartoons
"But ""Tiny Toons"" kept the 90's vibe and delivered one of the most popular, funny, and underrated cartoons ever created.",positive,but tiny toons kept the s vibe and delivered one of the most popular funny and underrated cartoons ever created
The memories are murky but I can only say that I enjoyed every single episode and product related to the show.,positive,the memories are murky but i can only say that i enjoyed every single episode and product related to the show
"Easily, none other cartoon made me laugh in a tender way (before getting into dark sitcoms oriented for teenagers).",positive,easily none other cartoon made me laugh in a tender way before getting into dark sitcoms oriented for teenagers
The characters were all funny and had the peculiarity of not having a true lead character.,positive,the characters were all funny and had the peculiarity of not having a true lead character
Every single character was hilarious and deserved to be called a lead.,positive,every single character was hilarious and deserved to be called a lead
"Every element of this story was so over the top, excessively phony and contrived that it was painful to sit through.",negative,every element of this story was so over the top excessively phony and contrived that it was painful to sit through
"Her lines seem to have been WRITTEN by a fifteen year old, though they are trying oh so, so hard to sound like how a fifteen year old would really, um, you know, well... talk.",negative,her lines seem to have been written by a fifteen year old though they are trying oh so so hard to sound like how a fifteen year old would really um you know well talk
Perabo has a nice energy level and is obviously very comfortable in front of a camera.,positive,perabo has a nice energy level and is obviously very comfortable in front of a camera
There is simply no excuse for something this poorly done.,negative,there is simply no excuse for something this poorly done
I saw this movie and I thought this is a stupid movie.,negative,i saw this movie and i thought this is a stupid movie
What is even more stupid is that who had thought an idea that there should be a volcano in Los Angeles?,negative,what is even more stupid is that who had thought an idea that there should be a volcano in los angeles
"To be honest with you, this is unbelievable nonsense and very foolish.",negative,to be honest with you this is unbelievable nonsense and very foolish
"In conclusion, I will not bother with this movie because a volcano in Los Angeles is nothing but nonsense.",negative,in conclusion i will not bother with this movie because a volcano in los angeles is nothing but nonsense
The story line is just awful!,negative,the story line is just awful
It's just painful!,negative,its just painful
And the accents are absolutely abysmal!,negative,and the accents are absolutely abysmal
There's also enough hypocrisy in this film to make me vomit.,negative,theres also enough hypocrisy in this film to make me vomit
Don't waste your time watching this rubbish non-researched film.,negative,dont waste your time watching this rubbish nonresearched film
I believe that Pitch Black was done well.,positive,i believe that pitch black was done well
"The characters are interesting and you want to find out more about them the longer the movie goes on, and I think people will be surprised by who does and doesn't make it.",positive,the characters are interesting and you want to find out more about them the longer the movie goes on and i think people will be surprised by who does and doesnt make it
Go watch it!,positive,go watch it
Omit watching this.,negative,omit watching this
VERY funny!,positive,very funny
My rating: just 3 out of 10.,negative,my rating just out of
The characters are interesting and you really care for them.,positive,the characters are interesting and you really care for them
"An instant classic, with a great soundtrack and a catchy song during the ending credits.",positive,an instant classic with a great soundtrack and a catchy song during the ending credits
Don't miss it.,positive,dont miss it
"This is a masterful piece of film-making, with many themes simmering and occasionally boiling over in this warts and all study of the poet's bohemian, self-indulgent wartime years that span the aerial bombardments of London and the outward tranquillity of a Welsh coastal retreat - the borderlines between friendship, lust and love, dedication to art and experience versus practical concerns, jealousy, rivalry, cowardice and egotism versus heroism and self-sacrifice and more.",positive,this is a masterful piece of filmmaking with many themes simmering and occasionally boiling over in this warts and all study of the poets bohemian selfindulgent wartime years that span the aerial bombardments of london and the outward tranquillity of a welsh coastal retreat the borderlines between friendship lust and love dedication to art and experience versus practical concerns jealousy rivalry cowardice and egotism versus heroism and selfsacrifice and more
"A mature, subtle script that suggests and occasionally brings into dramatic focus the underlying tensions is well served by perfect performances (apart from the odd inappropriate smiling that Keira Knightley is prone to, though perhaps under direction this time as the other characters themselves often mention it).",positive,a mature subtle script that suggests and occasionally brings into dramatic focus the underlying tensions is well served by perfect performances apart from the odd inappropriate smiling that keira knightley is prone to though perhaps under direction this time as the other characters themselves often mention it
"But above all the exquisite visual composition of each moment, with inventive and elegant use of close-up, camera angle and lighting, including pointillistic faux home movie footage, is a wonder and joy to behold.",positive,but above all the exquisite visual composition of each moment with inventive and elegant use of closeup camera angle and lighting including pointillistic faux home movie footage is a wonder and joy to behold
"It's as continuously beautiful to look at as a Bertolucci, but the relationships here are more convincing and the narrative more engaging than some of that master's work.",positive,its as continuously beautiful to look at as a bertolucci but the relationships here are more convincing and the narrative more engaging than some of that masters work
The basic premise is wasted since it is sidelined by the inexplicable focus on the documentary crew.,negative,the basic premise is wasted since it is sidelined by the inexplicable focus on the documentary crew
"Regardless, the film fails on most levels.",negative,regardless the film fails on most levels
Avoid at all costs.,negative,avoid at all costs
"I saw this film over Christmas, and what a great film it was!",positive,i saw this film over christmas and what a great film it was
I thought Errol Flynn was brilliant as Custer and has since become my favourite actor!,positive,i thought errol flynn was brilliant as custer and has since become my favourite actor
His acting alongside Olivia De Havilland was brilliant and the ending was fantastic!,positive,his acting alongside olivia de havilland was brilliant and the ending was fantastic
"I had always known that Errol Flynn was a brilliant actor as he was my dads favourite actor, and I grew up watching his films as a child.",positive,i had always known that errol flynn was a brilliant actor as he was my dads favourite actor and i grew up watching his films as a child
But it wasn't until I watched this film that I realised how great he actually was.,positive,but it wasnt until i watched this film that i realised how great he actually was
I'll give this film 10 out of 10!,positive,ill give this film out of
"I know that Jim O'Connor was very energetic and that nobody could be as much as him, but George was well dull.",negative,i know that jim oconnor was very energetic and that nobody could be as much as him but george was well dull
"He really didn't seem to want to be hosting; his voice-overs were monotonous, didn't get involved with the guests.",negative,he really didnt seem to want to be hosting his voiceovers were monotonous didnt get involved with the guests
"Lovely little thriller from Hitchcock, with lots of nice shenanigans surrounding a murdered spy, a kidnapped child, a nasty church, a foreign plot and some random taxidermists.",positive,lovely little thriller from hitchcock with lots of nice shenanigans surrounding a murdered spy a kidnapped child a nasty church a foreign plot and some random taxidermists
"Jimmy Stewart is as ever a great hero for Hitchcock, the story rips along to its cool climax at an embassy function, but it lacks the brooding menace of Hitchcock's black and white, low-budget original.",positive,jimmy stewart is as ever a great hero for hitchcock the story rips along to its cool climax at an embassy function but it lacks the brooding menace of hitchcocks black and white lowbudget original
Nevertheless yet another wonderful film from the great master's stable.,positive,nevertheless yet another wonderful film from the great masters stable
I have to say that this film was excellently produced and tops the ratings as a typical sci fi film!,positive,i have to say that this film was excellently produced and tops the ratings as a typical sci fi film
Excellently produced by one of Sci-fi's best producers Scot Vandiver !,positive,excellently produced by one of scifis best producers scot vandiver
"But it is entertaining, nonetheless.",positive,but it is entertaining nonetheless
It's a campy sort of film that's a joy to watch.,positive,its a campy sort of film thats a joy to watch
There's barely a boring moment in the film and there are plenty of humorous parts.,positive,theres barely a boring moment in the film and there are plenty of humorous parts
The cast is always entertaining as usual.,positive,the cast is always entertaining as usual
"Overall, a delight!",positive,overall a delight
"This movie is so mind-bendingly awful, it couldn't have even been created.",negative,this movie is so mindbendingly awful it couldnt have even been created
The film lacks any real scares or tension & some of the medical terminology used throughout is a bit iffy to say the least & I say that as an insulin dependant diabetic myself.,negative,the film lacks any real scares or tension some of the medical terminology used throughout is a bit iffy to say the least i say that as an insulin dependant diabetic myself
The least said about the acting the better.,negative,the least said about the acting the better
This movie does an excellent job of revealing the complexity of the task and the incredible challenges facing South Africa.,positive,this movie does an excellent job of revealing the complexity of the task and the incredible challenges facing south africa
I believe every one should see this movie as I think few people outside of South Africa understand its past and what is being attempted in the Truth and Reconciliation process.,positive,i believe every one should see this movie as i think few people outside of south africa understand its past and what is being attempted in the truth and reconciliation process
Nothing short of magnificent photography/cinematography in this film.,positive,nothing short of magnificent photographycinematography in this film
"The acting is fantastic, the stories are seamlessly woven together, and the dogs are splendid............. A must rent, view, or see.",positive,the acting is fantastic the stories are seamlessly woven together and the dogs are splendid a must rent view or see
Don't be afraid of subtitles........ its worth a little aversion therapy 10/10,positive,dont be afraid of subtitles its worth a little aversion therapy
Excellent performance.,positive,excellent performance
There still are good actors around!,positive,there still are good actors around
Also great directing and photography.,positive,also great directing and photography
"Very true to Shakespear, and a 'must' for all Shakespear fans.",positive,very true to shakespear and a must for all shakespear fans
"Macbeth (Jason Connery) moved me to tears with his final monolog (out brief candle, out)He gave the sphere of moral decay and dark forces a human face, which makes it the more interesting.",positive,macbeth jason connery moved me to tears with his final monolog out brief candle outhe gave the sphere of moral decay and dark forces a human face which makes it the more interesting
"Helen Baxendale is a very credible lady Macbeth who can be very cheerfull at times and sometimes she just looks like a naughty girl, but deadly in her taste for blood and evil.",positive,helen baxendale is a very credible lady macbeth who can be very cheerfull at times and sometimes she just looks like a naughty girl but deadly in her taste for blood and evil
"If you love death and decay, and Shakespears lyrics... this is the one.",positive,if you love death and decay and shakespears lyrics this is the one
"This is a witty and delightful adaptation of the Dr Seuss book, brilliantly animated by UPA's finest and thoroughly deserving of its Academy Award.",positive,this is a witty and delightful adaptation of the dr seuss book brilliantly animated by upas finest and thoroughly deserving of its academy award
"Special mention should be made of the superb music score and sound effects, which are an integral element in helping to make this such a memorable and enjoyable cartoon.",positive,special mention should be made of the superb music score and sound effects which are an integral element in helping to make this such a memorable and enjoyable cartoon
"However Paul Schrader has indeed made a film ""about"" Mishima that is both superb & complex.",positive,however paul schrader has indeed made a film about mishima that is both superb complex
Also notable is John Bailey's fine crisp beautifully colored cinematography and the great production design & costumes by Eiko Ishioka who went on to do the memorable costumes for Coppola's Dracula for which she received a well deserved Oscar.,positive,also notable is john baileys fine crisp beautifully colored cinematography and the great production design costumes by eiko ishioka who went on to do the memorable costumes for coppolas dracula for which she received a well deserved oscar
"Even allowing for poor production values for the time (1971) and the format (some kind of mini-series), this is baaaaaad.",negative,even allowing for poor production values for the time and the format some kind of miniseries this is baaaaaad
"Unless you're just out to visually ""collect"" all extant films of Austen's work, you can skip this one.",negative,unless youre just out to visually collect all extant films of austens work you can skip this one
"If you do watch it, however, there are small consolations: The actresses playing Anne's sisters each do a wonderful job with their roles.",positive,if you do watch it however there are small consolations the actresses playing annes sisters each do a wonderful job with their roles
It is not good.,negative,it is not good
"Speaking of the music, it is unbearably predictably and kitchy.",negative,speaking of the music it is unbearably predictably and kitchy
Then the film just dropped the ball.,negative,then the film just dropped the ball
This is a stunning movie.,positive,this is a stunning movie
Raw and sublimely moving.,positive,raw and sublimely moving
"It felt like a very gripping, intelligent stage play (but without the overly theatrical feeling one actually gets from watching people on a stage) which plays on everyone's terror of a white lie escalating to monstrous consequences.",positive,it felt like a very gripping intelligent stage play but without the overly theatrical feeling one actually gets from watching people on a stage which plays on everyones terror of a white lie escalating to monstrous consequences
All of the main players are mesmerising.,positive,all of the main players are mesmerising
Tom Wilkinson broke my heart at the end... and everyone else's judging by the amount of fumbling for hankies and hands going up to faces among males and females alike.,positive,tom wilkinson broke my heart at the end and everyone elses judging by the amount of fumbling for hankies and hands going up to faces among males and females alike
Julian Fellowes has triumphed again.,positive,julian fellowes has triumphed again
He's a national treasure.,positive,hes a national treasure
GO AND SEE IT!,positive,go and see it
This is an excellent film.,positive,this is an excellent film
The aerial scenes were well-done.,positive,the aerial scenes were welldone
It was also the right balance of war and love.,positive,it was also the right balance of war and love
"The film gives meaning to the phrase, ""Never in the history of human conflict has so much been owed by so many to so few.",positive,the film gives meaning to the phrase never in the history of human conflict has so much been owed by so many to so few
Kris Kristoffersen is good in this movie and really makes a difference.,positive,kris kristoffersen is good in this movie and really makes a difference
A good film by a great director!,positive,a good film by a great director
This is definitely one of the better documentaries I have seen looking at family relationships and marriage.,positive,this is definitely one of the better documentaries i have seen looking at family relationships and marriage
"There are many continuity errors: one other user commented on different cars in the garage, Joe's glasses...the one that got to me the most was the fact Joe's facial hair configuration seemed to change from scene to scene.",negative,there are many continuity errors one other user commented on different cars in the garage joes glassesthe one that got to me the most was the fact joes facial hair configuration seemed to change from scene to scene
This is just a great movie.,positive,this is just a great movie
10 out of 10 stars.,positive,out of stars
I can't see how this movie can be an inspiration to anyone to come out or overcome fear and rejection.,negative,i cant see how this movie can be an inspiration to anyone to come out or overcome fear and rejection
It's so bad it's actually worth seeing just for that reason.,negative,its so bad its actually worth seeing just for that reason
Punishment Park is a brilliant piece of cinema.,positive,punishment park is a brilliant piece of cinema
"Shot in the Southern California desert using his patent faux documentary style, Watkins creates a film like no other.",positive,shot in the southern california desert using his patent faux documentary style watkins creates a film like no other
This is one of Peter Watkins most accessible films.,positive,this is one of peter watkins most accessible films
I advise you to look out for it.,positive,i advise you to look out for it
You wont regret it!,positive,you wont regret it
Highly recommended A+,positive,highly recommended a
Well... Just if you keep thinking how bad it is.,negative,well just if you keep thinking how bad it is
"It's a mediocre, miserable, hollow, laughable and predictable piece of garbage.",negative,its a mediocre miserable hollow laughable and predictable piece of garbage
It's a case of 'so bad it is laughable'.,negative,its a case of so bad it is laughable
") very bad performance plays Angela Bennett, a computer expert who is at home all the time.",negative,very bad performance plays angela bennett a computer expert who is at home all the time
"It is a film about nothing, just a pretext to show ridiculous action scenes.",negative,it is a film about nothing just a pretext to show ridiculous action scenes
How awful she is!,negative,how awful she is
"But she is still a bad actress, repeating her robotic face moves in each of her pictures.",negative,but she is still a bad actress repeating her robotic face moves in each of her pictures
"The results, well, are a shame.",negative,the results well are a shame
DELETE this film from your mind!,negative,delete this film from your mind
One of the worst shows of all time.,negative,one of the worst shows of all time
The show would begin with smart ass ed comments to each other that would be totally off the wall and uncalled for.,negative,the show would begin with smart ass ed comments to each other that would be totally off the wall and uncalled for
"The fat computer geek was unbelievable, the bible thumper, the bad-ass girl, who are these actors???",negative,the fat computer geek was unbelievable the bible thumper the badass girl who are these actors
Never heard of any of them except Cole who was totally unbelievable in the part.,negative,never heard of any of them except cole who was totally unbelievable in the part
"Every time he opened his mouth you expect to hear, ""you see kids..."" Pulling the plug was a mercy killing for this horrible show.",negative,every time he opened his mouth you expect to hear you see kids pulling the plug was a mercy killing for this horrible show
The stories were as unbelievable as the actors.,negative,the stories were as unbelievable as the actors
Lame would be the best way to describe it.,negative,lame would be the best way to describe it
"Stanwyck and Morgan are perfectly cast in what is, in many ways, a modern equivalent of Dickens' Christmas Carol in its sensibility.",positive,stanwyck and morgan are perfectly cast in what is in many ways a modern equivalent of dickens christmas carol in its sensibility
The success of the film depends on the casting of Sydney Greenstreet as the Alexander Yardley character.,positive,the success of the film depends on the casting of sydney greenstreet as the alexander yardley character
The attractive set used throughout most of the film is an eye-pleasing gem.,positive,the attractive set used throughout most of the film is an eyepleasing gem
"Im big fan of RPG games too, but this movie, its a disgrace to any self-respecting RPGer there is.",negative,im big fan of rpg games too but this movie its a disgrace to any selfrespecting rpger there is
"The lines, the cuts, the audio, everything is wrong.",negative,the lines the cuts the audio everything is wrong
You can find better movies at youtube.,negative,you can find better movies at youtube
"Top line: Don't waste your time and money on this one, its as bad as it comes.",negative,top line dont waste your time and money on this one its as bad as it comes
"A Lassie movie which should have been ""put to sleep"".... FOREVER.",negative,a lassie movie which should have been put to sleep forever
That's how I'd describe this painfully dreary time-waster of a film.,negative,thats how id describe this painfully dreary timewaster of a film
"So mediocre in every aspect that it just becomes a dull, uninteresting mess, this is one of the most forgettable movies I've seen.",negative,so mediocre in every aspect that it just becomes a dull uninteresting mess this is one of the most forgettable movies ive seen
"It isn't even an achievement as a ""so-bad-it's-good"" or ""so-bad-it's-memorable"" movie.",negative,it isnt even an achievement as a sobaditsgood or sobaditsmemorable movie
"It's an empty, hollow shell of a movie.",negative,its an empty hollow shell of a movie
"Seriously, it's not worth wasting your, or your kid's time on.",negative,seriously its not worth wasting your or your kids time on
"Avoid, avoid, avoid!",negative,avoid avoid avoid
It will drive you barking mad!,negative,it will drive you barking mad
The transfers are very good.,positive,the transfers are very good
Very nice and relaxing late night viewing.,positive,very nice and relaxing late night viewing
The movie is full of wonderful dancing (hence the title!,positive,the movie is full of wonderful dancing hence the title
") some great music, and terrific scenery.",positive,some great music and terrific scenery
"It handles some tough issues with dignity and grace, and, of course, has (shocking spoiler here!",positive,it handles some tough issues with dignity and grace and of course has shocking spoiler here
") a happy, wonderful, feel good ending!",positive,a happy wonderful feel good ending
"The point is the journey, a journey that touches every member of the family.",positive,the point is the journey a journey that touches every member of the family
It's one of the movies I need to see whenever it comes on TV...never mind the fact that I already have it memorized!,positive,its one of the movies i need to see whenever it comes on tvnever mind the fact that i already have it memorized
Nothing new there.,negative,nothing new there
That was done in the second movie.,negative,that was done in the second movie
The movie has almost no action scenes in it and very little comedy.,negative,the movie has almost no action scenes in it and very little comedy
The plot has more holes than a pair of fishnet stockings and the direction and editing is astonishingly ham fisted.,negative,the plot has more holes than a pair of fishnet stockings and the direction and editing is astonishingly ham fisted
What on earth is Irons doing in this film?,negative,what on earth is irons doing in this film
I just saw this film and I recommend it.,positive,i just saw this film and i recommend it
"It has a very good plot, it holds your complete attention, the acting is superb, Tom Wilkinson was fantastic and Emily Watson was also very good.",positive,it has a very good plot it holds your complete attention the acting is superb tom wilkinson was fantastic and emily watson was also very good
"A very good film indeed, about great and unconditional love.",positive,a very good film indeed about great and unconditional love
"Tom Wilkinson's character is a man who is not prepared for the ordeal that is about to begin, but he takes the matter in hand as the story progresses, and this great actor gives a performance that makes you feel the character's anguish and suffering.",positive,tom wilkinsons character is a man who is not prepared for the ordeal that is about to begin but he takes the matter in hand as the story progresses and this great actor gives a performance that makes you feel the characters anguish and suffering
"Emily Watson's character is very strong, and she has only to give a quick glance and you understand everything.",positive,emily watsons character is very strong and she has only to give a quick glance and you understand everything
"Despite the pans of reviewers, I liked this movie.",positive,despite the pans of reviewers i liked this movie
"In fact, I liked it better than Interview With a Vampire and I liked this Lestat (Stuart Townsend) better than Cruise's attempt.",positive,in fact i liked it better than interview with a vampire and i liked this lestat stuart townsend better than cruises attempt
"Aailiyah was pretty good as Akasha, in places compelling (her first entrance and mini dance scene).",positive,aailiyah was pretty good as akasha in places compelling her first entrance and mini dance scene
"I'm a big fan of this series mostly due to Anne Rice's style, sensitivities and treatments.",positive,im a big fan of this series mostly due to anne rices style sensitivities and treatments
I guess I liked the details of his dysfunction--he was believable.,positive,i guess i liked the details of his dysfunctionhe was believable
The football scenes at the end were perplexing.,negative,the football scenes at the end were perplexing
But I thought his acting was skilled.,positive,but i thought his acting was skilled
Meredith M was better than all right.,positive,meredith m was better than all right
A very charming film with wonderful sentiment and heart.,positive,a very charming film with wonderful sentiment and heart
It is rare when a film-maker takes the time to tell a worthy moral tale with care and love that doesn't fall into the trap of being overly syrupy or over indulgent.,positive,it is rare when a filmmaker takes the time to tell a worthy moral tale with care and love that doesnt fall into the trap of being overly syrupy or over indulgent
Nine out of ten for a truly lovely film.,positive,nine out of ten for a truly lovely film
This early film from future goremeister Lucio Fulci is a very good addition to the giallo sub-genre.,positive,this early film from future goremeister lucio fulci is a very good addition to the giallo subgenre
This is one of the best Italian thrillers of the early 70's.,positive,this is one of the best italian thrillers of the early s
A standout scene.,positive,a standout scene
This scene is very strong and unpleasant.,negative,this scene is very strong and unpleasant
"Technically, the film is well made with impressive camera-work, solid acting and effective music from Riz Ortolani  particularly good is a recurring unaccompanied female vocal that sounds like it's coming from a distant hill.",positive,technically the film is well made with impressive camerawork solid acting and effective music from riz ortolani particularly good is a recurring unaccompanied female vocal that sounds like its coming from a distant hill
It's still wild stuff though and is highly recommended to fans of giallo cinema.,positive,its still wild stuff though and is highly recommended to fans of giallo cinema
The movie was very interesting from beginning to the end.,positive,the movie was very interesting from beginning to the end
I liked the way Dustin Hoffman's character was ready to do just about everything to stay with his son.,positive,i liked the way dustin hoffmans character was ready to do just about everything to stay with his son
This movie is also revealing.,positive,this movie is also revealing
"Personally, I think it shows that people should learn to find a compromise them self without involving other people into issue.",positive,personally i think it shows that people should learn to find a compromise them self without involving other people into issue
And it was boring.,negative,and it was boring
"I am so tired of clichés that is just lazy writing, and here they come in thick and fast.",negative,i am so tired of clichs that is just lazy writing and here they come in thick and fast
PS the only scene in the movie that was cool is when the central character finds her room blown up.,positive,ps the only scene in the movie that was cool is when the central character finds her room blown up
"It's a fresh, subtle, and rather sublime effect.",positive,its a fresh subtle and rather sublime effect
"An Italian reviewer called this ""a small, great film,"" and that's right.",positive,an italian reviewer called this a small great film and thats right
"All the actors give a wonderful performance, especially Jennifer Rubin as Jamie Harris, who changes from the nervous starlet in the beginning through the strange events she is part of to the cool star.",positive,all the actors give a wonderful performance especially jennifer rubin as jamie harris who changes from the nervous starlet in the beginning through the strange events she is part of to the cool star
"You learn a lot about the real inside emotions of people in this movie, and a lot about the movie business itself.",positive,you learn a lot about the real inside emotions of people in this movie and a lot about the movie business itself
"The movie in movie situations in the beginning and through the game that is played with her by the ""acting coach"" are fascinating.",positive,the movie in movie situations in the beginning and through the game that is played with her by the acting coach are fascinating
Also the music by Mark Snow is possibly the best score I've ever heard.,positive,also the music by mark snow is possibly the best score ive ever heard
You won't forget this movie!,positive,you wont forget this movie
Why was this film made?,negative,why was this film made
The film has an ultra-cheap look to it.,negative,the film has an ultracheap look to it
The result is a film that just don't look right.,negative,the result is a film that just dont look right
None of them are engaging or exciting.,negative,none of them are engaging or exciting
The plot is nonsense that doesn't interest in the slightest way or have any uniqueness to it.,negative,the plot is nonsense that doesnt interest in the slightest way or have any uniqueness to it
The Foreigner is not worth one second of your time.,negative,the foreigner is not worth one second of your time
"I saw it as a child on TV back in 1973, when it was ""The Stranger"" and I loved it.",positive,i saw it as a child on tv back in when it was the stranger and i loved it
But the duet between the astronaut and his doctor at the beginning of the movie is a perfect exchange if one considers that this movie was made well into the Cold War and the astronaut's biggest fear is that he has crashed in the USSR.,positive,but the duet between the astronaut and his doctor at the beginning of the movie is a perfect exchange if one considers that this movie was made well into the cold war and the astronauts biggest fear is that he has crashed in the ussr
This movie is so awesome!,positive,this movie is so awesome
"I loved it, it was really scary.",positive,i loved it it was really scary
I love the Scream movies and all horror movies and this one ranks way up there.,positive,i love the scream movies and all horror movies and this one ranks way up there
If you want a real scare rent this one!,positive,if you want a real scare rent this one
10/10,positive,
This is an extraordinary film.,positive,this is an extraordinary film
"As a courtroom drama, it's compelling, as an indictment on the American justice system, it's frightening.",positive,as a courtroom drama its compelling as an indictment on the american justice system its frightening
"This film highlights the fundamental flaws of the legal process, that it's not about discovering guilt or innocence, but rather, is about who presents better in court.",positive,this film highlights the fundamental flaws of the legal process that its not about discovering guilt or innocence but rather is about who presents better in court
"The film is well paced, understated and one of the best courtroom documentaries I've seen.",positive,the film is well paced understated and one of the best courtroom documentaries ive seen
This mostly routine fact-based TV drama gets a boost from the fine performance by Cole.,positive,this mostly routine factbased tv drama gets a boost from the fine performance by cole
"Predictable, but not a bad watch.",positive,predictable but not a bad watch
It was clear that she had the range and ability to pull off this part.,positive,it was clear that she had the range and ability to pull off this part
She carries the movie well.,positive,she carries the movie well
Constantine gives everything the right intensity and seems to have a good understanding of the underlying psychological motivations.,positive,constantine gives everything the right intensity and seems to have a good understanding of the underlying psychological motivations
"It is wonderful and inspiring to watch, and I hope that it gets released again on to video or DVD.",positive,it is wonderful and inspiring to watch and i hope that it gets released again on to video or dvd
"How this piece of trash was ever released is beyond me: the acting, the story, the characters, the supposedly special effects, etc...it's ALL wrong.",negative,how this piece of trash was ever released is beyond me the acting the story the characters the supposedly special effects etcits all wrong
"In fact, this stinker smells like a direct-to-video release.",negative,in fact this stinker smells like a directtovideo release
Avoid at ALL costs!,negative,avoid at all costs
Star Trek V The final Frontier is the worst in the series.,negative,star trek v the final frontier is the worst in the series
"The acting from all involved and that includes those like Shatner and Nimoy is bad and washed out and making them seem as old as they look in real life, the special effects are tacky like when Spock has to rescue Kirk on a jet pack when he falls down from a mountain.",negative,the acting from all involved and that includes those like shatner and nimoy is bad and washed out and making them seem as old as they look in real life the special effects are tacky like when spock has to rescue kirk on a jet pack when he falls down from a mountain
The attempts at humor were pitiful and story is so awful it dosen't bear thinking about which basically involves a Vulcan stealing the Enterprise to find god (seriously) I just didn't care about any of this film and oh not to mention Uhura does a belly dance to distract male guards.,negative,the attempts at humor were pitiful and story is so awful it dosent bear thinking about which basically involves a vulcan stealing the enterprise to find god seriously i just didnt care about any of this film and oh not to mention uhura does a belly dance to distract male guards
The only place good for this film is in the garbage.,negative,the only place good for this film is in the garbage
The worst one of the series.,negative,the worst one of the series
Editing: The editing of this film was phenomenal in my opinion.,positive,editing the editing of this film was phenomenal in my opinion
"When a song could explain the emotions of the subjects better, such as when Jay Adams' unfortunate life was a subject of talk, the song Old Man by Neil Young was played, which evokes many emotions.",positive,when a song could explain the emotions of the subjects better such as when jay adams unfortunate life was a subject of talk the song old man by neil young was played which evokes many emotions
Cinematography: The film was shot in an interesting way.,positive,cinematography the film was shot in an interesting way
"Of course the footage from the 70s was grainy, but that only enhanced the film.",positive,of course the footage from the s was grainy but that only enhanced the film
This film offers many delights and surprises.,positive,this film offers many delights and surprises
"When Achille and Philippa beautifully sing a duet from ""Don Giovanni"" that perfectly describes their situation in the movie, you appreciate the subtle layers of this excellent film.",positive,when achille and philippa beautifully sing a duet from don giovanni that perfectly describes their situation in the movie you appreciate the subtle layers of this excellent film
The story unfolds in 18th century Jutland and the use of period music played on period instruments is just one more fine touch.,positive,the story unfolds in th century jutland and the use of period music played on period instruments is just one more fine touch
You share General Loewenhielm's exquisite joy in his partaking of the Cailles en Sarcophage even though you are just watching a movie - but you do wish for just a small sample to savor.,positive,you share general loewenhielms exquisite joy in his partaking of the cailles en sarcophage even though you are just watching a movie but you do wish for just a small sample to savor
But this understated film leaves a lasting impression.,positive,but this understated film leaves a lasting impression
The warmth it generates is in contrast to its austere backdrop.,positive,the warmth it generates is in contrast to its austere backdrop
You will leave the theater wanting to go out and dance under the stars.,positive,you will leave the theater wanting to go out and dance under the stars
"The acting, as you'd expect from this cast, is top notch.",positive,the acting as youd expect from this cast is top notch
"The characters are fleshed out surprisingly well, particularly Grimes and Blake, and all the actors deliver their sharply scripted lines with just the right amount of deadpan tongue in cheek to make the dialogue both hilarious and realistic.",positive,the characters are fleshed out surprisingly well particularly grimes and blake and all the actors deliver their sharply scripted lines with just the right amount of deadpan tongue in cheek to make the dialogue both hilarious and realistic
"Angus Scrimm also turns in a good performance in a somewhat brief but memorable role as the gently menacing, violin-playing anatomist Doctor Quinn.",positive,angus scrimm also turns in a good performance in a somewhat brief but memorable role as the gently menacing violinplaying anatomist doctor quinn
Conclusion - I loved it.,positive,conclusion i loved it
It's a long time since I was so entertained by a movie.,positive,its a long time since i was so entertained by a movie
I struggle to find anything bad to say about it.,positive,i struggle to find anything bad to say about it
"Mark my words, this is one of those cult films like Evil Dead 2 or Phantasm that people will still be discovering and falling in love with 20, 30, 40 years down the line.",positive,mark my words this is one of those cult films like evil dead or phantasm that people will still be discovering and falling in love with years down the line
"It's pretty surprising that this wonderful film was made in 1949, as Hollywood generally had its collective heads in the sand concerning black and white issues at that time.",positive,its pretty surprising that this wonderful film was made in as hollywood generally had its collective heads in the sand concerning black and white issues at that time
"The film deserves strong kudos for taking this stand, for having exceptional acting from its mostly lesser-known cast and for the super-intelligent script that doesn't insult the audience or take the easy way out when it comes to white racism.",positive,the film deserves strong kudos for taking this stand for having exceptional acting from its mostly lesserknown cast and for the superintelligent script that doesnt insult the audience or take the easy way out when it comes to white racism
"Plus, with the movie's rather modest budget and fast running time, it does an amazing job!",positive,plus with the movies rather modest budget and fast running time it does an amazing job
Juano Hernandez (an exceptional actor who played supporting roles in many films of the era) is a proud black man who is accused of murdering a white man in the South.,positive,juano hernandez an exceptional actor who played supporting roles in many films of the era is a proud black man who is accused of murdering a white man in the south
Trumbull on I LOVE LUCY).,positive,trumbull on i love lucy
See it with your kids if you have a chance--it will open up some amazing dialog about how far race relations have come in the last 50 years.,positive,see it with your kids if you have a chanceit will open up some amazing dialog about how far race relations have come in the last years
See both films if you can.,positive,see both films if you can
"It was that year, however, that reminded us that Huston was still at the top of his game as evinced by his faithful adaptation of James Joyce's acclaimed novella ""The Dead.",positive,it was that year however that reminded us that huston was still at the top of his game as evinced by his faithful adaptation of james joyces acclaimed novella the dead
"Feelings, thoughts...Gabriel's discomfort during the dance...all these intangibles leap to life and come within the viewer's grasp in Huston's portrayal.",positive,feelings thoughtsgabriels discomfort during the danceall these intangibles leap to life and come within the viewers grasp in hustons portrayal
Very disappointed and wondered how it could be in the Oscar shortlist.,negative,very disappointed and wondered how it could be in the oscar shortlist
It's very slow.,negative,its very slow
Lot of holes in the plot: there's nothing about how he became the emperor; nothing about where he spend 20 years between his childhood and mature age.,negative,lot of holes in the plot theres nothing about how he became the emperor nothing about where he spend years between his childhood and mature age
) Don't waste your time.,negative,dont waste your time
End of Days is one of the worst big-budget action movies I've ever seen.,negative,end of days is one of the worst bigbudget action movies ive ever seen
He surely doesn't know how to make a coherent action movie from the screenwriter of Air Force One who was only obliged to write the script just for a big sum of money.,negative,he surely doesnt know how to make a coherent action movie from the screenwriter of air force one who was only obliged to write the script just for a big sum of money
This was one of the worst films i have ever seen.,negative,this was one of the worst films i have ever seen
I'm still trying to get over how bad it was.,negative,im still trying to get over how bad it was
This movie is possibly one of the most creative works of horror ever.,positive,this movie is possibly one of the most creative works of horror ever
"It has everything you could want... suspense, drama, comedy, confusing subplots, native americans, brain eating... If you're looking for the be-all, end-all of brainsucking movies, look no further.",positive,it has everything you could want suspense drama comedy confusing subplots native americans brain eating if youre looking for the beall endall of brainsucking movies look no further
""" With great sound effects, and impressive special effects, I can't recommend this movie enough.",positive,with great sound effects and impressive special effects i cant recommend this movie enough
"Call me a nut, but I think this is one of the best movies ever.",positive,call me a nut but i think this is one of the best movies ever
Great character actors Telly Savalas and Peter Boyle.,positive,great character actors telly savalas and peter boyle
"positive hour 54 minutes of sheer tedium, melodrama and horrible acting, a mess of a script, and a sinking feeling of GOOD LORD, WHAT WERE THEY THINKING?",negative,positive hour minutes of sheer tedium melodrama and horrible acting a mess of a script and a sinking feeling of good lord what were they thinking
Lots of holes in the script.,negative,lots of holes in the script
It's like a bad two hour TV movie.,negative,its like a bad two hour tv movie
Now imagine that every single one of those decisions was made wrong.,negative,now imagine that every single one of those decisions was made wrong
The dialogue is atrocious.,negative,the dialogue is atrocious
The acting is beyond abysmal.,negative,the acting is beyond abysmal
Everything stinks.,negative,everything stinks
"Trouble is, the writing and directing make it impossible to establish those things that make a movie watchable, like character, story, theme and so on.",negative,trouble is the writing and directing make it impossible to establish those things that make a movie watchable like character story theme and so on
"Worse, there's an incredibly weak sub-plot thrown in that follows a little band of latter-day Mansonites as they go after a reporter who's working on a story on the anniversary of the killings.",negative,worse theres an incredibly weak subplot thrown in that follows a little band of latterday mansonites as they go after a reporter whos working on a story on the anniversary of the killings
"It's dumb and pointless, and a complete waste of time.",negative,its dumb and pointless and a complete waste of time
"In short, don't bother with this movie.",negative,in short dont bother with this movie
"I won't spoil it, but the ending in pretty amazing.",positive,i wont spoil it but the ending in pretty amazing
"The best scene in the movie is at the end, but I won't spoil it.",positive,the best scene in the movie is at the end but i wont spoil it
"If there was ever an indication of a writer and a director's ability to meld two highly volatile temperaments into a seamless union of creativity, then this is it!",positive,if there was ever an indication of a writer and a directors ability to meld two highly volatile temperaments into a seamless union of creativity then this is it
"The result is a powerhouse achievement, made more timely now perhaps because of our culture's disturbing fascination with celebrity, and it's distorted interpretations of fame.",positive,the result is a powerhouse achievement made more timely now perhaps because of our cultures disturbing fascination with celebrity and its distorted interpretations of fame
A film not easily forgotten.,positive,a film not easily forgotten
"But, Kevin Spacey is an excellent, verbal tsunami as Buddy Ackerman  and totally believable because he is a great actor.",positive,but kevin spacey is an excellent verbal tsunami as buddy ackerman and totally believable because he is a great actor
The scripting of the subtle comedy is unmatched by any movie in recent years.,positive,the scripting of the subtle comedy is unmatched by any movie in recent years
"The characters are interesting, even if a bit predictable.",positive,the characters are interesting even if a bit predictable
"Highly recommended for all ages, although the younger set will probably not appreciate some of the more subtle references, they will certainly appreciate one galley scene in particular!",positive,highly recommended for all ages although the younger set will probably not appreciate some of the more subtle references they will certainly appreciate one galley scene in particular
Great movie!,positive,great movie
Also the story and acting were weak.,negative,also the story and acting were weak
"At around 4 pm I bought it, at around 8pm I started to watch, at around 8.15pm I fast forwarded the remaining film to see if there was anything left watchable for a human being with a brain... but there wasn't.",negative,at around pm i bought it at around pm i started to watch at around pm i fast forwarded the remaining film to see if there was anything left watchable for a human being with a brain but there wasnt
"Either way, it sucks.",negative,either way it sucks
The script is horrendously stupid.,negative,the script is horrendously stupid
The story starts too fast with absolutely no suspense or build-up in the slightest.,negative,the story starts too fast with absolutely no suspense or buildup in the slightest
Everything Captain Howdy says is either laughable or just plain stupid.,negative,everything captain howdy says is either laughable or just plain stupid
What the hell kind of crap is that?!,negative,what the hell kind of crap is that
"Then, there's the plot holes.",negative,then theres the plot holes
You could drive a semi truck into these holes!,negative,you could drive a semi truck into these holes
Linda Cardellini is the only thing good in this film.,positive,linda cardellini is the only thing good in this film
She's poised and amazing.,positive,shes poised and amazing
Dee Snider just plain sucks.,negative,dee snider just plain sucks
"He can't act (one of the least scary villains I have ever seen), he can't write (did he write this damn movie in his sleep?",negative,he cant act one of the least scary villains i have ever seen he cant write did he write this damn movie in his sleep
I was bored throughout the whole damn thing.,negative,i was bored throughout the whole damn thing
"The acting sucks, the music sucks, the script sucks, the pacing sucks, the special FX suck, the directing sucks... basically, this movie sucks.",negative,the acting sucks the music sucks the script sucks the pacing sucks the special fx suck the directing sucks basically this movie sucks
This film tries to be a serious and sophisticated thriller/horror flick and it fails miserably.,negative,this film tries to be a serious and sophisticated thrillerhorror flick and it fails miserably
This is probably one of the least effective and utterly unoriginal films I have ever seen in my entire life.,negative,this is probably one of the least effective and utterly unoriginal films i have ever seen in my entire life
A piece of cinematic garbage captured on celluloid.,negative,a piece of cinematic garbage captured on celluloid
Avoid at any and all costs.,negative,avoid at any and all costs
"At any rate this film stinks, its not funny, and Fulci should have stayed with giallo and supernatural zombie movies.",negative,at any rate this film stinks its not funny and fulci should have stayed with giallo and supernatural zombie movies
Avoid this film at all costs.,negative,avoid this film at all costs
"I don't know what happened in Season Five, what a mess.",negative,i dont know what happened in season five what a mess
The only consistent thread holding the series together were the amazing performances of Leni Parker and Anita LaSelva as the two Taelons in quiet idealogical conflict.,negative,the only consistent thread holding the series together were the amazing performances of leni parker and anita laselva as the two taelons in quiet idealogical conflict
Now this is a movie I really dislike.,negative,now this is a movie i really dislike
It's one of the most boring Horror movies from the 90's mainly because it starts slow and centers in a boring atmosphere.,negative,its one of the most boring horror movies from the s mainly because it starts slow and centers in a boring atmosphere
"The puppets look really cheesy , not in a good way like in the Puppet Master 80's flicks.",negative,the puppets look really cheesy not in a good way like in the puppet master s flicks
"The story is lame, not interesting and NEVER really explains the sinister origins of the puppets.",negative,the story is lame not interesting and never really explains the sinister origins of the puppets
There aren't death scenes like in previous movies and the f/x are terrible.,negative,there arent death scenes like in previous movies and the fx are terrible
"I felt asleep the first time I watched it, so I can recommend it for insomniacs.",negative,i felt asleep the first time i watched it so i can recommend it for insomniacs
"The fact is, this film is a wonderful, heartwarming tale about two people chasing their dreams.",positive,the fact is this film is a wonderful heartwarming tale about two people chasing their dreams
"The best part about ""Nurse Betty"" is it's unpredictability.",positive,the best part about nurse betty is its unpredictability
"Director Neil LaBute uses brutal violence to seperate dreams from reality, and along with the touching drama, and hilarious comedy, you can never tell what is going to happen next.",positive,director neil labute uses brutal violence to seperate dreams from reality and along with the touching drama and hilarious comedy you can never tell what is going to happen next
"Otherwise, don't even waste your time on this.",negative,otherwise dont even waste your time on this
This one just fails to create any real suspense.,negative,this one just fails to create any real suspense
"As for the killer, don't expect anything original or even remotely frightening.",negative,as for the killer dont expect anything original or even remotely frightening
"There is, however, some pretty good acting (at least, for this type of film).",positive,there is however some pretty good acting at least for this type of film
I'm so sorry but I really can't recommend it to anyone.,negative,im so sorry but i really cant recommend it to anyone
"One of the most boring,pointless movies I have ever seen.",negative,one of the most boringpointless movies i have ever seen
The secondary plot line is incomprehensible and its relation to the primary plot line is mystifying.,negative,the secondary plot line is incomprehensible and its relation to the primary plot line is mystifying
Hated it.,negative,hated it
This is one of the worst Sandra Bullock movie since Speed 2 But not quite that bad.,negative,this is one of the worst sandra bullock movie since speed but not quite that bad
"I don't understand how this garbage got on the shelves of the movie store, it's not even a real movie!",negative,i dont understand how this garbage got on the shelves of the movie store its not even a real movie
I highly doubt that anyone could ever like this trash.,negative,i highly doubt that anyone could ever like this trash
This is not movie-making.,negative,this is not moviemaking
"The acting is like watching wooden puppets moving around and reading from a book, that's how bad it is.",negative,the acting is like watching wooden puppets moving around and reading from a book thats how bad it is
"So I am here to warn you--DO NOT RENT THIS MOVIE, it is the dumbest thing you have never seen!",negative,so i am here to warn youdo not rent this movie it is the dumbest thing you have never seen
I saw this short film on HBO the other day and absolutely loved it.,positive,i saw this short film on hbo the other day and absolutely loved it
I didn't realize how wonderful the short really is until the last two scenes.,positive,i didnt realize how wonderful the short really is until the last two scenes
Excellent short film.,positive,excellent short film
"Hopefully, the director James Cox can turn the short into a feature length film with the same cast, or win us over with a whole new film.",positive,hopefully the director james cox can turn the short into a feature length film with the same cast or win us over with a whole new film
"I agree with Jessica, this movie is pretty bad.",negative,i agree with jessica this movie is pretty bad
"Characters are one-dimensional, even the good guys and especially the bad guys.",negative,characters are onedimensional even the good guys and especially the bad guys
The story line is totally predictable.,negative,the story line is totally predictable
"Not much dialogue, not much music, the whole film was shot as elaborately and aesthetically like a sculpture.",positive,not much dialogue not much music the whole film was shot as elaborately and aesthetically like a sculpture
I've seen soap operas more intelligent than this movie.,negative,ive seen soap operas more intelligent than this movie
"Bad characters, bad story and bad acting.",negative,bad characters bad story and bad acting
Really awful.,negative,really awful
Not easy to watch.,negative,not easy to watch
"Funny, clever, hip - just like Pray's previous film, Hype!",positive,funny clever hip just like prays previous film hype
It was a long time that i didn't see a so charismatic actor on screen.,positive,it was a long time that i didnt see a so charismatic actor on screen
Paolo Sorrentino has written a wonderful story about loneliness and Tony has built one of the most unforgettable characters seen in movies in recent years.,positive,paolo sorrentino has written a wonderful story about loneliness and tony has built one of the most unforgettable characters seen in movies in recent years
The movie is not completely perfect but 'Titta Di Girolamo' will stay with you for a long time after the vision of the movie.,positive,the movie is not completely perfect but titta di girolamo will stay with you for a long time after the vision of the movie
I rate this movie 9/10.,positive,i rate this movie
"I do not know if this was Emilio Estevez's directorial debut, but the pacing, the interplay and development of the characters as well as some clever camera work surrounding the character Estevez plays all suggest a natural eye.",positive,i do not know if this was emilio estevezs directorial debut but the pacing the interplay and development of the characters as well as some clever camera work surrounding the character estevez plays all suggest a natural eye
The interplay between Martin and Emilio contains the same wonderful chemistry we saw in Wall Street with Martin and Charlie.,positive,the interplay between martin and emilio contains the same wonderful chemistry we saw in wall street with martin and charlie
"Kathy Bates is wonderful in her characters subtle desperation and escapism; a variation on her character in ""At Play In The Fields Of The Lord"".",positive,kathy bates is wonderful in her characters subtle desperation and escapism a variation on her character in at play in the fields of the lord
For readers who have already seen one of Miyazaki's films: he is still in top form and made another worthwhile experience.,positive,for readers who have already seen one of miyazakis films he is still in top form and made another worthwhile experience
"It never condescends, all the characters have good genuine hearts and believable problems.",positive,it never condescends all the characters have good genuine hearts and believable problems
The two main characters may be two of the most believable children I ever saw put on screen.,positive,the two main characters may be two of the most believable children i ever saw put on screen
"They are so easy to love, but even more easy to identify with.",positive,they are so easy to love but even more easy to identify with
This movie is great--especially if you enjoy visual arts.,positive,this movie is greatespecially if you enjoy visual arts
The scenery that the two daughters paint and photograph are beautiful.,positive,the scenery that the two daughters paint and photograph are beautiful
The story is also both funny and poignant at times.,positive,the story is also both funny and poignant at times
"People who like European films and ""art movies"" will like this movie.",positive,people who like european films and art movies will like this movie
This is truly an art movie--it actually has a lot of art in it.,positive,this is truly an art movieit actually has a lot of art in it
Go rent it.,positive,go rent it
"However, after finally watching this film, I realized that not only had I had a closed mind to the brilliance it depicts, I also found myself watching it over and over again.",positive,however after finally watching this film i realized that not only had i had a closed mind to the brilliance it depicts i also found myself watching it over and over again
"It's the one movie that never ceases to interest me, simply because it keeps me alert, as I try to attempt to decipher it's meanings.",positive,its the one movie that never ceases to interest me simply because it keeps me alert as i try to attempt to decipher its meanings
Brilliance indeed.,positive,brilliance indeed
"But if you liked movies like The Matrix (and better yet, their sequels) I think you'll appreciate the thought provoking, mindblowing experience this film will give you.",positive,but if you liked movies like the matrix and better yet their sequels i think youll appreciate the thought provoking mindblowing experience this film will give you
Think of the film being like a dream.,positive,think of the film being like a dream
Simply beautiful.,positive,simply beautiful
Both Rickman and Stowe play their roles to the hilt in this tale of a childrens' book writer who-- maybe?-- has written a subversive tract.,positive,both rickman and stowe play their roles to the hilt in this tale of a childrens book writer who maybe has written a subversive tract
"It's a gloriously fun, fast paced and fairly accurate portrayal of the night of a raver.",positive,its a gloriously fun fast paced and fairly accurate portrayal of the night of a raver
It presents a idyllic yet serious portrayal of the ups and downs of the characters lives.,positive,it presents a idyllic yet serious portrayal of the ups and downs of the characters lives
"Just whatever you do, avoid ""Groove"" as its the antithesis of all that is good about Human Traffic.",negative,just whatever you do avoid groove as its the antithesis of all that is good about human traffic
"It's too bad that everyone else involved didn't share Crowe's level of dedication to quality, for if they did, we'd have a far better film on our hands than this sub-par mess.",negative,its too bad that everyone else involved didnt share crowes level of dedication to quality for if they did wed have a far better film on our hands than this subpar mess
The movie seemed a little slow at first.,negative,the movie seemed a little slow at first
But it picked up speed and got right to the point.,positive,but it picked up speed and got right to the point
"It showed exactly how the government and the scientist argued for humanity and the reasons of the ""gadget"".",positive,it showed exactly how the government and the scientist argued for humanity and the reasons of the gadget
I enjoyed it.,positive,i enjoyed it
I have recommended it to friends.,positive,i have recommended it to friends
I was particularly pleased with the acting ability of Dwight Schultz.,positive,i was particularly pleased with the acting ability of dwight schultz
"Both actors truly understand and become their particular character, delivering a convincing, sincere performance.",positive,both actors truly understand and become their particular character delivering a convincing sincere performance
"Their on-screen chemistry, critical to the entire film, is genuine.",positive,their onscreen chemistry critical to the entire film is genuine
"The film's dialogue is natural, real to life.",positive,the films dialogue is natural real to life
"The writer, Gorman Bechard, undoubtedly did his homework because all references are industry and character-age appropriate.",positive,the writer gorman bechard undoubtedly did his homework because all references are industry and characterage appropriate
The incredible soundtrack truly captures the essence of the film.,positive,the incredible soundtrack truly captures the essence of the film
"Each track commands sentiment, actually contributing to the scenes and characters.",positive,each track commands sentiment actually contributing to the scenes and characters
Definitely worth seeing it's the sort of thought provoking film that forces you to question your own threshold of loneliness.,positive,definitely worth seeing its the sort of thought provoking film that forces you to question your own threshold of loneliness
"Hayao Miyazaki's latest and eighth film for Studio Ghibili, ""Gake No Ue No Ponyo"" (Ponyo on the Cliff by the Sea) is a wonderfully fun and imaginative look at childhood.",positive,hayao miyazakis latest and eighth film for studio ghibili gake no ue no ponyo ponyo on the cliff by the sea is a wonderfully fun and imaginative look at childhood
"At a time when it seems that film animation has been dominated by Disney/Pixar's CGI masterpieces, it is both refreshing and comforting to know that Miyazaki is still relying on traditional hand-drawn animation to tell his charming and enchanting stories.",positive,at a time when it seems that film animation has been dominated by disneypixars cgi masterpieces it is both refreshing and comforting to know that miyazaki is still relying on traditional handdrawn animation to tell his charming and enchanting stories
Enough can not be said of the remarkable animation in this film.,positive,enough can not be said of the remarkable animation in this film
The art style has the appearance of crayon/pencil drawings and is wonderfully colorful and fanciful.,positive,the art style has the appearance of crayonpencil drawings and is wonderfully colorful and fanciful
"If you act in such a film, you should be glad that you're gonna drift away from earth as far as possible!",negative,if you act in such a film you should be glad that youre gonna drift away from earth as far as possible
"This one wants to surf on the small wave of space movies in 1998 (Deep Impact and Armageddon), and this one fails everywhere.",negative,this one wants to surf on the small wave of space movies in deep impact and armageddon and this one fails everywhere
If you haven't choked in your own vomit by the end (by all the cheap drama and worthless dialogue) you've must have bored yourself to death with this waste of time.,negative,if you havent choked in your own vomit by the end by all the cheap drama and worthless dialogue youve must have bored yourself to death with this waste of time
"Still, it makes up for all of this with a super ending that depicts a great sea vessel being taken out by the mighty frost.",positive,still it makes up for all of this with a super ending that depicts a great sea vessel being taken out by the mighty frost
"Just consider the excellent story, solid acting and look of the film as added bonuses.",positive,just consider the excellent story solid acting and look of the film as added bonuses
"Instead, we got a bore fest about a whiny, spoiled brat babysitting.",negative,instead we got a bore fest about a whiny spoiled brat babysitting
"Then I watched it again two Sundays ago (March 20th, 2005) and I began to really enjoy it and this time I taped the entire thing.",positive,then i watched it again two sundays ago march th and i began to really enjoy it and this time i taped the entire thing
It is a very well acted and done TV Movie.,positive,it is a very well acted and done tv movie
Judith Light is one of my favorite actresses and I think she does a superb job in this film!,positive,judith light is one of my favorite actresses and i think she does a superb job in this film
I keep watching it over and over.,positive,i keep watching it over and over
"It's a sad movie, but very good.",positive,its a sad movie but very good
"If you have not seen this movie, I definitely recommend it!",positive,if you have not seen this movie i definitely recommend it
"She is as lovely as usual, this cutie!",positive,she is as lovely as usual this cutie
Still it's quite interesting and entertaining to follow.,positive,still its quite interesting and entertaining to follow
;) Recommend with confidence!,positive,recommend with confidence
This movie is well-balanced with comedy and drama and I thoroughly enjoyed myself.,positive,this movie is wellbalanced with comedy and drama and i thoroughly enjoyed myself
It was a riot to see Hugo Weaving play a sex-obsessed gay real estate salesman who uses his clients' houses for his trysts with the flaming Darren (Tom Hollander).,positive,it was a riot to see hugo weaving play a sexobsessed gay real estate salesman who uses his clients houses for his trysts with the flaming darren tom hollander
":) Anyway, the plot flowed smoothly and the male-bonding scenes were a hoot.",positive,anyway the plot flowed smoothly and the malebonding scenes were a hoot
"The opening sequence of this gem is a classic, and the cat n mouse games that follow are a delight to watch.",positive,the opening sequence of this gem is a classic and the cat n mouse games that follow are a delight to watch
Fans of the genre will be in heaven.,positive,fans of the genre will be in heaven
Lange had become a great actress.,positive,lange had become a great actress
It looked like a wonderful story.,positive,it looked like a wonderful story
I never walked out of a movie faster.,negative,i never walked out of a movie faster
I just got bored watching Jessice Lange take her clothes off!,negative,i just got bored watching jessice lange take her clothes off
"Unfortunately, any virtue in this film's production work was lost on a regrettable script.",negative,unfortunately any virtue in this films production work was lost on a regrettable script
"In a word, it is embarrassing.",negative,in a word it is embarrassing
Exceptionally bad!,negative,exceptionally bad
All in all its an insult to one's intelligence and a huge waste of money.,negative,all in all its an insult to ones intelligence and a huge waste of money
