id,text,language,service,behavior,sentiment,aspect,issue,severity,abuse,complexity,suggestion
CS001,Support executive resolved my billing error within two minutes on live chat.,english,customer_support,appreciation,positive,chat_support,no_issue,none,none,simple,none
CS002,"The support agent spoke very politely, but transferred my call to three different departments without resolving the issue.",english,customer_support,complaint,mixed,department_transfer,department_transfer_delay,medium,none,complex,Avoid multiple department transfers for a single query.
CS003,bhai 5 din ho gaye ticket raise kiye hue abhi tak kisi ne reply nahi diya,hinglish,customer_support,complaint,negative,ticket,slow_response,high,none,moderate,Improve first-response time on open tickets.
CS004,Can I get an update on ticket reference number 45892?,english,customer_support,question,neutral,ticket,no_issue,none,none,simple,none
CS005,"Agent ne screen share karke step by step setting fix karwai, outstanding support.",hinglish,customer_support,appreciation,positive,technical_support,no_issue,none,none,simple,none
CS006,Customer support systems should allow users to schedule a callback instead of waiting on hold.,english,customer_support,suggestion,neutral,callback,other_relevant_issue,low,none,moderate,Allow customers to request callbacks.
CS007,the chat representative abruptly disconnected the session while I was uploading proof documents,english,customer_support,complaint,negative,chat_support,chat_disconnect,high,none,moderate,Prevent premature chat session terminations.
CS008,"I wouldn't say the support was utterly useless, but answering basic verification questions five times was exhausting.",english,customer_support,complaint,mixed,verification,verification_problem,low,none,complex,Reduce repeated verification across agents.
CS009,automated bot keeps looping generic help articles and gives no option to connect with an actual human,english,customer_support,complaint,negative,automation,automated_response_issue,medium,none,moderate,Provide a direct option to connect with human agents.
CS010,Ticket was logged at 10 AM regarding password reset and confirmation was received on email.,english,customer_support,informational,neutral,ticket,no_issue,none,none,simple,none
CS011,bhai kya ghatiya aur bakwaas support hai 2 ghante se call hold pe daal rakhi hai chor staff,hinglish,customer_support,complaint,negative,call_support,long_waiting_time,high,mild,Reduce hold times during peak hours.,
CS012,"The email support team sent clear step-by-step instructions with annotated screenshots, issue sorted.",english,customer_support,appreciation,positive,email_support,no_issue,none,none,simple,none
CS013,Can I request Hindi language assistance for my elderly father?,english,customer_support,question,neutral,language_support,no_issue,none,none,simple,none
CS014,agent gave completely incorrect information regarding refund eligibility leading to unnecessary confusion,english,customer_support,complaint,negative,communication,wrong_information,high,none,moderate,Train agents on updated company policies.
CS015,callback requested yesterday afternoon but no representative has reached out yet,english,customer_support,complaint,negative,callback,callback_delay,medium,none,simple,Honor callback commitments within specified timeframes.
CS016,bhai ticket close kardi resolved mark karke jabki problem abhi bhi same hai,hinglish,customer_support,complaint,negative,ticket,incomplete_resolution,high,none,moderate,Do not close tickets without customer verification.
CS017,"The executive was remarkably patient and explained the tariff breakdown in detail, highly satisfied.",english,customer_support,appreciation,positive,agent_behavior,no_issue,none,none,moderate,none
CS018,Support portals should display estimated queue wait times before entering live chat.,english,customer_support,suggestion,neutral,waiting_time,other_relevant_issue,low,none,moderate,Display estimated queue wait times.
CS019,bhai coupon issue explain kiya par bot ne irrelevant return policy paste kardi,hinglish,customer_support,complaint,negative,automation,automated_response_issue,medium,none,moderate,Improve intent detection in automated chatbots.
CS020,The helpline supervisor personally followed up via phone to ensure my network issue was resolved.,english,customer_support,appreciation,positive,follow_up,no_issue,none,none,moderate,none
CS021,"Although the initial executive answered promptly, the escalation team took four days to acknowledge the ticket.",english,customer_support,complaint,mixed,escalation,escalation_delay,medium,none,complex,Escalate unresolved issues faster.
CS022,unprofessional executive started arguing and raised his voice when I asked for a supervisor escalation,english,customer_support,complaint,negative,agent_behavior,rude_agent,high,none,moderate,Train support agents in de-escalation techniques.
CS023,mera complaint number 99321 hai aur account verification ke regarding pending hai,hinglish,customer_support,informational,neutral,account_support,no_issue,none,none,simple,none
CS024,Is 24/7 emergency telephone support available for corporate account outages?,english,customer_support,question,neutral,availability,no_issue,none,none,moderate,none
CS025,Your support staff are absolute idiots who cannot understand plain English and keep closing my ticket useless frauds,english,customer_support,complaint,negative,agent_behavior,rude_agent,high,severe,Provide senior escalations for complex inquiries.,
CS026,executive ne Hindi me bohot acche se samjhaya aur issue 5 minute me solve kar diya,hinglish,customer_support,appreciation,positive,language_support,no_issue,none,none,simple,none
CS027,"I wouldn't call the interaction hostile, but the agent seemed clearly uninterested and provided one-word answers.",english,customer_support,complaint,mixed,agent_behavior,poor_communication,low,none,complex,Improve agent engagement and active listening.
CS028,"Refund query was resolved on the first call, credit reflected in my bank account in two hours.",english,customer_support,appreciation,positive,refund_support,no_issue,none,none,moderate,none
CS029,kya me active ticket me extra screenshots attach kar sakta hu?,hinglish,customer_support,question,neutral,ticket,no_issue,none,none,simple,none
CS030,"Frontline agent promised a senior manager callback by 4 PM, but no one bothered to call.",english,customer_support,complaint,negative,callback,callback_delay,medium,mild,Ensure committed callbacks are delivered on schedule.,
CS031,"Chat session froze repeatedly on mobile web, forcing me to start over with a new representative thrice.",english,customer_support,complaint,negative,chat_support,chat_disconnect,medium,none,moderate,Optimize chat widget performance on mobile browsers.
CS032,App crashed while uploading PAN card photo for KYC verification and support told me to wait 7 business days.,english,customer_support,complaint,negative,verification,verification_problem,high,none,complex,Provide alternative manual document upload channels.
CS033,"The representative had a very pleasant demeanor, although she lacked the technical knowledge to debug API errors.",english,customer_support,appreciation,mixed,technical_support,technical_support_issue,low,none,complex,Route technical inquiries directly to specialized teams.
CS034,bhai email bheja tha attachment ke sath unhone bola screenshot nahi mila jabki clearly attached tha,hinglish,customer_support,complaint,negative,email_support,poor_communication,medium,none,moderate,Ensure support tools render email attachments reliably.
CS035,"Prompt and crisp resolution, executive verified OTP and unlocked my account in sixty seconds.",english,customer_support,appreciation,positive,account_support,no_issue,none,none,moderate,none
CS036,kya ticket close hone ke baad re-open karne ka option rehta hai?,hinglish,customer_support,question,neutral,ticket,no_issue,none,none,moderate,none
CS037,"Support agent stayed on call past his shift end until my server connection was fully operational, wonderful dedication.",english,customer_support,appreciation,positive,agent_behavior,no_issue,none,none,complex,none
CS038,"Clean user interface on the help desk portal, tracking ticket history and resolution notes is effortless.",english,customer_support,appreciation,positive,ticket,no_issue,none,none,moderate,none
CS039,"Agent blatantly lied claiming my refund was processed yesterday, but my bank statement shows zero incoming credit.",english,customer_support,complaint,negative,communication,wrong_information,high,none,moderate,Verify financial transaction status before briefing customers.
CS040,pls check my ticket abhi tk update nhi hua 3 din ho gye h,hinglish,customer_support,complaint,negative,ticket,ticket_delay,medium,none,simple,Provide clearer ticket status updates.
CS041,"While the initial response was delivered quickly, the technical fix took over two weeks with zero intermittent updates.",english,customer_support,complaint,mixed,resolution_time,slow_response,medium,none,complex,Send periodic progress updates on long-running tickets.
CS042,Can someone from the grievance redressal department give me a call regarding my pending insurance claim?,english,customer_support,question,neutral,escalation,no_issue,none,none,moderate,none
CS043,support number pe call karo to 15 minute bas music sunate hain koi human pick nahi karta,hinglish,customer_support,complaint,negative,call_support,long_waiting_time,medium,none,simple,Increase call center staffing during business hours.
CS044,"Everything was running fine until the agent entered the wrong email address during profile updates, locking my access.",english,customer_support,complaint,mixed,account_support,account_support_issue,medium,none,moderate,Double-check customer profile updates before saving.
CS045,Support portals should permit users to mark ticket urgency as critical for live service disruptions.,english,customer_support,suggestion,neutral,ticket,other_relevant_issue,low,none,moderate,Allow customers to flag critical service disruptions.
CS046,the representative spoke in a robotic monotone and repeatedly read scripted answers that did not address my issue,english,customer_support,complaint,negative,communication,poor_communication,medium,none,simple,Encourage conversational problem-solving over scripts.
CS047,bhaiya ne bohot acche se samjhaya aur mere sare doubts clear kar diye thanks a lot,hinglish,customer_support,appreciation,positive,agent_behavior,no_issue,none,none,moderate,none
CS048,Is there an email address where I can file a formal complaint with the nodal officer?,english,customer_support,question,neutral,complaint_handling,no_issue,none,none,moderate,none
CS049,"Agent was courteous, service speed wasn't.",english,customer_support,complaint,mixed,resolution_time,slow_response,medium,none,simple,Improve resolution turnaround speed.
CS050,terrible experience agent disconnected the call on my face when I refused to accept his invalid explanation shameless,hinglish,customer_support,complaint,negative,agent_behavior,rude_agent,high,severe,Penalize staff who disconnect customer calls.,
CS051,Automated chat bot recognized my intent immediately and generated an instant return shipping label.,english,customer_support,appreciation,positive,automation,no_issue,none,none,simple,none
CS052,bhai ticket raise kiya tha par confirmation SMS ya email me reference ID nahi mila,hinglish,customer_support,complaint,negative,ticket,ticket_delay,medium,none,moderate,Send instant SMS confirmations with ticket IDs.
CS053,"Honestly, I expected prolonged bureaucratic hurdles, but the executive approved my name change request in ten minutes.",english,customer_support,appreciation,mixed,account_support,no_issue,none,none,complex,none
CS054,Live chat agent keeps pasting standard FAQ links instead of answering my question about GST billing.,english,customer_support,complaint,negative,chat_support,poor_communication,medium,none,moderate,Train agents to answer specific billing inquiries directly.
CS055,kya call center executives regional language jaise Tamil ya Bengali me available hain?,hinglish,customer_support,question,neutral,language_support,no_issue,none,none,moderate,none
CS056,"Support executive sent sensitive account statements of another user to my email address, shocking data breach.",english,customer_support,complaint,negative,account_support,account_support_issue,high,none,moderate,Enforce strict data verification before sending records.
CS057,The self-service interactive voice response menu is concise and connects to account balance details in two taps.,english,customer_support,appreciation,positive,call_support,no_issue,none,none,moderate,none
CS058,Help desks should provide a feature to download full chat transcripts as PDF upon session closure.,english,customer_support,suggestion,neutral,chat_support,other_relevant_issue,low,none,moderate,Offer downloadable PDF chat transcripts.
CS059,"repeatedly contacted helpline five times regarding lost consignment, each representative gave contradictory updates useless support",english,customer_support,complaint,negative,call_support,repeated_contact,medium,mild,Maintain synchronized notes across support touchpoints.,
CS060,"The tier-1 agent was eager to assist, though she lacked authorization to waive an erroneous late fee directly.",english,customer_support,appreciation,mixed,agent_behavior,incomplete_resolution,low,none,moderate,Empower frontline agents with minor fee waiver authority.
CS061,refund kab tak ayega?? 10 din ho gye h ticket pe koi update nhi h,hinglish,customer_support,question,negative,refund_support,refund_support_delay,medium,none,simple,Expedite refund processing updates.
CS062,"Clear communication, zero waiting queue, agent resolved my address change request on the first call.",english,customer_support,appreciation,positive,issue_resolution,no_issue,none,none,simple,none
CS063,"In-app support desk does not work on weekends, leaving customers stranded during Saturday outages.",english,customer_support,complaint,negative,availability,support_unavailable,medium,none,moderate,Provide weekend emergency support coverage.
CS064,ticket update me likha hai 'customer unreachable' jabki phone pe koi missed call nahi thi,hinglish,customer_support,complaint,negative,ticket,poor_communication,medium,none,moderate,Verify outbound call logs before marking unreachable.
CS065,Can corporate subscribers get a dedicated relationship manager for billing escalations?,english,customer_support,question,neutral,account_support,no_issue,none,none,moderate,none
CS066,"Executive demanded that I read out my full debit card CVV over the phone for identity verification, alarming security risk.",english,customer_support,complaint,negative,verification,verification_problem,high,none,moderate,Prohibit agents from requesting card security codes.
CS067,The WhatsApp support channel answered within forty seconds and provided a functional direct tracking link.,english,customer_support,appreciation,positive,response_time,no_issue,none,none,moderate,none
CS068,bhai extra verification documents upload kar diye par 3 din se pending verification status show ho raha hai,hinglish,customer_support,complaint,negative,verification,verification_problem,low,none,moderate,Accelerate document verification queues.
CS069,"The support person was very polite and tried her best, although the backend database glitch took three days to rectify.",english,customer_support,complaint,mixed,resolution_time,slow_response,medium,none,complex,Enhance backend engineering turnaround for bug fixes.
CS070,How long does the tier-2 escalation team take to review disputed card transactions?,english,customer_support,question,neutral,escalation,no_issue,none,none,moderate,none
CS071,Agent closed my support session without asking if I had additional questions while my second issue was still open.,english,customer_support,complaint,negative,agent_behavior,poor_communication,high,none,moderate,Require agent confirmation before ending support chats.
CS072,customer support was responsive on chat but resolving the account unfreeze took five working days,english,customer_support,complaint,mixed,resolution_time,slow_response,low,none,simple,Streamline account unfreeze approvals.
CS073,subah 9 baje complaint dali thi 11 baje technician visit verify karke issue solve ho gaya fast service,hinglish,customer_support,appreciation,positive,issue_resolution,no_issue,none,none,simple,none
CS074,Support platforms should display ticket priority levels explicitly so users know how tickets are handled.,english,customer_support,suggestion,neutral,ticket,other_relevant_issue,low,none,moderate,Display ticket priority levels clearly.
CS075,agent ne call pe hold pe daal diya aur 20 minute baad call automatic drop ho gayi no solution,hinglish,customer_support,complaint,negative,call_support,long_waiting_time,high,none,simple,Limit maximum hold time before auto-callback.
CS076,"Provided conflicting guidance regarding cancellation policies, causing me to miss the full-refund deadline.",english,customer_support,complaint,negative,communication,wrong_information,high,none,moderate,Standardize cancellation policy documentation for staff.
CS077,"The chat representative guided me step-by-step through network settings, staying online until internet was restored.",english,customer_support,appreciation,positive,technical_support,no_issue,none,none,moderate,none
CS078,Does the support team provide an official grievance reference number for consumer court filings?,english,customer_support,question,neutral,complaint_handling,no_issue,none,none,moderate,none
CS079,"I wouldn't describe the interaction as terrible, but the executive sounded like she was reading from a script without understanding context.",english,customer_support,complaint,mixed,agent_behavior,poor_communication,low,none,complex,none
CS080,fraudulent representative hung up call while laughing when I demanded refund for double deduction absolute crooks,english,customer_support,complaint,negative,agent_behavior,rude_agent,high,severe,Discipline abusive frontline staff immediately.,
CS081,Delivered quick replacement confirmation on WhatsApp within two minutes of submitting product photos.,english,customer_support,appreciation,positive,response_time,no_issue,none,none,simple,none
CS082,app me live agent connect hone me 45 minute queue dikhata hai peak hours me bilkul slow service,hinglish,customer_support,complaint,negative,waiting_time,long_waiting_time,medium,none,simple,Scale live chat capacity during peak traffic.
CS083,"The technical representative was very knowledgeable and patient, though the phone connection suffered from bad audio echo.",english,customer_support,appreciation,mixed,call_support,poor_communication,none,none,complex,Upgrade call center telecom audio hardware.
CS084,Are service requests lodged on public holidays attended by on-call technical engineers?,english,customer_support,question,neutral,availability,no_issue,none,none,moderate,none
CS085,bhai email reply me bot ne template text bhej diya jisme '[Insert Customer Name]' likha hua tha aisi careless support,hinglish,customer_support,complaint,negative,automation,automated_response_issue,low,none,moderate,Sanitize automated email template placeholders.
CS086,Handled my complicated corporate tax invoice correction accurately and re-issued the revised PDF within an hour.,english,customer_support,appreciation,positive,issue_resolution,no_issue,none,none,moderate,none
CS087,Please introduce an option to rate individual agents right after live chat wraps up.,english,customer_support,suggestion,neutral,chat_support,other_relevant_issue,low,none,moderate,Add instant post-chat agent ratings.
CS088,worst customer care ever agent kept arguing instead of processing my approved return pickup useless fellows,english,customer_support,complaint,negative,agent_behavior,rude_agent,high,mild,Ensure agents honor verified return requests.,
CS089,booked callback slot for 3 PM received automated call at 7 PM when I was busy in meeting,hinglish,customer_support,complaint,negative,callback,callback_delay,medium,none,simple,Deliver callbacks during requested time slots.
CS090,"A pleasant support experience, query regarding roaming pack validity was explained clearly without unnecessary upselling.",english,customer_support,informational,positive,communication,no_issue,none,none,simple,none
CS091,bhai representative polite tha par uske paas refund approve karne ki authority nahi thi senior transfer manga to mana kar diya,hinglish,customer_support,suggestion,mixed,escalation,escalation_delay,low,none,moderate,Enable seamless transfers to senior supervisors.
CS092,Why did the customer helpline deduct balance when dialing your advertised toll-free number from an outstation circle?,english,customer_support,question,negative,call_support,other_relevant_issue,medium,none,moderate,Ensure advertised numbers are universally toll-free.
CS093,The senior grievance officer handled my billing dispute with extreme diligence and provided a complete ledger audit.,english,customer_support,appreciation,positive,complaint_handling,no_issue,none,none,moderate,none
CS094,bhai ticket raise karte waqt mandatory drop-down me mera exact issue category listed hi nahi hai,hinglish,customer_support,complaint,negative,ticket,ticket_delay,medium,none,moderate,Expand issue categories in support forms.
CS095,"Not the quickest support interaction I have experienced, but the agent was genuinely honest and avoided false promises.",english,customer_support,informational,mixed,agent_behavior,none,low,none,complex,none
CS096,"account got suspended due to technical glitch, support takes 72 hours for basic review while daily business is halted",english,customer_support,complaint,negative,account_support,slow_response,high,none,moderate,Expedite reviews for suspended business accounts.
CS097,agent ne call pe politely hold pe daala aur backend team se instantly issue fix karwa ke update diya very helpful,hinglish,customer_support,appreciation,positive,issue_resolution,no_issue,none,none,simple,none
CS098,Can international customers access toll-free customer support lines through internet calling apps?,english,customer_support,question,neutral,call_support,no_issue,none,none,moderate,none
CS099,"Exemplary service, executive noticed my repeated ticket attempts and called directly to walk me through the solution.",english,customer_support,appreciation,positive,agent_behavior,no_issue,none,none,simple,none
CS100,bhai live chat me agent 5 minute tak reply nahi deta har ek message ke baad itna slow response unbearable,hinglish,customer_support,complaint,negative,chat_support,slow_response,medium,none,moderate,Monitor live chat concurrent agent loads.
CS101,"Support rep was dismissive, told me to read online forums rather than explaining how to reset device credentials.",english,customer_support,complaint,negative,technical_support,poor_communication,medium,none,moderate,Train agents to guide users through technical troubleshooting.
CS102,email query regarding subscription renewal was acknowledged in 15 minutes and resolved with an active coupon code.,english,customer_support,appreciation,positive,email_support,no_issue,none,none,simple,none
CS103,bhai ticket number 22019 close kar diya par mujhe koi resolution email ya explanation nahi mila,hinglish,customer_support,complaint,negative,ticket,incomplete_resolution,medium,none,simple,Provide detailed resolution notes upon ticket closure.
CS104,Please mention the operating hours of regional language support desks on the contact page.,english,customer_support,suggestion,neutral,language_support,other_relevant_issue,none,none,moderate,Publish operating hours for regional language desks.
CS105,Where do I submit identity verification documents if the portal upload button is grayed out?,english,customer_support,question,neutral,verification,no_issue,none,none,moderate,none
CS106,"Super quick turnaround, raised query at 2 PM, received customized video tutorial explaining feature by 3 PM.",english,customer_support,appreciation,positive,response_time,no_issue,none,none,simple,none
CS107,The phone executive made unauthorized changes to my active billing plan while claiming she was checking eligibility.,english,customer_support,complaint,negative,agent_behavior,account_support_issue,medium,none,moderate,Obtain explicit consent before altering customer plans.
CS108,bhai cancellation policy explain karne ke bajaye agent continuous naya plan bechne ki koshish kar raha tha irritating,hinglish,customer_support,complaint,negative,communication,poor_communication,medium,none,simple,Prioritize customer requests over cross-selling.
CS109,"While the customer service agent was very respectful, she did not have access to real-time shipment GPS logs.",english,customer_support,complaint,mixed,agent_behavior,technical_support_issue,low,none,complex,Equip frontline agents with real-time tracking data.
CS110,"The representative spoke fluent Marathi, making it effortless for my mother to communicate her pension verification issue.",english,customer_support,appreciation,positive,language_support,no_issue,none,none,moderate,none
CS111,refund amount credited back to bank account within forty-eight hours with an automated SMS notification.,english,customer_support,appreciation,positive,refund_support,no_issue,none,none,moderate,none
CS112,agent kept reading the same canned template message three times without answering my simple yes-or-no question,hinglish,customer_support,complaint,negative,communication,poor_communication,medium,none,simple,Avoid robotic scripted responses to direct questions.
CS113,Why does the IVR menu take three minutes of marketing messages before offering an option to report stolen cards?,english,customer_support,question,negative,call_support,long_waiting_time,medium,none,moderate,Place emergency card blocking at top of IVR.
CS114,Allow customers to track active complaint status via a real-time progress bar on the mobile application.,english,customer_support,suggestion,neutral,ticket,other_relevant_issue,low,none,moderate,Introduce real-time complaint progress bars.
CS115,"The agent was well-mannered, but the refund she initiated took ten business days instead of the promised forty-eight hours.",english,customer_support,complaint,mixed,refund_support,refund_support_delay,low,none,moderate,Provide accurate refund processing timelines.
CS116,bhai customer support executive ne phone cut kar diya jab maine nodal officer ka email address manga,hinglish,customer_support,complaint,negative,agent_behavior,rude_agent,high,none,simple,Ensure escalation contact details are shared upon request.
CS117,"Warm and empathetic assistance, executive comforted me during a payment failure and ensured immediate reversal.",english,customer_support,appreciation,positive,agent_behavior,no_issue,none,none,moderate,none
CS118,support agent threatened to blacklist my registered phone number when I questioned delayed delivery pathetic thuggery,english,customer_support,complaint,negative,agent_behavior,rude_agent,high,severe,Institute zero tolerance for agent threats.,
CS119,Can I request an official written incident report regarding the security lockout on my account?,english,customer_support,question,neutral,account_support,no_issue,none,none,moderate,none
CS120,receptionist ne politely verify karke duplicate invoice copy within 2 minutes generate kardi great service,hinglish,customer_support,appreciation,positive,issue_resolution,no_issue,none,none,simple,none
CS121,"The live chat agent was polite and attentive, though she had to transfer me twice because tier-1 had no refund permissions.",english,customer_support,complaint,mixed,department_transfer,department_transfer_delay,low,none,moderate,Empower tier-1 agents with basic refund workflows.
CS122,fraud agent collected OTP pretending to update KYC and compromised my account criminal negligence by your company,english,customer_support,complaint,negative,verification,verification_problem,high,severe,Enforce strict verification safeguards against fraud.,
CS123,Include an option to schedule a video call with a technical specialist for complex software installation issues.,english,customer_support,suggestion,neutral,technical_support,other_relevant_issue,none,none,moderate,Offer scheduled video support for technical setups.
CS124,account reactivation completed smoothly within ten minutes of submitting address proof on live chat.,english,customer_support,appreciation,positive,account_support,no_issue,none,none,simple,none
CS125,bhai email support team ne 4 din baad reply diya aur bola 'please contact us via live chat' pointless waste of time,hinglish,customer_support,complaint,negative,email_support,email_delay,medium,none,simple,Resolve email inquiries directly without channel bouncing.
CS126,Is there a dedicated helpline number for senior citizens to avoid navigating complex automated IVR menus?,english,customer_support,question,neutral,call_support,no_issue,none,none,moderate,none
CS127,"I received someone else's confidential support ticket thread in my email inbox, severe compromise of privacy.",english,customer_support,complaint,negative,ticket,other_relevant_issue,high,none,moderate,Audit ticketing engines to prevent ticket ID overlap.
CS128,"Smooth customer onboarding, representative guided me through initial workspace setup with patience and clarity.",english,customer_support,appreciation,positive,agent_behavior,no_issue,none,none,simple,none
CS129,bhaiya support agent ne call disconnect hone ke baad khud call back kiya aur ticket complete karwaya impressive dedication,hinglish,customer_support,appreciation,positive,callback,no_issue,none,none,simple,none
CS130,"The support rep understood the bug immediately, though backend engineering took four business days to push the hotfix.",english,customer_support,complaint,mixed,resolution_time,slow_response,low,none,complex,Accelerate hotfix deployments for verified bugs.
CS131,tier-2 support rep closed my dispute ticket stating 'no defect found' without even viewing the attached video recording,english,customer_support,complaint,negative,complaint_handling,incomplete_resolution,high,none,moderate,Mandate review of customer attachments before closures.
CS132,kya customer care team WhatsApp pe official verified business account se available rehti hai?,hinglish,customer_support,question,neutral,availability,no_issue,none,none,moderate,none
CS133,"Clean and fast ticket management, received continuous SMS notifications as my request moved from pending to resolved.",english,customer_support,appreciation,positive,ticket,no_issue,none,none,moderate,none
CS134,support executive shouted at my wife when she asked for clarification on an unexpected recharge deduction,english,customer_support,complaint,negative,agent_behavior,rude_agent,high,none,moderate,Enforce strict professional decorum across all calls.
CS135,bhai chatbot me human agent connect karne ka option search karne me 15 minute lag gaye deliberately hidden lagta hai,hinglish,customer_support,complaint,negative,automation,automated_response_issue,medium,none,moderate,Make human agent handover prominent in chatbots.
CS136,Help desks should provide an automated estimated resolution time based on current department ticket queues.,english,customer_support,suggestion,neutral,resolution_time,other_relevant_issue,none,none,moderate,Display estimated resolution times dynamically.
CS137,"The chat executive was proactive, provided direct links to firmware downloads, and verified checksums with me.",english,customer_support,appreciation,positive,technical_support,no_issue,none,none,moderate,none
CS138,How can an enterprise customer request a dedicated account executive for quarterly billing reconciliations?,english,customer_support,question,neutral,account_support,no_issue,none,none,simple,none
CS139,support interaction was okay okay type resolved the issue but took thirty minutes of waiting on hold,hinglish,customer_support,complaint,mixed,waiting_time,long_waiting_time,low,none,simple,Reduce customer hold durations on telephone lines.
CS140,"The supervisor called back promptly, apologized for the frontline agent's oversight, and issued an immediate service credit.",english,customer_support,appreciation,positive,escalation,no_issue,none,none,moderate,none
CS141,bhai ticket create karne par error 500 aa raha hai portal pe support reach out karne ka koi alternative nahi hai,hinglish,customer_support,complaint,negative,ticket,other_relevant_issue,high,none,simple,Provide fallback email contact on portal outage.
CS142,Never dealing with this incompetent support team again rep laughed at my problem and refused supervisor escalation useless clowns,english,customer_support,complaint,negative,agent_behavior,rude_agent,high,severe,Review call recordings and penalize rude reps.,
CS143,Is Aadhaar biometric verification mandatory when contacting telephone support for balance inquiries?,english,customer_support,question,neutral,verification,no_issue,none,none,moderate,none
CS144,"Prompt dispute resolution, erroneous charge reversed within three hours of providing billing statement copy.",english,customer_support,appreciation,positive,refund_support,no_issue,none,none,simple,none
CS145,"The agent was very respectful, but she lacked the authority to re-issue my expired voucher directly.",english,customer_support,complaint,mixed,agent_behavior,incomplete_resolution,low,none,moderate,Grant frontline staff authority for minor voucher re-issues.
CS146,bhai helpline pe 10 minute baat karne ke baad bola 'wrong department' aur doosre number pe call karne ko bola,hinglish,customer_support,complaint,negative,department_transfer,department_transfer_delay,medium,none,moderate,Transfer callers internally instead of asking them to redial.
CS147,"Great technical knowledge shown by executive overall, though background call center chatter was loud and distracting.",english,customer_support,informational,mixed,communication,poor_communication,low,none,simple,none
CS148,Support desk took nine business days to acknowledge a critical service outage ticket logged through the portal.,english,customer_support,complaint,negative,response_time,slow_response,medium,none,moderate,Set faster initial acknowledgment SLAs on tickets.
CS149,chat support me agent ne 30 second me connect karke mera login issue instantly fix kar diya superb speed,hinglish,customer_support,appreciation,positive,response_time,no_issue,none,none,simple,none
CS150,Portals should provide clear status tags like 'Under Investigation' or 'Waiting for Engineering' on active tickets.,english,customer_support,suggestion,neutral,ticket,other_relevant_issue,none,none,moderate,Provide granular progress tags on ticket portals.
CS151,bhai agent ne ticket pe galat phone number note kar liya jiski wajah se verification call kisi aur ko chali gayi,hinglish,customer_support,complaint,negative,verification,verification_problem,low,none,simple,Confirm contact details before saving ticket records.
CS152,"The resolution was comprehensive, agent walked me through firewall rules and verified external access personally.",english,customer_support,appreciation,positive,technical_support,no_issue,none,none,moderate,none
CS153,Does your customer care team have a dedicated accessibility desk for hearing-impaired customers?,english,customer_support,question,neutral,availability,no_issue,none,none,moderate,none
CS154,"The agent was well-spoken and friendly, but she could not reverse an unauthorized debit without three manager approvals.",english,customer_support,complaint,mixed,escalation,escalation_delay,low,none,simple,Streamline escalation workflows for unauthorized debits.
CS155,bhai complaint file kiye 2 hafte ho gaye roz message aata hai 'we are working on it' actual update zero hai,hinglish,customer_support,complaint,negative,follow_up,slow_response,high,none,moderate,Send substantive updates instead of generic place-holders.
CS156,"In-app live chat interface is clean, showing queue count, agent photo, and estimated wait duration clearly.",english,customer_support,appreciation,positive,chat_support,no_issue,none,none,moderate,none
CS157,"terrible support, agent closed my inquiry without providing any tracking link or resolution explanation",english,customer_support,complaint,negative,complaint_handling,incomplete_resolution,medium,none,moderate,Provide detailed resolution steps before ticket closure.
CS158,bhai support agent ne polite way me sare step sikhaye screen share karke full satisfaction,hinglish,customer_support,appreciation,positive,agent_behavior,no_issue,none,none,simple,none
CS159,Does the enterprise support tier provide round-the-clock priority routing for mission-critical infrastructure tickets?,english,customer_support,question,neutral,availability,no_issue,none,none,complex,none
CS160,"Front desk executive was dismissive, refused to register a formal written complaint regarding lost luggage.",english,customer_support,complaint,negative,complaint_handling,poor_communication,medium,mild,Ensure all customer complaints are formally registered.,
CS161,"The support team resolved my primary issue, though they ignored the secondary question about billing history in the same ticket.",english,customer_support,complaint,mixed,issue_resolution,incomplete_resolution,low,none,moderate,Train staff to address all questions in multi-part tickets.
CS162,"spotless customer support, verification done via secure OTP, refund processed immediately with clear confirmation text.",english,customer_support,appreciation,positive,issue_resolution,no_issue,none,none,simple,none
CS163,bhai promotion email me 24/7 support likha tha par raat ko call kiya to bola office hours 9 to 6 hain fake marketing,hinglish,customer_support,complaint,negative,availability,support_unavailable,medium,mild,Align operational hours with advertised support claims.,
CS164,Provide an option on help portals to request callback in specific regional languages like Telugu or Gujarati.,english,customer_support,suggestion,neutral,language_support,other_relevant_issue,none,none,moderate,Enable regional language callback requests.
CS165,How can an authorized representative obtain account access on behalf of an incapacitated relative?,english,customer_support,question,neutral,account_support,no_issue,none,none,simple,none
CS166,"Super fast turnaround, requested cancellation via chat at 11 AM, confirmation and refund reference received by 11:15 AM.",english,customer_support,appreciation,positive,response_time,no_issue,none,none,moderate,none
CS167,bhai executive ne bola 24 ghante me call aayega par 4 din ho gaye koi contact nahi hua useless follow up,hinglish,customer_support,complaint,negative,callback,callback_delay,medium,none,moderate,Adhere strictly to promised callback windows.
CS168,"The support person was polite and tried her best, though she had to check with senior team for every basic question.",english,customer_support,informational,neutral,agent_behavior,none,low,none,simple,none
CS169,agent mistakenly deactivated my primary SIM card while attempting to update an address on my broadband profile severe negligence,english,customer_support,complaint,negative,account_support,account_support_issue,high,none,moderate,Audit agent authorization before executing account actions.
CS170,"Chauffeur arranged by hotel arrived in clean white uniform, drove carefully on winding hill roads, and avoided abrupt braking.",english,customer_support,appreciation,positive,agent_behavior,no_issue,none,none,complex,none
CS171,bhai call connect hone me 25 minute lage aur jab agent ne pick kiya to audio bilkul inaudible thi,hinglish,customer_support,complaint,negative,call_support,poor_communication,medium,none,moderate,Inspect call center headset hardware regularly.
CS172,"Although the tier-1 chat agent was very responsive, she had no permissions to re-trigger an OTP and had to escalate.",english,customer_support,complaint,mixed,escalation,escalation_delay,medium,none,complex,Provide tier-1 agents permissions for routine OTP resets.
CS173,Customer support desk immediately credited the erroneous cancellation charge within five minutes of lodging in-app ticket.,english,customer_support,appreciation,positive,refund_support,no_issue,none,none,moderate,none
CS174,bhai email reply me unhone bilkul irrelevant canned response paste kar diya query padhe bina,hinglish,customer_support,complaint,negative,email_support,poor_communication,high,none,simple,Read incoming customer emails before replying.
CS175,Support platforms should display clear escalation matrix contact details including nodal officer phone numbers.,english,customer_support,suggestion,neutral,escalation,other_relevant_issue,none,none,moderate,Publish clear escalation matrix contact details.
CS176,Is identity verification required again if contacting support from a registered mobile number with active OTP?,english,customer_support,question,neutral,verification,no_issue,none,none,moderate,none
CS177,"Immaculate support experience, executive walked me through API authentication keys with complete patience.",english,customer_support,appreciation,positive,technical_support,no_issue,none,none,simple,none
CS178,bhai phone pe representative ne 3 baar same script repeat ki jab maine bola mujhe manager se baat karni hai,hinglish,customer_support,complaint,negative,escalation,escalation_delay,high,none,moderate,Facilitate manager escalations when requested.
CS179,"The agent was well-intentioned, but his heavy regional accent made understanding complex technical steps very challenging.",english,customer_support,complaint,mixed,communication,poor_communication,low,none,moderate,Offer accent training or text-based support options.
CS180,customer service representative insulted my elderly father and disconnected call while he was asking for billing clarification goons,english,customer_support,complaint,negative,agent_behavior,rude_agent,high,severe,Terminate representatives who insult customers.,
CS181,The WhatsApp support channel verified my query quickly and issued an active replacement tracking number in two minutes.,english,customer_support,appreciation,positive,response_time,no_issue,none,none,moderate,none
CS182,kya customer care helpline pe call recording ki copy dispute resolution ke liye request kar sakte hain?,hinglish,customer_support,question,neutral,call_support,no_issue,none,none,simple,none
CS183,"Agent greeted with genuine warmth, listened without interrupting, and solved my account verification issue promptly.",english,customer_support,appreciation,positive,agent_behavior,no_issue,none,none,simple,none
CS184,chat support widget on website randomly reloads and clears full conversation history mid-interaction frustrating glitch,english,customer_support,complaint,negative,chat_support,chat_disconnect,high,none,moderate,Preserve chat session history across page reloads.
CS185,bhai IVR menu me itne complex sub-options hain ki right department choose karna impossible ho jata hai,hinglish,customer_support,complaint,negative,call_support,poor_communication,low,none,simple,Simplify IVR menu structures for faster routing.
CS186,Can support platforms allow customers to specify preferred contact channels like WhatsApp instead of unscheduled phone calls?,english,customer_support,suggestion,neutral,communication,other_relevant_issue,none,none,moderate,Allow customers to select preferred contact channels.
CS187,"The representative was polite and apologized for the delay, though she was unable to expedite the shipment physically.",english,customer_support,appreciation,mixed,agent_behavior,incomplete_resolution,low,none,complex,Provide frontline staff with logistics expedition tools.
CS188,"logged ticket regarding failed UPI transaction at 10 AM, received full refund credit and confirmation email by 1 PM.",english,customer_support,informational,positive,issue_resolution,no_issue,none,none,simple,none
CS189,bhaiya agent ne call drop hone ke baad turant khud call back kiya aur ticket finalize karwaya excellent professionalism,hinglish,customer_support,appreciation,positive,callback,no_issue,none,none,moderate,none
CS190,Why is an extra handling fee charged on telephone support bookings when website self-service is experiencing technical errors?,english,customer_support,question,neutral,call_support,other_relevant_issue,none,none,moderate,Waive phone assistance fees during portal outages.
CS191,"Agent claimed ticket was escalated to engineering on Monday, but engineering confirmed receiving it only on Thursday.",english,customer_support,complaint,negative,escalation,escalation_delay,high,none,moderate,Ensure transparency in cross-departmental escalations.
CS192,"Pristine customer service, supervisor personally monitored my server migration ticket until successful completion.",english,customer_support,appreciation,positive,technical_support,no_issue,none,none,moderate,none
CS193,bhai agent ne issue solve to kar diya par call ke baad feedback survey me 5 star rating dene ke liye force karne laga,hinglish,customer_support,complaint,mixed,agent_behavior,poor_communication,low,none,simple,Prohibit agents from soliciting 5-star ratings.
CS194,Please give an option in self-service app to view complete internal notes entered by support executives on my account.,english,customer_support,suggestion,neutral,account_support,other_relevant_issue,none,none,moderate,Provide transparency in account interaction logs.
CS195,I wouldn't recommend using their email support channel if you require a response within forty-eight hours.,english,customer_support,complaint,negative,email_support,email_delay,low,none,moderate,Improve email support response SLAs.
CS196,bhai disputed transaction ka refund kab credit hoga? 15 din se ticket 'in review' status pe atka hua hai,hinglish,customer_support,question,negative,refund_support,refund_support_delay,medium,none,moderate,Set hard deadlines for disputed transaction reviews.
CS197,Great initiative by customer care team offering dedicated video KYC assistance for rural senior citizens.,english,customer_support,appreciation,positive,verification,no_issue,none,none,simple,none
CS198,"The customer rep had a very reassuring tone, but she gave me an incorrect tracking URL that belonged to another customer.",english,customer_support,complaint,mixed,communication,wrong_information,low,none,moderate,Cross-check reference links before sharing with customers.
CS199,helpline executive used derogatory slurs when I requested his employee ID to report prolonged delay disgusting behavior,english,customer_support,complaint,negative,agent_behavior,rude_agent,high,severe,Strictly enforce disciplinary action for derogatory language.,
CS200,"The support executive resolved my query within three minutes, verified credentials cleanly, and followed up with an SMS receipt.",english,customer_support,appreciation,positive,issue_resolution,no_issue,none,none,moderate,none
CS201,bhai kya support ticket me video recording attach karne ka option size limit 50MB tak increase ho sakta hai?,hinglish,customer_support,suggestion,neutral,ticket,other_relevant_issue,none,none,moderate,Increase attachment size limits on support tickets.
CS202,"The support person was polite and patient, but the noise from roosters crowing in his background made comprehension difficult.",english,customer_support,complaint,mixed,call_support,poor_communication,low,none,moderate,Ensure quiet work-from-home environments for agents.
CS203,Customer care database leaked my registered email address to third-party telemarketers after logging a support complaint.,english,customer_support,complaint,negative,account_support,account_support_issue,high,none,moderate,Audit customer data privacy in ticketing software.
CS204,"Fast dispute resolution, erroneous late payment penalty was reversed to my ledger within twenty minutes of raising chat request.",english,customer_support,appreciation,positive,issue_resolution,no_issue,none,none,simple,none
CS205,bhai customer support ne bola 'we are closing this ticket due to inactivity' jabki ball unke court me thi,hinglish,customer_support,complaint,negative,ticket,incomplete_resolution,medium,none,simple,Do not close tickets awaiting internal action.
CS206,Does this company provide dedicated enterprise account managers for priority software integration tickets?,english,customer_support,question,neutral,account_support,no_issue,none,none,moderate,none
CS207,"Honestly, the automated chatbot was surprisingly smart and processed my order cancellation and refund in thirty seconds.",english,customer_support,appreciation,positive,automation,no_issue,none,none,moderate,none
CS208,bhai app me help section open karne par blank white screen aati hai load hi nahi hota glitchy support tab,hinglish,customer_support,complaint,negative,technical_support,technical_support_issue,medium,none,moderate,Fix white screen crash on app help section.
CS209,Customer support portals should display previous ticket histories in an easily searchable archive.,english,customer_support,suggestion,neutral,ticket,other_relevant_issue,none,none,moderate,Provide searchable ticket history archives.
CS210,"The representative sounded polite initially, but his tone became sharply defensive when I pointed out a billing calculation error.",english,customer_support,complaint,negative,agent_behavior,poor_communication,low,none,moderate,Train staff to accept calculation feedback constructively.
CS211,"Quick and polite service, representative unlocked my two-factor authentication lockout within three minutes.",english,customer_support,appreciation,positive,issue_resolution,no_issue,none,none,simple,none
CS212,bhai email support team ne 5 din baad template reply bheja jisme likha tha 'contact our phone helpline' frustrating,hinglish,customer_support,complaint,negative,email_support,email_delay,high,none,moderate,Resolve email tickets without redirecting to phone.
CS213,Can a customer request an official transcript of telephone support calls for arbitration purposes?,english,customer_support,question,neutral,call_support,no_issue,none,none,moderate,none
CS214,"The executive was friendly and attentive, though she had to place me on hold three times to consult backend technical teams.",english,customer_support,complaint,mixed,waiting_time,long_waiting_time,medium,none,moderate,Improve frontline agent technical knowledge base.
CS215,"Disgusting conduct, support agent shared my personal phone number with local delivery driver who called and harassed me at midnight.",english,customer_support,complaint,negative,agent_behavior,rude_agent,high,severe,Maintain passenger phone masking protocols strictly.,
CS216,bhai representative ne bohot sweetly explain kiya aur mere wallet me pending cashback instantly credit karwa diya,hinglish,customer_support,appreciation,positive,agent_behavior,no_issue,none,none,simple,none
CS217,"Customer support desk took nine days to respond to my complaint regarding unauthorized credit card deduction, zero accountability.",english,customer_support,complaint,negative,response_time,slow_response,medium,none,moderate,Prioritize unauthorized transaction complaints.
CS218,Include an option to report agent rudeness directly from the post-call automated rating prompt.,english,customer_support,suggestion,neutral,complaint_handling,other_relevant_issue,none,none,moderate,Add an option to report agent misconduct on IVR.
CS219,Is there an emergency hotline available for reporting compromised digital wallets outside business hours?,english,customer_support,question,neutral,availability,no_issue,none,none,moderate,none
CS220,"The live chat agent resolved my query accurately, though she took nearly five minutes between consecutive message replies.",english,customer_support,appreciation,mixed,chat_support,slow_response,none,none,complex,Reduce message response gaps during live chat.
CS221,bhai call center executive ne issue sune bina bola 'sir policy allow nahi karti' aur disconnect kar diya careless fellow,hinglish,customer_support,complaint,negative,agent_behavior,rude_agent,high,mild,Ensure reps listen to full context before quoting policy.,
CS222,"The escalation manager reviewed my grievance with utmost professionalism, waived disputed fee, and sent written apology.",english,customer_support,appreciation,positive,escalation,no_issue,none,none,moderate,none
CS223,"Support representative refused to escalate my data breach complaint to data protection officer, violating compliance norms.",english,customer_support,complaint,negative,escalation,escalation_delay,high,none,moderate,Mandate immediate routing for data privacy grievances.
CS224,bhai ticket status 'in progress' show karta hai par 10 din se koi engineer assign hi nahi hua kyu?,hinglish,customer_support,question,negative,ticket,ticket_delay,medium,none,moderate,Assign technical tickets to engineers promptly.
CS225,"The customer service agent was courteous, but the automated voice recognition software failed repeatedly to capture my account ID.",english,customer_support,complaint,mixed,call_support,poor_communication,low,none,simple,Upgrade voice recognition accuracy in IVR.
CS226,"Super smooth onboarding assistance, executive guided me through multi-factor authentication setup without any technical hitches.",english,customer_support,appreciation,positive,account_support,no_issue,none,none,simple,none
CS227,bhai helpline pe regional language select kiya par agent ne bola 'Hindi me bolo ya English me',hinglish,customer_support,complaint,negative,language_support,language_barrier,low,none,simple,Staff advertised regional language queues accurately.
CS228,Support platforms should display clear real-time updates when systemic outages affect overall response turnaround.,english,customer_support,suggestion,neutral,communication,other_relevant_issue,none,none,moderate,Broadcast outage advisories on support landing pages.
CS229,The technical specialist walked me through terminal debugging commands calmly and stayed online until unit tests passed.,english,customer_support,appreciation,positive,technical_support,no_issue,none,none,moderate,none
CS230,Support agent hung up on me when I requested to speak with a level-2 supervisor regarding ongoing billing errors.,english,customer_support,complaint,negative,agent_behavior,rude_agent,medium,none,moderate,Enforce supervisor escalation upon customer request.
CS231,bhai kya complaint file karne ke baad official acknowledgement letter PDF format me mil sakta hai?,hinglish,customer_support,question,neutral,ticket,no_issue,low,none,moderate,none
CS232,"The chat representative was helpful and well-mannered, though she could not reverse an expired coupon without engineering approval.",english,customer_support,complaint,mixed,agent_behavior,incomplete_resolution,low,none,moderate,Grant frontline staff authority for minor coupon renewals.
CS233,"Clean resolution, executive clarified ambiguous tax headers on my subscription invoice and issued revised statement.",english,customer_support,appreciation,positive,issue_resolution,no_issue,none,none,moderate,none
CS234,bhai ticket close kar di aur bola 'resolved' par jab app open kiya to feature abhi bhi broken tha nonsense support,hinglish,customer_support,complaint,negative,ticket,incomplete_resolution,high,mild,Verify technical bug fixes before closing tickets.,
CS235,Please allow customers to re-open closed tickets within thirty days if the same issue reoccurs.,english,customer_support,suggestion,neutral,ticket,other_relevant_issue,none,none,moderate,Allow ticket re-opening within thirty days.
CS236,Support agent called me back to insult me after I gave a 1-star rating on automated survey criminal vindictive behavior,english,customer_support,complaint,negative,agent_behavior,rude_agent,high,severe,Block agent access to customer numbers post-survey.,
CS237,"Arrived right on schedule, executive processed my SIM replacement verification smoothly and handed over new card within five minutes.",english,customer_support,appreciation,positive,verification,no_issue,none,none,simple,none
CS238,kya corporate billing accounts ke liye dedicated phone desk available rehta hai weekends par?,hinglish,customer_support,question,neutral,availability,no_issue,none,none,moderate,none
CS239,"The chat assistant answered promptly, though she repeatedly directed me to FAQ articles that had outdated screenshots.",english,customer_support,complaint,mixed,communication,poor_communication,low,none,complex,Keep help center documentation screenshots updated.
CS240,bhai support agent ne 500 rupay fee waiver ka promise kiya par final statement me full charge laga diya dishonest conduct,hinglish,customer_support,complaint,negative,communication,wrong_information,medium,none,moderate,Record agent commitments in customer billing systems.
CS241,"Executive entered wrong IFSC code during refund processing, sending four thousand rupees to an unknown account.",english,customer_support,complaint,negative,refund_support,refund_support_delay,high,none,moderate,Verify banking details carefully before refund disbursement.
CS242,"The customer care manager handled my complaint with extreme maturity, processed full refund, and sent a formal apology letter.",english,customer_support,appreciation,positive,complaint_handling,no_issue,none,none,moderate,none
CS243,Can customer support provide an audited breakdown of data usage logs for disputed broadband billing cycles?,english,customer_support,question,neutral,account_support,no_issue,none,none,moderate,none
CS244,bhai helpdesk ne ticket number 9921 close kardi bina mujhe inform kiye aur koi resolution notes nahi diye,hinglish,customer_support,complaint,negative,ticket,incomplete_resolution,medium,none,simple,Send automated closure summaries on all tickets.
CS245,"Not terrible at all, but having to repeat my address and account number to three successive agents was somewhat tedious.",english,customer_support,informational,mixed,department_transfer,repeated_contact,low,none,moderate,none
CS246,The technical executive stayed on call for forty minutes helping me configure router port forwarding rules patiently.,english,customer_support,appreciation,positive,technical_support,no_issue,none,none,moderate,none
CS247,bhai customer support ne verification ke naam pe mera private bank password manga extreme security violation,hinglish,customer_support,complaint,negative,verification,verification_problem,medium,none,simple,Educate agents on banking password privacy protocols.
CS248,Support systems should automatically trigger an internal review when an agent receives three consecutive 1-star ratings.,english,customer_support,suggestion,neutral,complaint_handling,other_relevant_issue,none,none,moderate,Trigger internal reviews on consecutive low ratings.
CS249,"Pristine customer care experience, representative was knowledgeable, polite, and verified my identity in thirty seconds.",english,customer_support,appreciation,positive,agent_behavior,no_issue,none,none,simple,none
CS250,bhai WhatsApp support bot me 'talk to human' click karne par bot error 404 show karta hai broken integration,hinglish,customer_support,complaint,negative,automation,automated_response_issue,medium,none,moderate,Fix human agent routing in WhatsApp bot.
CS251,"The frontline executive was very friendly, but she lacked authorization to alter payment due dates on active plans.",english,customer_support,complaint,mixed,agent_behavior,incomplete_resolution,low,none,moderate,Empower frontline reps to grant short payment extensions.
CS252,Why did the customer helpline representative insist on personal social media details during verification?,english,customer_support,question,negative,verification,verification_problem,low,none,moderate,Standardize identity verification protocols strictly.
CS253,"Flawless technical support, representative diagnosed DNS cache corruption immediately and guided flush commands via chat.",english,customer_support,appreciation,positive,technical_support,no_issue,none,none,moderate,none
CS254,bhai customer care ne meri complaint reject kardi bolte hain 24 ghante ke andar aana chahiye tha unreasonable policy,hinglish,customer_support,complaint,negative,complaint_handling,poor_communication,high,mild,Extend complaint filing windows for service defects.,
CS255,"I wouldn't say the support was completely unhelpful, but receiving generic template responses for five days was frustrating.",english,customer_support,complaint,mixed,communication,poor_communication,low,none,moderate,Discourage repetitive template replies on open tickets.
CS256,Help desks should introduce an option to schedule a phone callback at a convenient time slot.,english,customer_support,suggestion,neutral,callback,other_relevant_issue,none,none,moderate,Allow customers to schedule callback time slots.
CS257,"Executive spoke with warmth and empathy, waived late fees caused by bank holiday delays, and resolved query on first contact.",english,customer_support,appreciation,positive,agent_behavior,no_issue,none,none,moderate,none
CS258,bhai email response me agent ne mera name galat likha aur query kisi aur customer ki answer kardi extreme mix up,hinglish,customer_support,complaint,negative,email_support,poor_communication,medium,none,simple,Ensure email replies match customer ticket records.
CS259,Is it permissible to request a transcript of chat support conversations for legal accounting verification?,english,customer_support,question,neutral,chat_support,no_issue,none,none,moderate,none
CS260,"Clean and fast customer support, ticket resolved within thirty minutes, SMS update delivered, completely satisfied.",english,customer_support,appreciation,positive,issue_resolution,no_issue,none,none,moderate,none
CS261,pathetic customer care executive called me a liar when I reported missing package contents completely abusive staff,english,customer_support,complaint,negative,agent_behavior,rude_agent,high,severe,Discipline agents who accuse customers of lying.,
CS262,bhai support team ne 12 din se KYC verification pending rakha hai account se transactions blocked hain no help,hinglish,customer_support,complaint,negative,verification,verification_problem,high,none,simple,Accelerate pending KYC verification backlogs.
CS263,"Representative handled my corporate account migration smoothly, coordinated with engineering, and ensured zero downtime.",english,customer_support,appreciation,positive,account_support,no_issue,none,none,moderate,none
CS264,"The support executive was polite and well-spoken, though she gave incorrect information regarding warranty claim documents.",english,customer_support,appreciation,mixed,communication,wrong_information,low,none,complex,Keep frontline staff updated on warranty claim norms.
CS265,Can customers escalate unresolved complaints directly to the regional regulatory appellate authority?,english,customer_support,question,neutral,escalation,no_issue,none,none,moderate,none
CS266,Customer service executive verified my registered mobile number via OTP and updated shipping address within two minutes.,english,customer_support,appreciation,positive,issue_resolution,no_issue,none,none,moderate,none
CS267,bhai chat support me agent ne 'please hold for 2 minutes' bola aur 25 minute gayab raha disrespectful behavior,hinglish,customer_support,complaint,negative,chat_support,slow_response,medium,none,moderate,Enforce active presence limits on live chat agents.
CS268,Support portals should allow customers to download audio recordings of telephone interactions directly from profile.,english,customer_support,suggestion,neutral,call_support,other_relevant_issue,none,none,moderate,Allow customers to request call audio recordings.
CS269,"Super clean resolution, representative identified corrupted user profile cache and reset authentication tokens in sixty seconds.",english,customer_support,appreciation,positive,technical_support,no_issue,none,none,simple,none
CS270,bhai helpline pe 45 minute wait karne ke baad bolte hain 'office hours are over please call tomorrow' ridiculous,hinglish,customer_support,complaint,negative,call_support,long_waiting_time,medium,none,moderate,Announce closing times before customers enter hold queues.
CS271,"The agent was courteous and patient, but the screen sharing software used had heavy lag making troubleshooting sluggish.",english,customer_support,complaint,mixed,technical_support,technical_support_issue,low,none,moderate,Upgrade remote screen sharing diagnostic tools.
CS272,"Executive listened to my grievance attentively, apologized for the delivery delay, and issued a complimentary wallet credit.",english,customer_support,appreciation,positive,complaint_handling,no_issue,none,none,moderate,none
CS273,"Authentic premier customer care, relationship manager handled my portfolio transfer with extreme diligence and clarity.",english,customer_support,appreciation,positive,account_support,no_issue,none,none,moderate,none
CS274,bhai agent ne rude tone me bola 'jahan complain karni hai kar lo' jab maine escalation manga completely unprofessional,hinglish,customer_support,complaint,negative,agent_behavior,rude_agent,high,mild,Take strict action on agents refusing escalations.,
CS275,Are senior citizens entitled to priority queuing on customer support telephone helplines?,english,customer_support,question,neutral,waiting_time,no_issue,none,none,moderate,none
CS276,"Response took twenty minutes past the initial SLA, but the representative resolved the billing dispute thoroughly on first contact.",english,customer_support,informational,mixed,response_time,slow_response,low,none,moderate,none
CS277,"Raised cancellation request via app, customer desk validated within three minutes, full refund credited instantly.",english,customer_support,appreciation,positive,issue_resolution,no_issue,none,none,simple,none
CS278,bhai email pe complaint daali thi unhone automated reply me bola 'use our mobile app' email channel band hi kardo fir,hinglish,customer_support,complaint,negative,email_support,poor_communication,medium,none,moderate,Support incoming email inquiries without channel bouncing.
CS279,Include an option to provide specific feedback on chatbot accuracy before being transferred to human staff.,english,customer_support,suggestion,neutral,automation,other_relevant_issue,none,none,moderate,Collect granular user feedback on chatbot accuracy.
CS280,"The customer support representative was very polite, though she had to check with supervisors for every basic query.",english,customer_support,appreciation,mixed,agent_behavior,none,low,none,moderate,Empower frontline agents with comprehensive knowledge.
CS281,Worst support service ever agent started yelling at me when I asked for a refund of duplicate payment criminal fraudsters,english,customer_support,complaint,negative,agent_behavior,rude_agent,high,severe,Terminate support agents who shout at customers.,
CS282,bhaiya customer care officer ne railway refund verify karwaya aur bank credit confirmation slip bhej di very kind person,hinglish,customer_support,appreciation,positive,refund_support,no_issue,none,none,simple,none
CS283,Why did the customer helpline disconnect my call while I was on hold waiting for supervisor escalation?,english,customer_support,question,negative,call_support,chat_disconnect,high,none,moderate,Prevent call drop-offs during supervisor transfers.
CS284,"Customer representative gave wrong advice regarding SIM porting, causing my active business number to get permanently deactivated.",english,customer_support,complaint,negative,communication,wrong_information,high,none,moderate,Audit agent knowledge regarding mobile number portability.
CS285,"The support portal UI is sleek, ticket tracking updates in real time, and resolution documentation is comprehensive.",english,customer_support,appreciation,positive,ticket,no_issue,none,none,moderate,none
CS286,bhai customer support ne bola 24 ghante me technician aayega par 4 din ho gaye koi visit nahi hui,hinglish,customer_support,complaint,negative,service_request,slow_response,low,none,moderate,Honor field technician appointment timelines.
CS287,"Agent was well-spoken, but she could not reverse an erroneous platform surcharge without manager sign-off.",english,customer_support,complaint,mixed,agent_behavior,incomplete_resolution,low,none,moderate,Grant frontline agents authority for minor fee adjustments.
CS288,Offer an option to save preferred support channel preferences like email or chat directly in customer profile.,english,customer_support,suggestion,neutral,communication,other_relevant_issue,none,none,moderate,Allow customers to set default support channels.
CS289,"Outstanding technical support, engineer diagnosed API rate limiting error immediately and adjusted quota on dashboard.",english,customer_support,appreciation,positive,technical_support,no_issue,none,none,simple,none
CS290,bhai agent ne ticket pe likh diya 'customer satisfied' jabki issue bilkul solve nahi hua fraud reporting,hinglish,customer_support,complaint,negative,ticket,incomplete_resolution,high,none,moderate,Validate customer satisfaction before closing tickets.
CS291,"The support executive was helpful, though her headphone microphone had loud background office chatter.",english,customer_support,complaint,mixed,communication,poor_communication,low,none,moderate,Equip support staff with noise-canceling headsets.
CS292,"Supervisor called back to apologize for initial delay, credited dispute amount, and provided direct extension for future queries.",english,customer_support,appreciation,positive,escalation,no_issue,none,none,moderate,none
CS293,rogue customer support agent demanded five hundred cash payment to expedite account recovery illegal extortion,english,customer_support,complaint,negative,agent_behavior,rude_agent,high,severe,Institute strict anti-bribery vigilance in support teams.,
CS294,bhai ticket close kar di aur bola 're-open if needed' par portal pe re-open button disabled hai,hinglish,customer_support,complaint,negative,ticket,incomplete_resolution,medium,none,simple,Ensure re-open buttons are functional on closed tickets.
CS295,Does this support platform offer dedicated enterprise Slack or Teams channel integration for tier-1 incidents?,english,customer_support,question,neutral,chat_support,no_issue,none,none,moderate,none
CS296,"Prompt resolution, customer representative checked transaction logs and initiated wallet refund within four minutes.",english,customer_support,appreciation,positive,refund_support,no_issue,none,none,simple,none
CS297,bhai support agent ne pucha 'are you stupid' jab maine billing breakdown dubara explain karne ko bola extreme abuse,hinglish,customer_support,complaint,negative,agent_behavior,rude_agent,high,mild,Penalize support agents using abusive language.,
CS298,Support portals should provide a live queue position tracker showing how many customers are ahead in chat queue.,english,customer_support,suggestion,neutral,chat_support,other_relevant_issue,none,none,moderate,Display live queue position in chat queues.
CS299,"The support person was polite, though she had to escalate the request because tier-1 has no refund permissions.",english,customer_support,complaint,mixed,department_transfer,department_transfer_delay,low,none,moderate,Empower frontline agents with basic refund capabilities.
CS300,"Smooth support interaction, verified credentials cleanly, resolved account block, and received confirmation SMS within minutes.",english,customer_support,appreciation,positive,issue_resolution,no_issue,none,none,simple,none
CS301,bhai mobile app me support ticket create karne par 'network error 404' show karta hai backend broken hai,hinglish,customer_support,complaint,negative,ticket,other_relevant_issue,medium,none,moderate,Fix network error 404 on in-app ticket submissions.
CS302,"The support team failed to resolve my broadband outage for five days, providing repetitive automated copy-paste replies.",english,customer_support,complaint,negative,communication,poor_communication,high,none,moderate,Provide substantive updates instead of generic scripts.
CS303,"Helpful and polite representative, guided me through forgotten password recovery with zero frustration, very pleased.",english,customer_support,appreciation,positive,account_support,no_issue,none,none,moderate,none
CS304,bhai live chat me agent ne bina bataye chat terminate kardi jab maine refund status pucha careless behavior,hinglish,customer_support,complaint,negative,chat_support,chat_disconnect,high,none,simple,Prohibit agents from terminating chats unilaterally.
CS305,"Not the fastest support team, but the executive's thorough understanding of taxation rules made resolving the dispute easy.",english,customer_support,appreciation,mixed,agent_behavior,none,none,none,moderate,none
CS306,Can customer support platforms provide a single-click option to request a senior supervisor escalation?,english,customer_support,suggestion,neutral,escalation,other_relevant_issue,none,none,moderate,Add a one-click supervisor escalation button.
CS307,"The customer support executive handled my distress with empathy, expedited emergency SIM replacement within twenty minutes.",english,customer_support,appreciation,positive,agent_behavior,no_issue,none,none,moderate,none
CS308,bhai email pe 5 din se koi acknowledgment nahi aaya auto-mailer bhi broken lagta hai tumhara,hinglish,customer_support,complaint,negative,email_support,email_delay,medium,none,simple,Ensure auto-acknowledgments trigger on incoming emails.
CS309,Why does the automated chatbot force users through five trivia questions before offering live agent transfer?,english,customer_support,question,negative,automation,automated_response_issue,low,none,moderate,Streamline chatbot path to connect with live agents.
CS310,"Clear and competent phone support, representative checked transaction logs and resolved disputed fee in four minutes.",english,customer_support,appreciation,positive,call_support,no_issue,none,none,moderate,none
CS311,"The agent was well-mannered, though she mistakenly canceled the wrong active subscription on my family plan.",english,customer_support,complaint,mixed,account_support,account_support_issue,low,none,complex,Confirm subscription IDs carefully before cancellations.
CS312,bhai helpline pe agent ne call hold pe daal kar personal gossip shuru kardi mic mute karna bhool gaya disgraceful,hinglish,customer_support,complaint,negative,agent_behavior,rude_agent,high,mild,Monitor agent call etiquette and background audio.,
CS313,"Delivery of resolution was within committed SLA, received comprehensive diagnostic report on email, very satisfied.",english,customer_support,appreciation,positive,issue_resolution,no_issue,none,none,simple,none
CS314,kya customer support team foreign language translation tools use karke international tickets resolve karti hai?,hinglish,customer_support,question,neutral,language_support,no_issue,none,none,simple,none
CS315,"The support person was polite, but the phone line suffered from loud static and audio drops throughout our conversation.",english,customer_support,complaint,mixed,call_support,poor_communication,low,none,moderate,Inspect call center telephony lines for static.
CS316,Allow customers to preview attached documents inside the support portal before finalizing ticket submission.,english,customer_support,suggestion,neutral,ticket,other_relevant_issue,none,none,moderate,Add document preview feature in ticket submission.
CS317,"Support representative spoke fluent Bengali, helping my grandmother resolve her pension account verification without anxiety.",english,customer_support,appreciation,positive,language_support,no_issue,none,none,moderate,none
CS318,bhai agent ne ticket close kar diya stating 'resolved' jabki portal pe error code abhi bhi persist kar raha hai,hinglish,customer_support,complaint,negative,ticket,incomplete_resolution,high,none,simple,Verify issue resolution before marking tickets closed.
CS319,Is there a penalty deduction if customer support takes over fifteen days to resolve an unauthorized wallet debit?,english,customer_support,question,neutral,refund_support,no_issue,none,none,moderate,none
CS320,"The customer service agent was pleasant, though she took twenty minutes to navigate her internal knowledge database.",english,customer_support,complaint,mixed,waiting_time,long_waiting_time,low,none,moderate,Improve agent knowledge base search speed.
CS321,"Representative verified my disputed bill copy, identified the double taxation glitch, and credited my balance in five minutes.",english,customer_support,appreciation,positive,issue_resolution,no_issue,none,none,simple,none
CS322,bhai email reply me bot ne template text bhej diya jisme mere actual question ka koi mention nahi tha useless,hinglish,customer_support,complaint,negative,email_support,poor_communication,high,none,simple,Review customer questions before sending email replies.
CS323,Can support platforms provide clear guidelines on required document formats like PDF versus JPEG before upload?,english,customer_support,suggestion,neutral,verification,other_relevant_issue,none,none,moderate,Specify acceptable file formats clearly on upload forms.
CS324,"I wouldn't call the support team incompetent, but receiving contradictory advice from two different agents was frustrating.",english,customer_support,complaint,mixed,communication,wrong_information,low,none,complex,Standardize policy training to ensure consistent advice.
CS325,support agent shouted at me claiming I was wasting his time when I asked for a written refund confirmation criminal thug,english,customer_support,complaint,negative,agent_behavior,rude_agent,high,severe,Terminate support agents who display aggressive behavior.,
CS326,bhaiya support agent ne call disconnect hone ke baad khud phone karke issue complete solve karwaya thank you so much,hinglish,customer_support,appreciation,positive,callback,no_issue,none,none,moderate,none
CS327,How long does customer support take to investigate damaged goods claims submitted through mobile app?,english,customer_support,question,neutral,complaint_handling,no_issue,none,none,moderate,none
CS328,"The technical representative was certified, solved my SSL certificate handshake error in ten minutes, flawless assistance.",english,customer_support,appreciation,positive,technical_support,no_issue,none,none,moderate,none
CS329,bhai ticket confirm ho gaya tha par agent ne follow up karna band kar diya 10 din se pending hai zero help,hinglish,customer_support,complaint,negative,follow_up,slow_response,medium,none,moderate,Enforce regular follow-up schedules on open tickets.
CS330,"The customer support executive was polite, though the live chat widget kept crashing every time I uploaded a photo.",english,customer_support,complaint,mixed,chat_support,chat_disconnect,low,none,moderate,Fix image upload stability in live chat widget.
CS331,"Prompt assistance by support desk, reversed fraudulent debit card charges and issued a replacement card in twenty minutes.",english,customer_support,appreciation,positive,issue_resolution,no_issue,none,none,moderate,none
CS332,bhai agent ne call pe hold pe daal diya aur bhool gaya 30 minute baad line automatic cut ho gayi terrible management,hinglish,customer_support,complaint,negative,call_support,long_waiting_time,medium,none,moderate,Implement alerts for calls held past five minutes.
CS333,Provide dedicated quiet business support queues for enterprise customers running production server workloads.,english,customer_support,suggestion,neutral,availability,other_relevant_issue,none,none,moderate,Establish dedicated priority queues for enterprise users.
CS334,Can account holders request an official signed copy of support interaction summaries for legal accounting?,english,customer_support,question,neutral,account_support,no_issue,none,none,moderate,none
CS335,"Immaculate support interaction, executive verified OTP, unlocked account, and sent security recommendation checklist immediately.",english,customer_support,appreciation,positive,account_support,no_issue,none,none,simple,none
CS336,bhai support agent ne call me background music play kar rakha tha sunai hi nahi diya kya bol raha hai,hinglish,customer_support,complaint,negative,call_support,poor_communication,medium,mild,Ensure call center floors maintain quiet acoustics.,
CS337,"The customer support team resolved my query, though waiting on hold for twenty-five minutes was somewhat excessive.",english,customer_support,appreciation,mixed,waiting_time,long_waiting_time,low,none,simple,Reduce phone queue waiting durations.
CS338,"Representative answered all questions calmly, guided me through the tariff calculation, and resolved billing query.",english,customer_support,appreciation,positive,agent_behavior,no_issue,none,none,moderate,none
CS339,bhai app pe ticket status 'closed' dikhata hai par refund bank me credit nahi hua customer support doesn't care,hinglish,customer_support,complaint,negative,refund_support,refund_support_delay,low,none,moderate,Verify bank credit confirmations before closing tickets.
CS340,Is customer telephone support accessible via international toll-free numbers from overseas circles?,english,customer_support,question,neutral,call_support,no_issue,none,none,moderate,none
CS341,"Pristine customer support, agent was patient, knowledgeable, and guided my mother through digital KYC step by step.",english,customer_support,appreciation,positive,verification,no_issue,none,none,moderate,none
CS342,bhai helpline line 20 minute hold ke baad cut ho gayi koi callback nahi aaya emergency me aisi service ghatiya hai,hinglish,customer_support,complaint,negative,call_support,long_waiting_time,high,none,simple,Implement automated callbacks on dropped queue calls.
CS343,"The customer service agent was knowledgeable, but the company portal took twenty minutes to generate the duplicate invoice.",english,customer_support,complaint,mixed,resolution_time,slow_response,low,none,moderate,Speed up backend reporting engines in customer portals.
CS344,Support platforms should offer an automated SMS notification when an assigned technician is within thirty minutes of arrival.,english,customer_support,suggestion,neutral,service_request,other_relevant_issue,none,none,moderate,Send arrival alerts for field technician visits.
CS345,"Superb customer support experience, representative identified the database lock, cleared cache, and verified login in two minutes.",english,customer_support,appreciation,positive,issue_resolution,no_issue,none,none,moderate,none
CS346,bhai support representative ne call pe argument shuru kardi jab maine wrong billing ka breakdown manga careless staff,hinglish,customer_support,complaint,negative,agent_behavior,rude_agent,high,mild,Train staff to explain billing breakdowns patiently.,
CS347,What is the official procedure for filing an appeal with the appellate authority if customer service rejects a claim?,english,customer_support,question,neutral,escalation,no_issue,none,none,moderate,none
CS348,"Delivered resolution within committed time, received revised invoice copy on email with clear line-item tax details.",english,customer_support,appreciation,positive,issue_resolution,no_issue,none,none,simple,none
CS349,bhai agent ne bola 'this is not our problem talk to merchant' jabki payment gateway tumhara use hua tha irresponsible,hinglish,customer_support,complaint,negative,complaint_handling,poor_communication,high,none,moderate,Take responsibility for platform payment gateway failures.
CS350,"The support person was polite and well-spoken, though she had to consult backend engineering for every standard question.",english,customer_support,appreciation,mixed,agent_behavior,none,low,none,moderate,Train frontline staff on standard operating procedures.
CS351,"Customer care supervisor intervened promptly, reversed the erroneous late fee, and sent a formal written confirmation.",english,customer_support,appreciation,positive,escalation,no_issue,none,none,moderate,none
CS352,bhai ticket raise kiye 10 din ho gaye koi human agent respond nahi kar raha sirf automated bot looping chalu hai,hinglish,customer_support,complaint,negative,automation,automated_response_issue,high,none,simple,Escalate bot tickets to human agents within 24 hours.
CS353,Please allow customers to rate support agents on specific dimensions like technical knowledge and politeness separately.,english,customer_support,suggestion,neutral,agent_behavior,other_relevant_issue,none,none,moderate,Provide multi-dimensional agent rating surveys.
CS354,"Clean resolution, representative answered all questions calmly, corrected billing discrepancy, and sent updated invoice copy.",english,customer_support,appreciation,positive,issue_resolution,no_issue,none,none,moderate,none
CS355,bhai customer support ne 2 ghante wait karwaya chat pe aur bola 'system down hai kal aana' pathetic management,hinglish,customer_support,complaint,negative,chat_support,slow_response,medium,none,moderate,Notify customers promptly when backend systems are down.
CS356,Does your customer support organization provide certified ISO quality compliance audit reports to enterprise buyers?,english,customer_support,question,neutral,complaint_handling,no_issue,none,none,moderate,none
CS357,"The response arrived on time and the agent was courteous, though the resolution provided did not fix the backend bug.",english,customer_support,complaint,mixed,issue_resolution,incomplete_resolution,low,none,moderate,Verify technical bug fixes before closing tickets.
CS358,"Self-service help desk is intuitive, ticket tracking shows real-time progress, and agent notes are clear and transparent.",english,customer_support,appreciation,positive,ticket,no_issue,none,none,simple,none
CS359,bhai ticket number 44102 close kardi bina issue solve kiye aur feedback link bheja shameless support team,hinglish,customer_support,complaint,negative,ticket,incomplete_resolution,medium,none,simple,Require customer verification before closing tickets.
CS360,Allow users to save specific complex inquiries as draft tickets before submitting attachments.,english,customer_support,suggestion,neutral,ticket,other_relevant_issue,none,none,moderate,Enable draft ticket saving on support portals.
CS361,"The representative was polite and pleasant, but his keyboard typing was so loud it drowned out his voice during the call.",english,customer_support,complaint,mixed,communication,poor_communication,low,none,moderate,Provide quieter keyboards for call center agents.
CS362,bhai customer care ne 5 din se koi update nahi diya aur phone karne par bolte hain 'under process' irritating delay,hinglish,customer_support,complaint,negative,follow_up,slow_response,high,mild,Provide substantive updates instead of generic replies.,
CS363,"Clean and polite service, representative verified my account credentials, unlocked profile, and stayed online until I logged in.",english,customer_support,appreciation,positive,issue_resolution,no_issue,none,none,moderate,none
CS364,Where can I check if our enterprise support account is entitled to four-hour resolution SLA for server outages?,english,customer_support,question,neutral,resolution_time,no_issue,none,none,simple,none
CS365,Customer care executive started abusing loudly and threatened to cancel my service when I questioned delayed technician visit,english,customer_support,complaint,negative,agent_behavior,rude_agent,high,severe,Institute zero tolerance for abusive customer support reps.,
CS366,bhaiya agent ne mera complex billing dispute calmly verify karwaya aur excess amount credit kar diya great service,hinglish,customer_support,appreciation,positive,agent_behavior,no_issue,none,none,simple,none
CS367,"The support was polite and resolved the issue, though finding the phone helpline number on the website was difficult.",english,customer_support,complaint,mixed,availability,other_relevant_issue,low,none,simple,Display customer helpline numbers prominently.
CS368,Provide an option on help portals to request technical support from senior engineers for architectural bugs.,english,customer_support,suggestion,neutral,technical_support,other_relevant_issue,none,none,moderate,Offer direct access to senior technical engineers.
CS369,"Prompt assistance by chat representative, guided me through forgotten password recovery with zero friction, very impressed.",english,customer_support,appreciation,positive,chat_support,no_issue,none,none,moderate,none
CS370,bhai live chat me 45 minute wait karne ke baad agent ne bola 'I cannot help with this' aur chat terminate kardi,hinglish,customer_support,complaint,negative,chat_support,chat_disconnect,high,mild,Ensure agents route unresolved inquiries before disconnect.,
CS371,Can customer support provide an audited copy of telephone recordings for legal dispute documentation?,english,customer_support,question,neutral,call_support,no_issue,none,none,moderate,none
CS372,"Delivered resolution within committed time, received updated invoice copy on email with clear breakdown.",english,customer_support,appreciation,positive,issue_resolution,no_issue,none,none,simple,none
CS373,bhai agent ne ticket pe likh diya 'resolved' jabki portal pe error code abhi bhi show ho raha hai careless work,hinglish,customer_support,complaint,negative,ticket,incomplete_resolution,high,none,simple,Confirm bug resolution with customer before closing tickets.
CS374,"The support executive was helpful, though her headphone microphone had noticeable background office chatter.",english,customer_support,informational,mixed,communication,poor_communication,low,none,moderate,Provide noise-canceling headsets for support staff.
CS375,Help desks should introduce an option to schedule a phone callback at a convenient time slot.,english,customer_support,suggestion,neutral,callback,other_relevant_issue,none,none,moderate,Allow customers to schedule callback time slots.
CS376,"Spotless customer care, agent was patient, knowledgeable, and guided my mother through digital KYC step by step.",english,customer_support,appreciation,positive,agent_behavior,no_issue,none,none,moderate,none
CS377,bhai support agent ne pucha 'are you stupid' jab maine billing breakdown dubara explain karne ko bola extreme abuse,hinglish,customer_support,complaint,negative,agent_behavior,rude_agent,high,severe,Penalize support agents using abusive language.,
CS378,Does your customer care team have a dedicated accessibility desk for hearing-impaired customers?,english,customer_support,question,neutral,availability,no_issue,none,none,moderate,none
CS379,"The live chat agent was polite and attentive, though she had to transfer me twice because tier-1 had no refund permissions.",english,customer_support,complaint,mixed,department_transfer,department_transfer_delay,low,none,moderate,Empower frontline agents with basic refund capabilities.
CS380,bhaiya support agent ne call disconnect hone ke baad khud call back kiya aur ticket finalize karwaya impressive dedication,hinglish,customer_support,appreciation,positive,callback,no_issue,none,none,moderate,none
CS381,"The support rep understood the bug immediately, though backend engineering took four business days to push the hotfix.",english,customer_support,appreciation,mixed,technical_support,slow_response,none,none,moderate,Accelerate hotfix deployments for verified bugs.
CS382,bhai ticket create karne par error 500 aa raha hai portal pe support reach out karne ka koi alternative nahi hai,hinglish,customer_support,complaint,negative,ticket,other_relevant_issue,medium,none,simple,Provide fallback email contact on portal outage.
CS383,Offer options for customers to receive itemized billing statements via encrypted password-protected WhatsApp messages.,english,customer_support,suggestion,neutral,communication,other_relevant_issue,none,none,moderate,Deliver encrypted PDF billing statements via WhatsApp.
CS384,Can international tourists purchase short-term prepaid voice and data SIM cards using verified foreign passport credentials?,english,customer_support,question,neutral,account_support,no_issue,none,none,simple,none
CS385,"The technical support was reliable, but uploading diagnostic log files over mobile network took too long.",english,customer_support,complaint,mixed,technical_support,technical_support_issue,low,none,moderate,Optimize diagnostic log upload tools on support portal.
CS386,"Smooth resolution, received ticket closure confirmation on email, zero issues experienced.",english,customer_support,appreciation,positive,issue_resolution,no_issue,none,none,simple,none
CS387,bhai mobile app me bill payment receipts download nahi hoti error code 404 show karta hai billing records access nahi ho rahe,hinglish,customer_support,complaint,negative,account_support,account_support_issue,medium,none,simple,Fix broken download links on billing history portal.
CS388,Customer service desk guided me through unlocking my PUK-locked SIM card over phone with polite and patient instructions.,english,customer_support,appreciation,positive,call_support,no_issue,none,none,moderate,none
CS389,bhai complaint file kiye 3 din ho gaye support team bolti hai 'under review' actual status koi nahi batata,hinglish,customer_support,complaint,negative,follow_up,slow_response,high,none,simple,Provide substantive updates instead of generic replies.
CS390,Allow subscribers to schedule automated support callbacks directly through mobile application.,english,customer_support,suggestion,neutral,callback,other_relevant_issue,none,none,moderate,Enable scheduled callbacks in self-care app.
CS391,"Crisp communication, fast resolution time, zero unnecessary questions, very dependable support.",english,customer_support,appreciation,positive,issue_resolution,no_issue,none,none,moderate,none
CS392,bhai support agent ne call pe hold pe daala aur 20 minute baad call automatic disconnect ho gayi poor service,hinglish,customer_support,complaint,negative,call_support,long_waiting_time,high,mild,Limit maximum hold durations before agent check-in.,
CS393,Is it permissible to submit physical grievance escalation letters to regional administrative headquarters?,english,customer_support,question,neutral,complaint_handling,no_issue,none,none,moderate,none
CS394,"The customer representative was polite, though she had to check with supervisors for every basic query.",english,customer_support,informational,mixed,agent_behavior,none,low,none,moderate,none
CS395,"Fast verification of account details, support desk updated my registered email address in five minutes.",english,customer_support,appreciation,positive,account_support,no_issue,none,none,simple,none
CS396,bhai live chat me agent 10 minute tak reply nahi deta har ek message ke baad itna slow response unbearable,hinglish,customer_support,complaint,negative,chat_support,slow_response,medium,none,moderate,Monitor live chat concurrent agent loads.
CS397,Include detailed itemized breakdowns of value-added service charges on all monthly postpaid invoices.,english,customer_support,suggestion,neutral,communication,other_relevant_issue,none,none,moderate,Publish itemized descriptions for all billed items.
CS398,"The customer support representative was very polite, though she had to consult backend engineering for every standard question.",english,customer_support,complaint,mixed,agent_behavior,poor_communication,low,none,moderate,Train frontline staff on standard operating procedures.
CS399,bhai discount promo code apply ho gaya par customer support ne bill me full charge laga diya dishonest conduct,hinglish,customer_support,question,negative,refund_support,wrong_information,low,none,moderate,Ensure customer support honors validated discount codes.
CS400,"Great customer service, responsive local field support, clean communication, thoroughly satisfied with resolution.",english,customer_support,appreciation,positive,issue_resolution,no_issue,none,none,simple,none
CS401,The enterprise account manager assisted with setting up static IP addresses across our secondary office branch without delays.,english,customer_support,appreciation,positive,account_support,no_issue,none,none,moderate,none
CS402,bhai ticket raise kiya tha 5 din pehle par status abhi bhi 'new' show ho raha hai koi assign nahi hua,hinglish,customer_support,complaint,negative,ticket,ticket_delay,medium,none,simple,Assign incoming tickets to representatives within 4 hours.
CS403,Can a subscriber request temporary suspension of monthly postpaid rental billing while traveling overseas for three months?,english,customer_support,question,neutral,account_support,no_issue,none,none,simple,none
CS404,"The customer support team resolved my query, though waiting on hold for twenty-five minutes was somewhat excessive.",english,customer_support,complaint,mixed,waiting_time,long_waiting_time,low,none,moderate,Reduce phone queue waiting durations.
CS405,Support platforms should establish automated compensation credits whenever outages exceed four consecutive hours during work days.,english,customer_support,suggestion,neutral,refund_support,other_relevant_issue,none,none,moderate,Automate pro-rata credits for extended service outages.
CS406,"Delivered resolution within committed time, received updated invoice copy on email with clear breakdown.",english,customer_support,appreciation,positive,issue_resolution,no_issue,none,none,simple,none
CS407,bhai customer support executive ne call disconnect kar di jab maine bar bar disconnect hone wale internet ka refund manga incompetent staff,hinglish,customer_support,complaint,negative,agent_behavior,rude_agent,high,mild,Ensure support agents resolve persistent refund requests.,
CS408,"Clean user interface on the help desk portal, tracking ticket history and resolution notes is effortless.",english,customer_support,appreciation,positive,ticket,no_issue,none,none,moderate,none
CS409,bhai mobile app me help tab open karte hi error code 500 throw karta hai support reach out nahi kar pa raha,hinglish,customer_support,complaint,negative,technical_support,technical_support_issue,medium,none,simple,Fix server error 500 on mobile app support tab.
CS410,Does this service provider offer unmetered voice support without any fair usage cap under standard business plans?,english,customer_support,question,neutral,call_support,no_issue,none,none,moderate,none
CS411,"The voice support was clear, though technical troubleshooting took thirty minutes due to slow internal diagnostic tools.",english,customer_support,appreciation,mixed,technical_support,technical_support_issue,low,none,moderate,Upgrade internal technical diagnostic tools.
CS412,"The supervisor intervened promptly, reversed the erroneous late fee, and sent a formal written confirmation.",english,customer_support,appreciation,positive,escalation,no_issue,none,none,moderate,none
CS413,bhai do baar refund initiate hua tha par bank account me sirf ek amount credit hua balance missing hai,hinglish,customer_support,complaint,negative,refund_support,refund_support_delay,medium,none,simple,Verify multi-part refund credits with banking partners.
CS414,Provide an option on the mobile application to schedule priority callbacks for enterprise account holders.,english,customer_support,suggestion,neutral,callback,other_relevant_issue,none,none,moderate,Enable priority callback scheduling for corporate users.
CS415,"Pristine customer care, low queue latency, polite executive, and accurate resolution on first contact.",english,customer_support,appreciation,positive,issue_resolution,no_issue,none,none,simple,none
CS416,bhai 6 din se ticket open hai customer care bolta hai engineering team review kar rahi hai daily jhooth bolte hain,hinglish,customer_support,complaint,negative,resolution_time,slow_response,high,none,moderate,Provide truthful engineering resolution ETAs.
CS417,Are all customer support voice calls protected by standard end-to-end cryptographic encryption across public networks?,english,customer_support,question,neutral,call_support,no_issue,none,none,moderate,none
CS418,"The customer support response was fast during daytime, but night-time queries received only generic automated bot replies.",english,customer_support,complaint,mixed,availability,automated_response_issue,low,none,moderate,Staff live agents during night-time shifts.
CS419,"Retail store executive verified identity documents rapidly, replaced the damaged nano SIM card, and activated it within ten minutes.",english,customer_support,appreciation,positive,verification,no_issue,none,none,simple,none
CS420,bhai live chat me agent ne bina notification ke session close kar diya jab mai details type kar raha tha,hinglish,customer_support,complaint,negative,chat_support,chat_disconnect,medium,none,moderate,Extend chat session timeout during active customer typing.
CS421,Enable customers to report service outages directly through a map pin submission feature inside the self-care app.,english,customer_support,suggestion,neutral,complaint_handling,other_relevant_issue,none,none,moderate,Implement in-app map pin reporting for service outages.
CS422,"Crisp voice clarity, fast resolution, zero dropped calls, and broad regional language support make this team dependable.",english,customer_support,appreciation,positive,agent_behavior,no_issue,none,none,moderate,none
CS423,bhai agent ne ticket pe likh diya 'customer satisfied' jabki issue bilkul solve nahi hua fraud reporting,hinglish,customer_support,complaint,negative,ticket,incomplete_resolution,high,severe,Validate customer satisfaction before closing tickets.,
CS424,Can a subscriber request temporary suspension of monthly postpaid rental billing while traveling overseas for three months?,english,customer_support,question,neutral,account_support,no_issue,none,none,simple,none
CS425,"The support agent was helpful, though her headphone microphone had loud background office chatter.",english,customer_support,informational,mixed,communication,poor_communication,low,none,moderate,Equip support staff with noise-canceling headsets.
CS426,"Outstanding assistance at the retail store, ported three prepaid numbers to family postpaid plan smoothly in twenty minutes.",english,customer_support,appreciation,positive,account_support,no_issue,none,none,moderate,none
CS427,bhai recharge amount bank se kat gaya par balance me reflect nahi hua 24 ghante se customer care phone nahi utha raha,hinglish,customer_support,complaint,negative,call_support,support_delay,medium,none,moderate,Automate immediate failed recharge reversals.
CS428,"The support rep understood the bug immediately, though backend engineering took four business days to push the hotfix.",english,customer_support,complaint,mixed,technical_support,slow_response,low,none,moderate,Accelerate hotfix deployments for verified bugs.
CS429,"Representative arrived promptly, replaced the faulty optical network terminal, and verified line parameters within half an hour.",english,customer_support,appreciation,positive,service_request,no_issue,none,none,moderate,none
CS430,bhai customer care executive ne rude tone me baat ki aur issue sune bina call disconnect kar di useless support staff,hinglish,customer_support,complaint,negative,agent_behavior,rude_agent,high,none,moderate,Enforce strict professional courtesy rules for call agents.
CS431,Customer care portals should provide an automated line health diagnostic check directly inside the mobile customer app.,english,customer_support,suggestion,neutral,technical_support,other_relevant_issue,none,none,moderate,Add self-diagnostic line testing inside mobile app.
CS432,"Quick and seamless ticket resolution, agent verified transaction logs, and credited refund within ninety minutes.",english,customer_support,appreciation,positive,refund_support,no_issue,none,none,simple,none
CS433,bhai complaint file kiye 2 din ho gaye backend team se koi response nahi aaya zero updates,hinglish,customer_support,complaint,negative,resolution_time,slow_response,medium,none,simple,Provide daily progress updates on open complaints.
CS434,Does this customer support package bundle dedicated account managers for technical integration audits?,english,customer_support,question,neutral,account_support,no_issue,none,none,moderate,none
CS435,"The support agent was helpful, though resolving the technical configuration required three separate phone interactions.",english,customer_support,complaint,mixed,technical_support,repeated_contact,low,none,moderate,Improve first-contact resolution rates for technical queries.
CS436,"Clean support communication, zero repetitive verification steps, issue resolved accurately on first attempt.",english,customer_support,appreciation,positive,issue_resolution,no_issue,none,none,simple,none
CS437,bhai ticket pe unexplained charges add kar diye billing department query attend karne ko taiyar nahi hai,hinglish,customer_support,complaint,negative,account_support,account_support_issue,medium,none,moderate,Audit and remove unauthorized billing additions.
CS438,Allow customers to customize their communication preferences to receive ticket updates exclusively via WhatsApp.,english,customer_support,suggestion,neutral,communication,other_relevant_issue,none,none,moderate,Allow ticket notifications via WhatsApp.
CS439,"Smooth account migration assistance, representative completed verification smoothly, and service restored within two minutes.",english,customer_support,appreciation,positive,account_support,no_issue,none,none,simple,none
CS440,bhai agent ne ticket pe galat phone number note kar liya jiski wajah se verification call kisi aur ko chali gayi,hinglish,customer_support,complaint,negative,verification,verification_problem,medium,none,moderate,Confirm contact details before saving ticket records.
CS441,Is there a fee waiver policy if customer care takes longer than fifteen days to resolve an overbilling dispute?,english,customer_support,question,neutral,refund_support,no_issue,none,none,moderate,none
CS442,"The customer support representative was very polite, though she had to consult backend engineering for every standard question.",english,customer_support,informational,mixed,agent_behavior,none,low,none,moderate,none
CS443,Retail gallery staff guided me through configuring private APN settings on my dual-SIM handset with patience.,english,customer_support,appreciation,positive,technical_support,no_issue,none,none,moderate,none
CS444,bhai mobile app me bill payment receipts download nahi hoti error 404 show karta hai billing records access nahi ho rahe,hinglish,customer_support,complaint,negative,account_support,account_support_issue,medium,none,simple,Fix broken download links on billing history portal.
CS445,Customer portals should allow users to test their real-time optical power level directly on the diagnostic settings screen.,english,customer_support,suggestion,neutral,technical_support,other_relevant_issue,none,none,moderate,Display ONT optical power readings inside customer app.
CS446,"Flawless support performance, representative resolved complex roaming data dispute within five minutes, zero follow-up needed.",english,customer_support,appreciation,positive,issue_resolution,no_issue,none,none,moderate,none
CS447,bhai refund policy me wallet credit kyu force karte ho direct bank UPI transfer kyu nahi hota transparent loot hai,hinglish,customer_support,complaint,negative,refund_support,refund_support_delay,medium,none,moderate,Provide direct bank account refund options.
CS448,Can corporate customers request consolidated tax invoices with segregated departmental employee numbers for auditing?,english,customer_support,question,neutral,account_support,no_issue,none,none,moderate,none
CS449,"The support person was polite, though the telephone line suffered from noticeable hum and background static.",english,customer_support,complaint,mixed,call_support,poor_communication,low,none,moderate,Maintain call center telephony audio quality.
CS450,"Polite staff, swift SIM card replacement, zero wait times at retail store, highly satisfied with customer support.",english,customer_support,appreciation,positive,agent_behavior,no_issue,none,none,simple,none
CS451,bhai support agent ne pucha 'are you stupid' jab maine billing breakdown dubara explain karne ko bola extreme abuse,hinglish,customer_support,complaint,negative,agent_behavior,rude_agent,high,none,simple,Penalize support agents using abusive language.
CS452,Provide option to set custom daily spending ceilings for mobile data separate from voice balance.,english,customer_support,suggestion,neutral,account_support,other_relevant_issue,none,none,moderate,Provide independent daily spending caps on accounts.
CS453,"Instant SMS updates for ticket confirmations, clear resolution descriptions, exceptional support tracking.",english,customer_support,appreciation,positive,ticket,no_issue,none,none,moderate,none
CS454,bhai unauthorized postpaid connection activate kar diya meri ID pe bina mere knowledge ke fraud management,hinglish,customer_support,complaint,negative,verification,verification_problem,high,mild,Enforce biometric verification on customer accounts.,
CS455,How can I get an official stamped certificate of my broadband connection address for passport verification?,english,customer_support,question,neutral,account_support,no_issue,none,none,moderate,none
CS456,"The support dashboard is user friendly, though locating the unbilled postpaid usage summary takes too long.",english,customer_support,complaint,mixed,account_support,account_support_issue,low,none,moderate,Place unbilled usage summaries on home dashboard.
CS457,Customer care desk reversed the erroneous roaming fee within twenty-four hours of lodging complaint.,english,customer_support,appreciation,positive,refund_support,no_issue,none,none,moderate,none
CS458,bhai router ka Wi-Fi radio bar bar switch off ho jata hai support bolti hai restart karo hardware replace nahi karte,hinglish,customer_support,complaint,negative,technical_support,technical_support_issue,high,none,simple,Replace failing customer hardware promptly.
CS459,Prompt customer support executive assisted with unblocking my temporarily locked profile in three minutes.,english,customer_support,appreciation,positive,account_support,no_issue,none,none,moderate,none
CS460,bhai technician ne optical wire splice karte waqt wall pe ganda mark chhod diya careless workmanship,hinglish,customer_support,complaint,negative,service_request,poor_communication,low,none,simple,Instruct field staff to respect customer property.
CS461,Can we select preferred notification channels like WhatsApp or SMS for customer ticket alerts?,english,customer_support,suggestion,neutral,ticket,other_relevant_issue,none,none,moderate,Allow channel selection for ticket alerts.
CS462,"The support was activated within an hour, though physical documentation delivery took two days.",english,customer_support,informational,mixed,issue_resolution,none,low,none,moderate,none
CS463,"Quick transfer, polite helpline support, seamless mobile network app, completely satisfied with services.",english,customer_support,appreciation,positive,agent_behavior,no_issue,none,none,simple,none
CS464,bhai customer care executive ne issue sune bina call transfer karke disconnect kar di irresponsible staff,hinglish,customer_support,complaint,negative,agent_behavior,rude_agent,high,none,moderate,Monitor unauthorized call drop-offs by agents.
CS465,Does the customer service provider offer doorstep document verification for senior citizen customers?,english,customer_support,question,neutral,verification,no_issue,none,none,moderate,none
CS466,"Crisp voice clarity on helpline calls, swift call setup times, zero dropped calls, dependable support.",english,customer_support,appreciation,positive,call_support,no_issue,none,none,moderate,none
CS467,bhai mobile app me billing statement download karne jao to file corrupt ho jati hai fix this bug,hinglish,customer_support,complaint,negative,account_support,account_support_issue,low,none,simple,Ensure generated statement files are uncorrupted.
CS468,Allow customers to schedule automatic monthly broadband recharge payments directly through the support app.,english,customer_support,suggestion,neutral,account_support,other_relevant_issue,none,none,moderate,Enable automated recurring payments in app.
CS469,"Superb experience resolving dispute, store executive was polite and verification was fast.",english,customer_support,appreciation,positive,agent_behavior,no_issue,none,none,simple,none
CS470,bhai account suspended ho gaya billing mismatch ki wajah se support ticket 3 din se unassigned hai,hinglish,customer_support,complaint,negative,account_support,slow_response,high,none,simple,Expedite resolution for suspended user accounts.
CS471,Is there an estimated maintenance window during which live chat support remains offline on Sundays?,english,customer_support,question,neutral,availability,no_issue,none,none,moderate,none
CS472,"The support agent answered questions quickly, though the proposed workaround was somewhat complex to execute.",english,customer_support,informational,mixed,technical_support,none,low,none,moderate,none
CS473,"Super fast customer support, ticket resolved within three hours of booking, very impressed.",english,customer_support,appreciation,positive,resolution_time,no_issue,none,none,simple,none
CS474,bhai unauthorized roaming charge lag gaya 500 ka customer care phone pick hi nahi kar raha useless service,hinglish,customer_support,complaint,negative,call_support,support_delay,high,mild,Ensure immediate phone pick-up for billing disputes.,
CS475,Allow users to temporarily lower transaction limits on international roaming data packs directly via self-care.,english,customer_support,suggestion,neutral,account_support,other_relevant_issue,none,none,moderate,Provide flexible self-care account limit controls.
CS476,"Clean and pleasant retail store environment, customer desk executed SIM replacement within ninety seconds.",english,customer_support,appreciation,positive,verification,no_issue,none,none,simple,none
CS477,bhai OTP SMS verification code 20 minute late aa raha hai session expire ho jata hai bar bar,hinglish,customer_support,complaint,negative,verification,verification_problem,medium,none,simple,Ensure real-time dispatch of verification OTP codes.
CS478,Can we set custom notification sounds for ticket status changes inside the self-care app?,english,customer_support,question,neutral,ticket,no_issue,none,none,moderate,none
CS479,"The support app is responsive, but downloading tax invoices requires redundant navigation steps.",english,customer_support,complaint,mixed,account_support,account_support_issue,low,none,moderate,Simplify access path for tax invoices.
CS480,"Delivered on time, replacement credentials arrived in intact security envelope with clear activation steps.",english,customer_support,appreciation,positive,account_support,no_issue,none,none,simple,none
CS481,bhai call connect hote hi robotic audio aati hai aur executive bolta hai aawaz cut rahi hai ghatiya system,hinglish,customer_support,complaint,negative,call_support,poor_communication,medium,none,simple,Eliminate robotic audio distortion on call center lines.
CS482,Offer round-up savings where spare change from subscription payments goes directly into digital wallet deposit.,english,customer_support,suggestion,neutral,account_support,other_relevant_issue,none,none,moderate,Introduce spare-change savings on subscriptions.
CS483,"Instant ticket resolution through chat, available validity restored on dashboard in under thirty seconds.",english,customer_support,appreciation,positive,issue_resolution,no_issue,none,none,moderate,none
CS484,bhai mobile account me se quarterly charges kat liye bina kisi prior SMS notification ke,hinglish,customer_support,complaint,negative,account_support,account_support_issue,low,none,moderate,Send prior notifications before debiting service fees.
CS485,Where can I check if my residential connection is eligible for priority enterprise customer support?,english,customer_support,question,neutral,account_support,no_issue,none,none,moderate,none
CS486,"The customer support response was prompt, though administrative fees on postpaid conversion were higher than expected.",english,customer_support,informational,mixed,account_support,other_relevant_issue,low,none,moderate,none
CS487,"Pristine digital onboarding, verification finished in under four minutes, very smooth workflow.",english,customer_support,appreciation,positive,verification,no_issue,none,none,moderate,none
CS488,bhai support app auto-recharge confirm karta hai par service account offline show ho raha hai,hinglish,customer_support,complaint,negative,account_support,account_support_issue,medium,none,simple,Ensure instantaneous account sync upon payment.
CS489,Enable dark mode on the mobile web self-care dashboard to reduce screen glare during nighttime browsing.,english,customer_support,suggestion,neutral,chat_support,other_relevant_issue,none,none,moderate,Implement accessible dark theme on support portal.
CS490,"Smooth credential verification, clean credentials issued, receipt printed clearly, completely satisfied with service.",english,customer_support,appreciation,positive,verification,no_issue,none,none,simple,none
CS491,bhai failed recharge ka refund 6 din se pending hai support aur bank ek dusre pe blame daal rahe hain,hinglish,customer_support,complaint,negative,refund_support,refund_support_delay,high,none,moderate,Establish unified resolution for failed payment debits.
CS492,Is there an option to schedule recurring monthly payments directly from savings accounts via customer portal?,english,customer_support,question,neutral,account_support,no_issue,none,none,moderate,none
CS493,"The customer support team resolved my query, though helpline queues were longer than necessary.",english,customer_support,appreciation,mixed,waiting_time,long_waiting_time,low,none,moderate,Reduce customer service queue waiting durations.
CS494,"Polite executive, fast account verification, clear guidelines, exceptional customer support experience throughout.",english,customer_support,appreciation,positive,agent_behavior,no_issue,none,none,simple,none
CS495,bhai complaint log hone ke baad 4 din ho gaye technician visit ka koi update nahi aaya,hinglish,customer_support,complaint,negative,service_request,slow_response,medium,none,simple,Dispatch field technicians within 24 hours of ticket.
CS496,Support portals should offer an instant lock switch for customer accounts directly on the mobile app home screen.,english,customer_support,suggestion,neutral,account_support,other_relevant_issue,none,none,moderate,Add instant emergency lock switch on app home screen.
CS497,"Steaming fast response times verified during late night hours, ticket resolved within ten seconds.",english,customer_support,appreciation,positive,response_time,no_issue,none,none,moderate,none
CS498,bhai SIM replacement charge kat gaya account se jabki maine replacement request dali hi nahi thi,hinglish,customer_support,complaint,negative,account_support,account_support_issue,medium,none,moderate,Require user approval before renewing paid services.
CS499,Can customers set independent daily transaction limits for sub-accounts directly through customer support?,english,customer_support,question,neutral,account_support,no_issue,none,none,moderate,none
CS500,"Flawless customer support, instant verification, zero latency jitter, seamless issue resolution experience.",english,customer_support,appreciation,positive,issue_resolution,no_issue,none,none,moderate,none
CS501,Support ticket number 94821 has been registered in the help desk system.,english,customer_support,informational,neutral,ticket,no_issue,none,none,simple,none
CS502,The customer service toll free line is operational from 9 AM to 8 PM Monday to Saturday.,english,customer_support,informational,neutral,call_support,no_issue,none,none,simple,none
CS503,The chat conversation transcript has been sent to my registered email address.,english,customer_support,informational,neutral,chat_support,no_issue,none,none,simple,none
CS504,A representative called at 4 PM to collect additional grievance documentation.,english,customer_support,informational,neutral,agent_behavior,no_issue,none,none,simple,none
CS505,The inquiry was transferred to the billing escalation department for review.,english,customer_support,informational,neutral,escalation,no_issue,none,none,simple,none
CS506,An automated confirmation SMS was received stating standard turnaround time of 48 hours.,english,customer_support,informational,neutral,response_time,no_issue,none,none,simple,none
CS507,Live chat system assigns user position number four in the virtual queue.,english,customer_support,informational,neutral,chat_support,no_issue,none,none,simple,none
CS508,The support portal provides downloadable PDF troubleshooting guides.,english,customer_support,informational,neutral,issue_resolution,no_issue,none,none,simple,none
CS509,Customer service feedback survey link was delivered via WhatsApp message.,english,customer_support,informational,neutral,ticket,no_issue,none,none,simple,none
CS510,The senior grievance officer contact details are published on the website footer.,english,customer_support,informational,neutral,escalation,no_issue,none,none,simple,none
CS511,Support executive ne ticket status open mark karke verification request bheji hai.,hinglish,customer_support,informational,neutral,ticket,no_issue,none,none,simple,none
CS512,Customer care representative ne call back ke liye 3 baje ka time diya hai.,hinglish,customer_support,informational,neutral,call_support,no_issue,none,none,simple,none
CS513,IVR menu me billing query ke liye press two select kiya gaya.,hinglish,customer_support,informational,neutral,call_support,no_issue,none,none,simple,none
CS514,Help desk agent ne complaint form fill karne ke steps explain kiye.,hinglish,customer_support,informational,neutral,agent_behavior,no_issue,none,none,simple,none
CS515,Chat bot ne standard FAQ articles screen par share kar diye hain.,hinglish,customer_support,informational,neutral,chat_support,no_issue,none,none,simple,none
CS516,Complaint ticket ki expected resolution date 14 tareekh show ho rahi hai.,hinglish,customer_support,informational,neutral,ticket,no_issue,none,none,simple,none
CS517,Support email address par billing receipt ka screenshot attach kar diya tha.,hinglish,customer_support,informational,neutral,ticket,no_issue,none,none,simple,none
CS518,Live agent se connect hone ke liye 5 minute wait estimate show ho raha tha.,hinglish,customer_support,informational,neutral,response_time,no_issue,none,none,simple,none
CS519,Account verification ke liye registered mobile number par OTP generate hua.,hinglish,customer_support,informational,neutral,issue_resolution,no_issue,none,none,simple,none
CS520,Grievance redressal form company web portal par download ke liye available hai.,hinglish,customer_support,informational,neutral,ticket,no_issue,none,none,simple,none
CS521,"I appreciate the agent's patient listening, but my unresolved complaint ticket was closed without any fix.",english,customer_support,complaint,negative,ticket,unresolved_issue,high,none,moderate,Require customer sign off before closing tickets
CS522,"Thank you for the quick initial response, however the generic automated replies failed to address my actual problem.",english,customer_support,complaint,negative,chat_support,bot_loop,medium,none,moderate,Deploy human escalation when bot answers are rejected
CS523,"The phone executive was polite, but being transferred across four different departments for forty minutes is frustrating.",english,customer_support,complaint,negative,call_support,multiple_transfers,medium,none,moderate,Train frontline executives to handle cross-domain queries
CS524,"I understand peak inquiry loads, but waiting on telephone hold for 35 minutes just to speak with a human is unreasonable.",english,customer_support,complaint,negative,response_time,slow_response,medium,none,moderate,Offer scheduled call-back option during high queue volume
CS525,"While I appreciate your courteous greeting, promising a callback within two hours and never calling back is unprofessional.",english,customer_support,complaint,negative,agent_behavior,slow_response,high,none,moderate,Enforce strict logging and penalty for missed customer callbacks
CS526,"Thanks for opening the grievance file, yet nobody has provided an update for nine consecutive days.",english,customer_support,complaint,negative,ticket,slow_response,high,none,moderate,Implement automatic ticket escalation after 48 hours of inactivity
CS527,"I value your company's service quality, but the live chat agent suddenly disconnected the session while I was typing.",english,customer_support,complaint,negative,chat_support,call_disconnect,high,none,moderate,Prevent agents from ending chats without customer confirmation
CS528,"The agent handled the conversation respectfully, though she lacked basic technical knowledge about your own software.",english,customer_support,complaint,negative,agent_behavior,unresolved_issue,medium,none,moderate,Provide mandatory product certification for all support personnel
CS529,"Thank you for looking into my account, however sending copy-paste scripted responses does not solve unique billing issues.",english,customer_support,complaint,negative,chat_support,unresolved_issue,medium,none,moderate,Discourage robotic copy-paste responses on complex cases
CS530,"I appreciate your team's apologies, but repeated apologies without an actual refund resolution are meaningless.",english,customer_support,complaint,negative,issue_resolution,unresolved_issue,high,none,moderate,Empower tier 1 agents to authorize refunds up to a threshold
CS531,"Support executive ne respectfully baat ki, lekin mera refund issue do hafte se pending hai.",hinglish,customer_support,complaint,negative,issue_resolution,unresolved_issue,high,none,moderate,Pending disputes ko jaldi resolve karein
CS532,"Aapki response speed achhi thi, par bina meri permission ke ticket ko resolved mark kar diya gaya.",hinglish,customer_support,complaint,negative,ticket,unresolved_issue,high,none,moderate,Customer approval ke bina ticket close na karein
CS533,"Shukriya call connect karne ke liye, lekin agent ne aadhe conversation me phone cut kar diya.",hinglish,customer_support,complaint,negative,call_support,call_disconnect,high,none,moderate,Call drop prevention policy implement karein
CS534,"Help desk agent polite tha, lekin bot ke useless automated options loop me ghumte rehte hain.",hinglish,customer_support,complaint,negative,chat_support,bot_loop,medium,none,moderate,Bot me direct human agent option dein
CS535,"Thanks update ke liye, par ek simple billing query ke liye char baar alag alag logon ko explain karna pada.",hinglish,customer_support,complaint,negative,agent_behavior,multiple_transfers,medium,none,moderate,Unified CRM context handover ensure karein
CS536,Support agent ne koi bahana nahi banaya aur turant mera refund process kar diya.,hinglish,customer_support,appreciation,positive,issue_resolution,no_issue,none,none,simple,none
CS537,"Call hold par bilkul wait nahi karna pada, do second me human agent se baat ho gayi.",hinglish,customer_support,appreciation,positive,response_time,no_issue,none,none,simple,none
CS538,Executive ne rudely baat nahi ki aur bohot peacefully puri problem samjhi.,hinglish,customer_support,appreciation,positive,agent_behavior,no_issue,none,none,simple,none
CS539,There was no delay in response and the executive resolved my grievance on first contact.,english,customer_support,appreciation,positive,issue_resolution,no_issue,none,none,simple,none
CS540,"The agent did not cut the call or transfer to another queue, handled everything himself.",english,customer_support,appreciation,positive,agent_behavior,no_issue,none,none,simple,none
CS541,"Live chat bot me koi confusing options nahi the, direct answer mil gaya.",hinglish,customer_support,appreciation,positive,chat_support,no_issue,none,none,simple,none
CS542,Grievance form submit karte waqt koi server error nahi aaya.,hinglish,customer_support,appreciation,positive,ticket,no_issue,none,none,simple,none
CS543,Helpline par call queue me koi waiting music nahi baj raha tha abhi.,hinglish,customer_support,informational,neutral,call_support,no_issue,none,none,simple,none
CS544,Ticket me abhi tak koi naya update assign nahi hua hai system me.,hinglish,customer_support,informational,neutral,ticket,no_issue,none,none,simple,none
CS545,Customer support team ne mera issue solve nahi kiya aur call disconnect kar diya.,hinglish,customer_support,complaint,negative,issue_resolution,unresolved_issue,high,none,moderate,Agent call disconnect audit karein
CS546,Help desk se koi email response nahi aaya panch din se.,hinglish,customer_support,complaint,negative,response_time,slow_response,high,none,simple,Email response SLA enforce karein
CS547,Chat bot human agent se connect nahi kar raha hai aur repeated questions pooch raha hai.,hinglish,customer_support,complaint,negative,chat_support,bot_loop,medium,none,moderate,Human agent fallback button add karein
CS548,Support executive ne meri baat bilkul nahi suni aur beech me bolta raha.,hinglish,customer_support,complaint,negative,agent_behavior,rude_agent,high,none,moderate,Active listening skills training conduct karein
CS549,Complaint number dene ke baad bhi status tracking link kaam nahi kar raha.,hinglish,customer_support,complaint,negative,ticket,unresolved_issue,medium,none,simple,Online ticket tracking link fix karein
CS550,Senior manager ne promised call back nahi kiya aur grievance escalate nahi hua.,hinglish,customer_support,complaint,negative,escalation,slow_response,high,none,moderate,Escalation callback tracking mandatory banayein
CS551,How many times do I have to repeat my order details to five different agents?,english,customer_support,complaint,negative,agent_behavior,multiple_transfers,high,none,moderate,Implement CRM call notes sharing across agents
CS552,Why do customer care agents close dispute tickets without confirming with the customer?,english,customer_support,complaint,negative,ticket,unresolved_issue,high,none,moderate,Mandate customer resolution confirmation OTP
CS553,Is there any human being working in your support center or is it entirely bots?,english,customer_support,complaint,negative,chat_support,bot_loop,medium,none,moderate,Provide direct human chat escalation
CS554,Why does your helpline disconnect automatically after placing callers on 20 minute hold?,english,customer_support,complaint,negative,call_support,call_disconnect,high,none,moderate,Audit IVR disconnect timeout settings
CS555,Ek refund ke piche customer ko kitne din pareshan hona padega helpline par?,hinglish,customer_support,complaint,negative,issue_resolution,slow_response,high,none,moderate,Refund timeline transparent karein
CS556,Aapki support team copy paste answers ke alawa khud se kuch analyze karti hai?,hinglish,customer_support,complaint,negative,chat_support,unresolved_issue,medium,none,moderate,Case specific human responses deliver karein
CS557,What is the official email address to escalate unresolved grievances to the nodal officer?,english,customer_support,question,neutral,escalation,no_issue,none,none,simple,none
CS558,What are the standard operating hours for priority customer chat support?,english,customer_support,question,neutral,response_time,no_issue,none,none,simple,none
CS559,Closed ticket ko reopen karne ka kya procedure hai mobile app me?,hinglish,customer_support,question,neutral,ticket,no_issue,none,none,simple,none
CS560,Grievance complaint submit karne par service request reference number SMS pe aata hai?,hinglish,customer_support,question,neutral,ticket,no_issue,none,none,simple,none
CS561,"bhai support executive ne do minute me mera billing issue solve kar diya, zabardast banda tha!",hinglish,customer_support,appreciation,positive,issue_resolution,no_issue,none,none,simple,none
CS562,"bhai chat support bohot quick tha, agent ne live line pe guide karke KYC verify karwa diya.",hinglish,customer_support,appreciation,positive,chat_support,no_issue,none,none,simple,none
CS563,"bhai helpline pe bina kisi hold time ke direct human agent ne call attend kiya, super impressed.",hinglish,customer_support,appreciation,positive,call_support,no_issue,none,none,simple,none
CS564,bhai customer care executive se baat karne ke liye IVR me kaunsa number dabana padta hai?,hinglish,customer_support,question,neutral,call_support,no_issue,none,none,simple,none
CS565,bhai help desk ticket ka tracking ID email pe aane me kitna time lagta hai?,hinglish,customer_support,question,neutral,ticket,no_issue,none,none,simple,none
CS566,bhai Sunday ko chat support open rehta hai ya sirf weekdays par?,hinglish,customer_support,question,neutral,response_time,no_issue,none,none,simple,none
CS567,"bhai kya bakwas support agent tha, baat sunne ki jagah rudely phone cut kar diya.",hinglish,customer_support,complaint,negative,agent_behavior,rude_agent,high,mild,moderate,Rude agent par action lein
CS568,"bhai bot ke chakkar me aadha ghanta waste ho gaya, koi human representative sun hi nahi raha.",hinglish,customer_support,complaint,negative,chat_support,bot_loop,high,none,moderate,Chat bot me skip button dein
CS569,bhai agent ne sweetly baat ki but mera complaint solve karne me koi step nahi liya.,hinglish,customer_support,complaint,mixed,issue_resolution,unresolved_issue,medium,none,moderate,Action oriented resolution ensure karein
CS570,bhai live chat connection fast tha par representative ke pass mere query ka koi answer nahi tha.,hinglish,customer_support,complaint,mixed,chat_support,unresolved_issue,medium,none,moderate,Agents ko knowledge base access dein
CS571,bohot accha support,hinglish,customer_support,appreciation,positive,agent_behavior,no_issue,none,none,simple,none
CS572,quick resolution,english,customer_support,appreciation,positive,issue_resolution,no_issue,none,none,simple,none
CS573,helpful agent,english,customer_support,appreciation,positive,agent_behavior,no_issue,none,none,simple,none
CS574,mast service,hinglish,customer_support,appreciation,positive,issue_resolution,no_issue,none,none,simple,none
CS575,theek tha,hinglish,customer_support,informational,neutral,ticket,no_issue,none,none,simple,none
CS576,average experience,english,customer_support,informational,neutral,agent_behavior,no_issue,none,none,simple,none
CS577,bilkul bekar agent,hinglish,customer_support,complaint,negative,agent_behavior,rude_agent,high,none,simple,Disciplinary action lein
CS578,call disconnect kar di,hinglish,customer_support,complaint,negative,call_support,call_disconnect,high,none,simple,Call drop monitor karein
CS579,ticket close kar diya,hinglish,customer_support,complaint,negative,ticket,unresolved_issue,high,none,simple,Auto close band karein
CS580,faaltu bot,hinglish,customer_support,complaint,negative,chat_support,bot_loop,medium,none,simple,Bot upgrade karein
CS581,"bohot achha support mila, agent ne turant query clear ki.",hinglish,customer_support,appreciation,positive,agent_behavior,no_issue,none,none,simple,none
CS582,"bahot bekaar helpline hai, ghanto hold pe rakh ke call drop kar di.",hinglish,customer_support,complaint,negative,call_support,call_disconnect,high,none,moderate,Hold time reduce karein
CS583,Live chat par agent ne bina delay ke shi jankari di.,hinglish,customer_support,appreciation,positive,chat_support,no_issue,none,none,simple,none
CS584,"Support team ne call back ka promise karke call nhi kiya, bahot khraab handling.",hinglish,customer_support,complaint,negative,response_time,slow_response,high,none,moderate,Callback SLA follow karein
CS585,"Customer service request number email par successfully create ho gaya, theek hai.",hinglish,customer_support,informational,neutral,ticket,no_issue,none,none,simple,none
CS586,"The executive was remarkably courteous and professional, but he had zero authority to process a simple refund.",english,customer_support,complaint,mixed,issue_resolution,unresolved_issue,medium,none,moderate,Authorize frontline agents for small refunds
CS587,"Live chat connected within thirty seconds, however the agent pasted irrelevant canned responses without reading.",english,customer_support,complaint,mixed,chat_support,bot_loop,medium,none,moderate,Ensure agents read full problem description
CS588,"The phone support representative took detailed notes, yet nobody bothered following up after the initial call.",english,customer_support,complaint,mixed,response_time,slow_response,medium,none,moderate,Set up automated follow up reminders
CS589,"Grievance ticket was registered smoothly online, but the promised 24-hour turnaround stretched to seven days.",english,customer_support,complaint,mixed,ticket,slow_response,medium,none,moderate,Adhere strictly to advertised SLA times
CS590,"The support portal layout is user friendly, although the live agent chat option remains perpetually offline.",english,customer_support,complaint,mixed,chat_support,slow_response,medium,none,moderate,Staff live chat desk during business hours
CS591,"Representative ne politely phone attend kiya, lekin mere complaint ticket ko kisi aur department transfer kar diya.",hinglish,customer_support,complaint,mixed,agent_behavior,multiple_transfers,medium,none,moderate,First call resolution rate improve karein
CS592,"Call connect bohot jaldi ho gaya tha, par agent ko technical terms ka matlab bilkul samajh nahi aa raha tha.",hinglish,customer_support,complaint,mixed,agent_behavior,unresolved_issue,medium,none,moderate,Agents ko technical training provide karein
CS593,"Ticket generate hone ka SMS turant aa gaya, magar status check karne par page par error show ho raha tha.",hinglish,customer_support,complaint,mixed,ticket,unresolved_issue,low,none,moderate,Portal server uptime check karein
CS594,"Senior executive ne call back karke apology maangi, lekin monetary refund abhi bhi release nahi kiya.",hinglish,customer_support,complaint,mixed,escalation,unresolved_issue,medium,none,moderate,Apology ke saath financial compensation process karein
CS595,"Chat assistance available thi, although representative ek simple question ka answer dene me 15 minute laga raha tha.",hinglish,customer_support,complaint,mixed,chat_support,slow_response,low,none,moderate,Agent response latency monitor karein
CS596,"World class customer support, disconnected my call right after making me wait forty minutes on hold.",english,customer_support,complaint,negative,call_support,call_disconnect,high,none,moderate,Prevent agent initiated call drops
CS597,"Truly magical support bot, answered my refund question by explaining how to change my profile picture.",english,customer_support,complaint,negative,chat_support,bot_loop,medium,none,moderate,Retrain NLP classification on help bot
CS598,Loved how the executive marked my ticket as resolved while my money is still missing from existence.,english,customer_support,complaint,negative,ticket,unresolved_issue,high,none,moderate,Do not fake ticket resolutions
CS599,"Incredible efficiency, passed my phone call across six different executives just to say wrong department.",english,customer_support,complaint,negative,agent_behavior,multiple_transfers,high,none,moderate,Streamline internal routing queues
CS600,"Super helpful support team, promised a 2-hour callback and delivered complete radio silence for two weeks.",english,customer_support,complaint,negative,response_time,slow_response,high,none,moderate,Audit unfulfilled agent callback commitments
CS601,"I truly appreciate the executive's courteous tone, but closing my ticket without resolving the billing discrepancy is very frustrating.",english,customer_support,complaint,negative,ticket,premature_closure,high,none,moderate,none
CS602,"Thank you for listening patiently, however asking me to explain the exact same problem to four different agents was tiring.",english,customer_support,complaint,negative,agent,repeated_explanation,medium,none,moderate,none
CS603,"With all due respect to the support team, waiting on call for 35 minutes just to hear automated music is unacceptable.",english,customer_support,complaint,negative,call,long_wait,medium,none,moderate,none
CS604,"I understand agents have scripts to follow, but repeating generic template replies instead of answering my question does not help.",english,customer_support,complaint,negative,chat,scripted_replies,low,none,moderate,none
CS605,"The chat representative was very polite, yet my promised callback from the supervisor never happened.",english,customer_support,complaint,negative,callback,no_callback,high,none,moderate,none
CS606,"I appreciate your prompt automated email, but an auto-generated ticket ID does not substitute for actual grievance redressal.",english,customer_support,complaint,negative,email,automated_response,medium,none,moderate,none
CS607,"While I acknowledge the high call volume, hanging up abruptly while transferring to the technical department was rude.",english,customer_support,complaint,negative,call,call_drop,high,none,moderate,none
CS608,"Respectfully, an AI bot looping through three predefined FAQ options without a human escalation button is maddening.",english,customer_support,complaint,negative,bot,bot_loop,high,none,moderate,none
CS609,"Thank you for the apology email, but it has been two weeks and the refund status still shows under investigation.",english,customer_support,complaint,negative,resolution,investigation_delay,high,none,moderate,none
CS610,"Agent ne bohot pyaar se baat ki call par, par meri issue ko solve karne ke bajaye dusre department ka number de diya.",hinglish,customer_support,complaint,negative,agent,department_shuffling,medium,none,moderate,none
CS611,"Maine bohot shanti se ticket open karwaya tha, par bina kisi verification ke system ne case resolved mark kar diya.",hinglish,customer_support,complaint,negative,ticket,unresolved_closure,high,none,moderate,none
CS612,"I appreciate your team trying to assist, but requesting customer verification documents three times via email is excessive.",english,customer_support,complaint,negative,email,repeated_verification,medium,none,moderate,none
CS613,"With respect, sending a satisfaction survey link immediately after an agent disconnects an unfulfilled query is insulting.",english,customer_support,complaint,negative,survey,premature_survey,low,none,moderate,none
CS614,"Thank you for assigning a senior manager, but the manager has not replied to my follow-up messages for five days.",english,customer_support,complaint,negative,agent,unresponsive_manager,medium,none,moderate,none
CS615,"Support team ne politely bola tha 2 ghante me resolution aayega, par teen din se ticket status pending hi dikh raha hai.",hinglish,customer_support,complaint,negative,resolution,sla_breach,high,none,moderate,none
CS616,"I understand technical issues take investigation, nevertheless a 21-day turnaround for a damaged product query is unreasonable.",english,customer_support,complaint,negative,resolution,turnaround_time,high,none,moderate,none
CS617,"Aapki customer care executive ka tone bohot calm tha, par unhe product warranty terms ke baare me koi jankari nahi thi.",hinglish,customer_support,complaint,negative,agent,product_ignorance,medium,none,moderate,none
CS618,"The live chat agent was respectful, but kept me on hold for 12 minutes between every single short text response.",english,customer_support,complaint,negative,chat,slow_responses,low,none,moderate,none
CS619,"With all respect, telling a customer to visit a physical service center for a simple account unlock is poor digital support.",english,customer_support,complaint,negative,agent,unhelpful_advice,medium,none,moderate,none
CS620,"Maine executive ko clearly explain kiya tha, fir bhi unhone ticket summary me bilkul galat issue mention kar diya.",hinglish,customer_support,complaint,negative,ticket,wrong_summary,medium,none,moderate,none
CS621,"I appreciate the multi-channel support promise, but neither WhatsApp nor email nor phone support is currently active.",english,customer_support,complaint,negative,channel,channels_inactive,high,none,complex,none
CS622,"Respectfully, your representative promised an email confirmation within 10 minutes that never arrived.",english,customer_support,complaint,negative,agent,unfulfilled_promise,medium,none,moderate,none
CS623,"Aapka chatbot visually appealing hai, par return request raise karne par bar bar main menu par redirect kar deta hai.",hinglish,customer_support,complaint,negative,bot,bot_redirect,medium,none,moderate,none
CS624,"While the agent was courteous, refusing to escalate my issue to the grievance officer violates service standards.",english,customer_support,complaint,negative,escalation,escalation_refusal,high,none,moderate,none
CS625,"Thank you for reopening my previous ticket, but assigning a fresh agent who asks from scratch is counterproductive.",english,customer_support,complaint,negative,ticket,lost_context,medium,none,moderate,none
CS626,"Executive ne bade aadar se baat ki, lekin replacement approve karne ke bajaye unnecessary conditions lagana shuru kar diya.",hinglish,customer_support,complaint,negative,agent,policy_excuses,medium,none,moderate,none
CS627,"I value customer relations, but receiving four contradictory updates from four different executives within 24 hours is chaotic.",english,customer_support,complaint,negative,agent,contradictory_info,high,none,moderate,none
CS628,"Thank you for providing a toll-free number, but the IVR disconnects automatically after ten minutes in the queue.",english,customer_support,complaint,negative,call,ivr_disconnect,high,none,moderate,none
CS629,"With all due respect, asking a customer to rate 5 stars before actually resolving the reported problem is inappropriate.",english,customer_support,complaint,negative,agent,rating_pressure,medium,none,moderate,none
CS630,"Aapki team ne respectfully bola tha account unfreeze hoga, par portal par abhi bhi login access blocked aa raha hai.",hinglish,customer_support,complaint,negative,resolution,access_blocked,high,none,moderate,none
CS631,"I understand guidelines must be respected, but your team refusing to communicate in regional language created confusion.",english,customer_support,complaint,negative,agent,language_barrier,low,none,moderate,none
CS632,"Thank you for the prompt WhatsApp chat greeting, but the bot has been waiting for an agent to join for 45 minutes.",english,customer_support,complaint,negative,chat,no_agent,high,none,moderate,none
CS633,"Aapke executive ne politely suna, par email pe wrong replacement tracking link send kar diya jo open nahi hota.",hinglish,customer_support,complaint,negative,email,broken_link,low,none,moderate,none
CS634,"Respectfully, charging customers for calling a premium customer service helpline number is unfair.",english,customer_support,complaint,negative,call,paid_helpline,medium,none,moderate,none
CS635,"The support representative was polite, but their microphone was echoing so badly that communication was nearly impossible.",english,customer_support,complaint,negative,call,audio_quality,low,none,moderate,none
CS636,"Maine executive se supervisor call schedule karne ko kaha tha, unhone bina inform kiye call end kar di.",hinglish,customer_support,complaint,negative,call,abrupt_disconnect,high,none,moderate,none
CS637,"I appreciate the comprehensive terms of service, but quoting clauses verbatim does not address an urgent delivery failure.",english,customer_support,complaint,negative,agent,legal_jargon,medium,none,moderate,none
CS638,"Support desk ne ticket priority high mark ki thi, fir bhi 48 ghante se koi update email ya SMS nahi mila.",hinglish,customer_support,complaint,negative,ticket,no_update,medium,none,moderate,none
CS639,"While I acknowledge policy limits, denying an exchange for a defective item delivered two days ago is unreasonable.",english,customer_support,complaint,negative,resolution,exchange_denied,high,none,moderate,none
CS640,"Agent was courteous and soft-spoken, but promised an engineer visit that was never booked in the backend system.",english,customer_support,complaint,negative,agent,unbooked_visit,high,none,moderate,none
CS641,No agent joined.,english,customer_support,complaint,negative,chat,no_agent,high,none,simple,none
CS642,Call disconnected.,english,customer_support,complaint,negative,call,call_drop,medium,none,simple,none
CS643,Worst customer care.,english,customer_support,complaint,negative,agent,poor_service,high,none,simple,none
CS644,Koi sunne wala nahi.,hinglish,customer_support,complaint,negative,agent,unresponsive,high,none,simple,none
CS645,Ticket closed unresolved.,english,customer_support,complaint,negative,ticket,premature_closure,high,none,simple,none
CS646,Useless AI bot.,english,customer_support,complaint,negative,bot,bot_failure,medium,none,simple,none
CS647,Ghatiya support team.,hinglish,customer_support,complaint,negative,agent,poor_quality,medium,none,simple,none
CS648,Never answered calls.,english,customer_support,complaint,negative,call,unanswered,high,none,simple,none
CS649,Helpdesk bilkul bekaar.,hinglish,customer_support,complaint,negative,agent,poor_service,medium,none,simple,none
CS650,False promises made.,english,customer_support,complaint,negative,agent,dishonesty,high,none,simple,none
CS651,Rude support executive.,english,customer_support,complaint,negative,agent,rude_staff,high,none,simple,none
CS652,Koi reply nahi.,hinglish,customer_support,complaint,negative,email,no_reply,high,none,simple,none
CS653,Problem solved instantly.,english,customer_support,appreciation,positive,resolution,none,none,none,simple,none
CS654,Agent was very helpful.,english,customer_support,appreciation,positive,agent,none,none,none,simple,none
CS655,Bohot badiya support.,hinglish,customer_support,appreciation,positive,agent,none,none,none,simple,none
CS656,Quick resolution.,english,customer_support,appreciation,positive,resolution,none,none,none,simple,none
CS657,Friendly customer care.,english,customer_support,appreciation,positive,agent,none,none,none,simple,none
CS658,Ek call me solve.,hinglish,customer_support,appreciation,positive,resolution,none,none,none,simple,none
CS659,Loved the quick chat.,english,customer_support,appreciation,positive,chat,none,none,none,simple,none
CS660,Superfast ticket closure.,english,customer_support,appreciation,positive,ticket,none,none,none,simple,none
CS661,Bahut ache se samjhaya.,hinglish,customer_support,appreciation,positive,agent,none,none,none,simple,none
CS662,Helpful executive.,english,customer_support,appreciation,positive,agent,none,none,none,simple,none
CS663,Ticket ID generated.,english,customer_support,informational,neutral,ticket,none,none,none,simple,none
CS664,Agent connected on chat.,english,customer_support,informational,neutral,chat,none,none,none,simple,none
CS665,Thik thaak response.,hinglish,customer_support,informational,neutral,agent,none,none,none,simple,none
CS666,Survey submitted.,english,customer_support,informational,neutral,survey,none,none,none,simple,none
CS667,Standard support.,english,customer_support,informational,neutral,agent,none,none,none,simple,none
CS668,Email received.,english,customer_support,informational,neutral,email,none,none,none,simple,none
CS669,Queue position four.,english,customer_support,informational,neutral,call,none,none,none,simple,none
CS670,Bas baat ho gayi.,hinglish,customer_support,informational,neutral,call,none,none,none,simple,none
CS671,Polite agent no solution.,english,customer_support,complaint,mixed,agent,no_solution,medium,none,simple,none
CS672,Connected fast rude reply.,english,customer_support,complaint,mixed,agent,rude_reply,low,none,simple,none
CS673,Ticket solve hui par late.,hinglish,customer_support,complaint,mixed,resolution,delay,low,none,simple,none
CS674,Good bot slow human.,english,customer_support,complaint,mixed,agent,slow_support,low,none,simple,none
CS675,Acha baat kiya par fail.,hinglish,customer_support,complaint,mixed,agent,ineffective,low,none,simple,none
CS676,Customer care ne phone pick up nhi kiya aadha ghanta wait krwaya.,hinglish,customer_support,complaint,negative,call,no_pickup,high,none,moderate,none
CS677,Agent bhot achha tha pura process achhe se explain kiya.,hinglish,customer_support,appreciation,positive,agent,none,none,none,moderate,none
CS678,Ticket raise kiya tha pr koi update nai milla abhi tak.,hinglish,customer_support,complaint,negative,ticket,no_update,medium,none,moderate,none
CS679,Live chat me turant reply milla koi dikkat nai hui problem solved.,hinglish,customer_support,appreciation,positive,chat,none,none,none,moderate,none
CS680,Bohot khrab support h call transfer krke disconnect kr diya.,hinglish,customer_support,complaint,negative,call,call_drop,high,none,moderate,none
CS681,Executive ne bhot politely baat ki aur refund initiate kr diya.,hinglish,customer_support,appreciation,positive,agent,none,none,none,moderate,none
CS682,Mera complaint solve huwa dikha rha h pr issue waisa hi h.,hinglish,customer_support,complaint,negative,ticket,unresolved,high,none,moderate,none
CS683,Chatbot se baat krne ka koi fayda nai h bar bar ek he msg bhejta h.,hinglish,customer_support,complaint,negative,bot,bot_loop,medium,none,moderate,none
CS684,Customer support email ka response bhot jldi aaya within 1 hour.,hinglish,customer_support,appreciation,positive,email,none,none,none,moderate,none
CS685,Executive se milla usne saaf bola ki policy allow nai karti refund.,hinglish,customer_support,complaint,negative,agent,refund_refusal,medium,none,moderate,none
CS686,Bhot helpful the support wale turant replacement approve ho gya.,hinglish,customer_support,appreciation,positive,resolution,none,none,none,moderate,none
CS687,Call hold pr daal k bhool gye 20 minute baad call cut ho gyi.,hinglish,customer_support,complaint,negative,call,long_hold,high,none,moderate,none
CS688,Account recovery ka link mail pe time se nai milla OTP expired huwa.,hinglish,customer_support,complaint,negative,email,link_delay,medium,none,moderate,none
CS689,Bhai customer support bohot fast tha 5 minute me dispute solve.,hinglish,customer_support,appreciation,positive,resolution,none,none,none,moderate,none
CS690,Ghatiya service h koi senior authority bat nai krna chahti.,hinglish,customer_support,complaint,negative,escalation,escalation_refusal,high,none,moderate,none
CS691,Ticket status close ho gya pr solution nai milla bilkul bekaar.,hinglish,customer_support,complaint,negative,ticket,premature_closure,high,none,moderate,none
CS692,Executive ne bohot achhi guide provide ki setup krne k liye.,hinglish,customer_support,appreciation,positive,agent,none,none,none,moderate,none
CS693,Bot ne complaint register krne se mana kiya error show ho rha h.,hinglish,customer_support,complaint,negative,bot,bot_error,medium,none,moderate,none
CS694,Support team achhi h par waiting time thoda jyada tha call pr.,hinglish,customer_support,complaint,mixed,call,wait_time,low,none,moderate,none
CS695,Refund ka confirmation SMS milla tha par account me credit nai huwa.,hinglish,customer_support,complaint,negative,resolution,refund_pending,high,none,moderate,none
CS696,Helpdesk staff bhot co-operative tha pura issue solve kra diya.,hinglish,customer_support,appreciation,positive,agent,none,none,none,moderate,none
CS697,Email ka automated reply aaya pr human executive ne contact nai kiya.,hinglish,customer_support,complaint,negative,email,no_followup,medium,none,moderate,none
CS698,Representative se baat hui unhone ticket reference number share kiya.,hinglish,customer_support,informational,neutral,agent,none,none,none,moderate,none
CS699,Service center ka address puchne k liye call kiya tha details mil gyi.,hinglish,customer_support,appreciation,positive,call,none,none,none,moderate,none
CS700,IVR options bhot confusing h direct agent connect nai hota.,hinglish,customer_support,complaint,negative,call,ivr_confusion,medium,none,moderate,none
CS701,Bhot gussa aaya jab agent ne bina sune phone cut kr diya.,hinglish,customer_support,complaint,negative,call,abrupt_disconnect,high,none,moderate,none
CS702,Chat executive ne screenshot mange the upload kr diya response mila.,hinglish,customer_support,informational,neutral,chat,none,none,none,moderate,none
CS703,Problem solve krne me bhot time lagaya pr end me ho gya.,hinglish,customer_support,complaint,mixed,resolution,slowness,low,none,moderate,none
CS704,Support ka number hamesha busy aata h lagta he nai h.,hinglish,customer_support,complaint,negative,call,busy_line,high,none,moderate,none
CS705,Feedback form submit kiya tha confirmation code generate huwa.,hinglish,customer_support,informational,neutral,survey,none,none,none,moderate,none
CS706,Customer support agent did not resolve my pending account issue.,english,customer_support,complaint,negative,agent,unresolved,high,none,moderate,none
CS707,Helpdesk executive ne meri complaint note karne se mana kar diya.,hinglish,customer_support,complaint,negative,agent,refusal,high,none,moderate,none
CS708,I did not receive any callback from the customer escalation team.,english,customer_support,complaint,negative,callback,no_callback,high,none,moderate,none
CS709,Chatbot is not understanding basic product return questions.,english,customer_support,complaint,negative,bot,bot_failure,medium,none,moderate,none
CS710,Customer support portal par ticket status update nahi ho raha.,hinglish,customer_support,complaint,negative,ticket,status_bug,medium,none,moderate,none
CS711,The representative was not willing to connect me to a supervisor.,english,customer_support,complaint,negative,escalation,escalation_refusal,high,none,moderate,none
CS712,Mera verification document receive hone ke baad bhi approve nahi hua.,hinglish,customer_support,complaint,negative,resolution,approval_pending,medium,none,moderate,none
CS713,I have not received any written explanation for why my warranty was rejected.,english,customer_support,complaint,negative,resolution,no_explanation,high,none,moderate,none
CS714,Call center executive ne meri baat poori sune bina call transfer kar di.,hinglish,customer_support,complaint,negative,call,abrupt_transfer,medium,none,moderate,none
CS715,The support website is not accessible on mobile browsers.,english,customer_support,complaint,negative,portal,portal_bug,low,none,moderate,none
CS716,Toll free helpline par phone connect nahi ho raha subah se.,hinglish,customer_support,complaint,negative,call,connection_failure,high,none,moderate,none
CS717,Customer support did not honor the refund commitment made on email.,english,customer_support,complaint,negative,resolution,broken_promise,high,none,moderate,none
CS718,Agent ne replacement order create nahi kiya jabki bola tha ho gaya.,hinglish,customer_support,complaint,negative,agent,unfulfilled_task,high,none,moderate,none
CS719,I am not satisfied with the generic canned response received from support.,english,customer_support,complaint,negative,email,canned_response,low,none,moderate,none
CS720,Grievance officer ne meri registered complaint ka koi notice nahi liya.,hinglish,customer_support,complaint,negative,escalation,no_action,high,none,moderate,none
CS721,The live chat option is not functioning during working business hours.,english,customer_support,complaint,negative,chat,chat_inactive,medium,none,moderate,none
CS722,Customer care ne bina consent ke complaint close nahi karni chahiye thi.,hinglish,customer_support,complaint,negative,ticket,unauthorized_closure,high,none,moderate,none
CS723,I did not get any SMS acknowledgment with the ticket reference number.,english,customer_support,complaint,negative,ticket,no_sms,low,none,moderate,none
CS724,Support team does not have proper information about shipping timelines.,english,customer_support,complaint,negative,agent,poor_knowledge,low,none,moderate,none
CS725,Agent ne polite tone use nahi kiya aur bohot rudely baat ki.,hinglish,customer_support,complaint,negative,agent,rude_staff,high,none,moderate,none
CS726,The automated email does not contain any link to track ticket progress.,english,customer_support,complaint,negative,email,missing_link,low,none,moderate,none
CS727,Do hafte ho gaye par replacement dispatch nahi kiya gaya support team dwara.,hinglish,customer_support,complaint,negative,resolution,dispatch_delay,high,none,moderate,none
CS728,Helpdesk executive did not verify the invoice attachment I sent.,english,customer_support,complaint,negative,agent,attachment_ignored,medium,none,moderate,none
CS729,Mera password reset request customer support ne process nahi kiya.,hinglish,customer_support,complaint,negative,resolution,process_delay,medium,none,moderate,none
CS730,The phone line was not clear and agent voice was barely audible.,english,customer_support,complaint,negative,call,low_audio,low,none,moderate,none
CS731,"The agent spoke very politely, but could not resolve my account suspension issue.",english,customer_support,complaint,mixed,agent,unresolved,medium,none,moderate,none
CS732,"Live chat connected within 10 seconds, but the executive gave completely wrong technical guidance.",english,customer_support,complaint,mixed,agent,wrong_info,high,none,moderate,none
CS733,"Refund was approved quickly, but waiting 30 minutes on call to get it approved was painful.",english,customer_support,complaint,mixed,call,wait_time,medium,none,moderate,none
CS734,"The AI chatbot understands English well, but completely fails when handling simple return requests.",english,customer_support,complaint,mixed,bot,bot_limitation,low,none,moderate,none
CS735,"Customer support responded via email within an hour, but their response was just a generic copy-pasted link.",english,customer_support,complaint,mixed,email,generic_reply,low,none,moderate,none
CS736,"Senior manager was very helpful, but reaching the escalation level took five days of repeated calls.",english,customer_support,complaint,mixed,escalation,escalation_delay,medium,none,moderate,none
CS737,"Support portal interface is clean, but the file upload button fails when attaching screenshots.",english,customer_support,complaint,mixed,portal,upload_bug,low,none,moderate,none
CS738,"The executive was empathetic, but company return policy restrictions prevented any real help.",english,customer_support,complaint,mixed,agent,policy_restriction,low,none,moderate,none
CS739,"WhatsApp support is convenient, but the human agent took 40 minutes between messages.",english,customer_support,complaint,mixed,chat,slow_chat,medium,none,moderate,none
CS740,"My ticket was resolved successfully, but receiving five marketing feedback calls afterward was annoying.",english,customer_support,complaint,mixed,survey,spam_calls,low,none,moderate,none
CS741,"Agent ka tone bohot sweet tha, par problem samajhne me usko aadha ghanta lag gaya.",hinglish,customer_support,complaint,mixed,agent,slow_understanding,low,none,moderate,none
CS742,"Call turant connect ho gayi, lekin representative ne aage transfer karke cut kar diya.",hinglish,customer_support,complaint,mixed,call,call_drop,medium,none,moderate,none
CS743,"Chatbot ne ticket number toh de diya, par actual resolution ke liye koi human contact nahi hua.",hinglish,customer_support,complaint,mixed,bot,no_human,medium,none,moderate,none
CS744,"Executive ne refund initiate kar diya, par apology me koi compensation voucher nahi diya.",hinglish,customer_support,complaint,mixed,resolution,no_compensation,low,none,moderate,none
CS745,"Support team ne mail ka reply kiya, par attachment file open nahi ho rahi thi unke end se.",hinglish,customer_support,complaint,mixed,email,attachment_issue,low,none,moderate,none
CS746,"Helpdesk ki building clean thi, par reception par token lene ke liye 20 minute wait karna pada.",hinglish,customer_support,complaint,mixed,portal,wait_time,low,none,moderate,none
CS747,"Senior agent ne problem solve kar di, par pehle do agents ne bilkul misguide kiya tha.",hinglish,customer_support,complaint,mixed,agent,misguidance,medium,none,moderate,none
CS748,"WhatsApp support shandar feature hai, lekin raat ko 9 baje ke baad koi agent active nahi rehta.",hinglish,customer_support,complaint,mixed,channel,limited_hours,low,none,moderate,none
CS749,"Refund mil gaya pura, par support team se baat karte waqt language barrier ki dikkat aayi.",hinglish,customer_support,complaint,mixed,agent,language_barrier,low,none,moderate,none
CS750,"Ticket tracking portal acha hai, par status update real-time me reflect nahi hota.",hinglish,customer_support,complaint,mixed,portal,sync_delay,low,none,moderate,none
CS751,Why does customer care put customers on hold for 20 minutes without providing any status update?,english,customer_support,question,negative,call,long_hold,medium,none,moderate,none
CS752,Is there any human representative working in your support department or only automated bots?,english,customer_support,question,negative,agent,no_humans,high,none,moderate,none
CS753,How many times do I have to submit the same invoice before someone actually looks at it?,english,customer_support,question,negative,email,ignored_documents,high,none,moderate,none
CS754,What exactly is the point of a 24x7 helpline if calls get disconnected after IVR selection?,english,customer_support,question,negative,call,ivr_disconnect,high,none,moderate,none
CS755,Can someone explain why my grievance ticket was closed without any resolution email?,english,customer_support,question,negative,ticket,premature_closure,high,none,moderate,none
CS756,Why do different support agents give completely contradictory information on the same issue?,english,customer_support,question,negative,agent,contradictory_info,high,none,moderate,none
CS757,Is it reasonable to wait ten days just to receive an acknowledgment for a refund request?,english,customer_support,question,negative,resolution,acknowledgment_delay,medium,none,moderate,none
CS758,Kya customer support me koi aisa executive hai jisko system use karna aata ho?,hinglish,customer_support,question,negative,agent,incompetence,high,none,moderate,none
CS759,Mera ticket close karne se pehle kya mujhse confirm karna zaroori nahi tha?,hinglish,customer_support,question,negative,ticket,unauthorized_closure,high,none,moderate,none
CS760,Call center walo ke paas basic return policy ki training kyu nahi hoti?,hinglish,customer_support,question,negative,agent,untrained_staff,medium,none,moderate,none
CS761,Chatbot se baat karke apna time waste kyu kare customer jab koi solution nahi milta?,hinglish,customer_support,question,negative,bot,useless_bot,medium,none,moderate,none
CS762,Grievance manager ka email address website par kyu hide karke rakha gaya hai?,hinglish,customer_support,question,negative,portal,hidden_contact,low,none,moderate,none
CS763,Aapki support team customer ka phone cut kyu kar deti hai jab unke paas answer na ho?,hinglish,customer_support,question,negative,call,abrupt_disconnect,high,none,moderate,none
CS764,Har bar naye agent ko poori kahani shuru se kyu batani padti hai?,hinglish,customer_support,question,negative,agent,repeated_explanation,medium,none,moderate,none
CS765,Replacement approve hone ke baad dispatch status track karne ka option kyu nahi milta?,hinglish,customer_support,question,negative,ticket,no_tracking,medium,none,moderate,none
CS766,bhai sach me maza aa gaya agent ne 2 minute me mera refund initiate kar diya,hinglish,customer_support,appreciation,positive,resolution,none,none,none,simple,none
CS767,yaar support wale phone utha ke hold pe daal dete hai aur aage baat hi nahi karte,hinglish,customer_support,complaint,negative,call,long_hold,high,none,simple,none
CS768,bhai ticket reference number note kar lo CS8821 bas ispe update check karna,hinglish,customer_support,informational,neutral,ticket,none,none,none,simple,none
CS769,bhai agent ne baat bohot ache se ki par technical team se approval aane me time lag gaya,hinglish,customer_support,complaint,mixed,resolution,delay,low,none,simple,none
CS770,yaar chatbot bilkul pagal bana raha hai ghuma fira ke ek hi page pe le jata hai,hinglish,customer_support,complaint,negative,bot,bot_loop,medium,none,simple,none
CS771,bhai executive ne khud callback karke confirm kiya ki product replace ho gaya great,hinglish,customer_support,appreciation,positive,callback,none,none,none,simple,none
CS772,yaar support helpline pe automated music sunte sunte pura balance khatam ho gaya,hinglish,customer_support,complaint,negative,call,wait_time,high,none,simple,none
CS773,bhai WhatsApp support ka UI kafi clean hai document upload karna easy hai,hinglish,customer_support,appreciation,positive,channel,none,none,none,simple,none
CS774,bas itna bata do mera refund bank account me credit hone me kitna din lagega,hinglish,customer_support,informational,neutral,resolution,none,none,none,simple,none
CS775,yaar customer care agent ne bina kisi reason ke call transfer karke disconnect kar diya,hinglish,customer_support,complaint,negative,call,call_drop,high,none,simple,none
CS776,bhai representative ne complaint sunte hi turant replacement dispatch kar diya super,hinglish,customer_support,appreciation,positive,agent,none,none,none,simple,none
CS777,please mera pending ticket reopen kar do bina solution ke close ho gaya tha bhai,hinglish,customer_support,complaint,negative,ticket,premature_closure,high,none,simple,none
CS778,yaar support response time acha tha par unhone solution ki jagah FAQ link bhej diya,hinglish,customer_support,complaint,mixed,email,faq_link,low,none,simple,none
CS779,bhai ticket history me date aur time clear format me mention kiya gaya hai,hinglish,customer_support,informational,neutral,ticket,none,none,none,simple,none
CS780,acha response mila agent se par warranty extension ka price thoda high laga,hinglish,customer_support,complaint,mixed,agent,expensive,low,none,simple,none
CS781,Customer support ticket number CS99021 was registered at 11:15 AM today.,english,customer_support,informational,neutral,ticket,none,none,none,simple,none
CS782,The standard turnaround time for email queries is 24 to 48 business hours.,english,customer_support,informational,neutral,email,none,none,none,simple,none
CS783,Toll free customer helpline operates from 9:00 AM to 8:00 PM Monday through Saturday.,english,customer_support,informational,neutral,call,none,none,none,simple,none
CS784,The chat session was initiated with agent ID AGT449 on the web portal.,english,customer_support,informational,neutral,chat,none,none,none,simple,none
CS785,A feedback survey link was dispatched to the customer registered email address.,english,customer_support,informational,neutral,survey,none,none,none,simple,none
CS786,Grievance redressal officer ka office address corporate building floor 3 par hai.,hinglish,customer_support,informational,neutral,portal,none,none,none,simple,none
CS787,Customer care helpline me Hindi aur English language selection option available hai.,hinglish,customer_support,informational,neutral,call,none,none,none,simple,none
CS788,Service ticket confirmation message SMS ke through registered mobile par receive hua.,hinglish,customer_support,informational,neutral,ticket,none,none,none,simple,none
CS789,Chatbot support 24 ghante active rehta hai FAQs aur order tracking ke liye.,hinglish,customer_support,informational,neutral,bot,none,none,none,simple,none
CS790,Call duration 4 minute 32 second record hui telephonic server log me.,hinglish,customer_support,informational,neutral,call,none,none,none,simple,none
CS791,"Great customer service, waiting 40 minutes on hold just to get transferred to dial tone.",english,customer_support,complaint,negative,call,call_drop,high,none,moderate,none
CS792,Wonderful experience having an AI bot apologize 10 times without answering a single question.,english,customer_support,complaint,negative,bot,bot_failure,high,none,moderate,none
CS793,"Thanks for marking my unresolved complaint as resolved, customer satisfaction achieved.",english,customer_support,complaint,negative,ticket,premature_closure,high,none,moderate,none
CS794,Loved the customer support agent who told me to Google the solution to their own app error.,english,customer_support,complaint,negative,agent,unhelpful_agent,high,none,moderate,none
CS795,"Kamaal ka support system hai, issue report karo toh bolte hai 48 ghante baad dobara contact karo.",hinglish,customer_support,complaint,negative,agent,delay_excuses,high,none,moderate,none
CS796,"The live chat connected fast, but the representative kept copy-pasting the same knowledgebase URL.",english,customer_support,complaint,mixed,chat,repetitive_links,low,none,moderate,none
CS797,"Agent resolved my login issue, but was very pushy about filling out a 5-star rating on call.",english,customer_support,complaint,mixed,agent,rating_pressure,low,none,moderate,none
CS798,Ticket details including agent notes were logged into the customer dashboard archive.,english,customer_support,informational,neutral,ticket,none,none,none,moderate,none
CS799,"Customer support ne complaint attend ki, par email receipt me attachment open nahi ho raha tha.",hinglish,customer_support,complaint,mixed,email,attachment_issue,low,none,moderate,none
CS800,Grievance redressal portal par complaint status tracking feature active hai.,hinglish,customer_support,informational,neutral,portal,none,none,none,moderate,none
