id,text,language,service,behavior,sentiment,aspect,issue,severity,abuse,complexity,suggestion
TC001,"5G download speeds consistently cross 350 Mbps in my apartment, streaming 4K video without buffering.",english,telecom_internet,appreciation,positive,internet_speed,none,none,none,simple,none
TC002,"The fiber broadband connection is lightning fast for gaming, but customer support took three days to replace a faulty patch cable.",english,telecom_internet,complaint,mixed,customer_support,support_delay,medium,none,complex,Speed up field accessory replacements
TC003,bhai recharge amount account se kat gaya par validity aur data pack abhi tak extend nahi hua,hinglish,telecom_internet,complaint,negative,recharge,recharge_delay,high,none,moderate,Automate instant recharge activation upon debit
TC004,What is the standard procedure to port a prepaid number to a family postpaid plan without changing SIM cards?,english,telecom_internet,question,neutral,porting,none,none,none,moderate,none
TC005,Naya optical fiber connection lagwaya technician ne 2 ghante me wiring karke router start kar diya.,hinglish,telecom_internet,appreciation,positive,installation,none,none,none,simple,none
TC006,Telecom operators should send proactive SMS alerts before scheduled night-time network maintenance down-times.,english,telecom_internet,suggestion,neutral,outage,none,none,none,moderate,Notify scheduled maintenance via advance SMS
TC007,the home broadband line has been completely dead for forty-eight hours and the IVR automatically terminates the call,english,telecom_internet,complaint,negative,outage,internet_outage,high,none,moderate,Provide live agent escalation during prolonged outages
TC008,"I wouldn't describe the 4G signal as completely unusable indoors, but voice calls require standing near balcony windows.",english,telecom_internet,complaint,mixed,network_coverage,weak_coverage,low,none,complex,Enhance indoor penetration in residential colonies
ED009,recharged for international roaming pack but SIM failed to latch onto foreign partner networks upon landing,english,telecom_internet,complaint,negative,roaming,roaming_issue,high,none,moderate,Streamline roaming handshakes with partner operators
TC010,"Broadband technician visited at 11:30 AM, replaced the optical splitter, and verified optical power levels.",english,telecom_internet,informational,neutral,technician,none,none,none,simple,none
TC011,bhai customer support executive itna arrogant hai seedhe muh baat nahi karta aur ticket forcibly close kar di idiot,hinglish,telecom_internet,complaint,negative,customer_support,poor_communication,high,mild,Train call center agents in polite grievance handling,
TC012,Voice over Wi-Fi works seamlessly inside the basement parking lot where cellular signals never penetrate.,english,telecom_internet,appreciation,positive,call_quality,none,none,none,simple,none
TC013,Can I convert my physical nano SIM to an eSIM through the self-care mobile application without visiting a store?,english,telecom_internet,question,neutral,sim,none,none,none,moderate,none
TC014,every voice call drops precisely around the forty-second mark whenever I enter the metro railway tunnel,english,telecom_internet,complaint,negative,call_drop,call_drop,medium,none,moderate,Deploy dedicated leaky feeder cables in metro corridors
TC015,prepaid balance deducted for an unrequested value-added horoscopes subscription service without sending consent OTP,english,telecom_internet,complaint,negative,billing,unexpected_charge,high,none,simple,Mandate double-opt-in OTP for all paid subscriptions
TC016,bhai fiber router ka red light blink ho raha hai LOS error aa raha hai subah se internet band hai,hinglish,telecom_internet,complaint,negative,fiber,fiber_issue,high,none,moderate,Dispatch technicians immediately on LOS alarm triggers
TC017,"The postpaid plan offers generous family pooling data, though the monthly billing statement PDF arrives password-protected with confusing syntax.",english,telecom_internet,appreciation,mixed,billing,billing_issue,low,none,moderate,Simplify e-bill password formats and legends
TC018,Service providers should allow carryover of unused daily 4G data quotas to weekend buckets.,english,telecom_internet,suggestion,neutral,data_plan,none,none,none,moderate,Introduce weekend data rollover options
TC019,bhai app me card payment successful ho gayi par dashboard pe 'payment pending' error aa raha hai,hinglish,telecom_internet,complaint,negative,mobile_app,app_issue,medium,none,moderate,Sync payment gateways instantaneously with app dashboard
TC020,The field installation engineer arrived punctually with proper protective footwear and installed fiber routing discreetly along skirting boards.,english,telecom_internet,appreciation,positive,installation,none,none,none,moderate,none
TC021,"Although the ping latency during daytime is respectable for competitive multiplayer games, jitter spikes noticeably between 8 PM and 11 PM.",english,telecom_internet,complaint,mixed,internet_speed,slow_internet,medium,none,complex,Upgrade backhaul capacity to manage evening peak jitter
TC022,"zero signal coverage on highway stretches between major commercial cities, GPS navigation constantly stalls offline",english,telecom_internet,complaint,negative,network_coverage,weak_coverage,high,none,moderate,Erect continuous cellular booster towers along highways
TC023,recharge plan 299 rupay ka tha aur 28 din ki validity ke sath 1.5GB daily data mil gaya properly,hinglish,telecom_internet,informational,neutral,prepaid_plan,none,none,none,simple,none
TC024,Does this fiber broadband provider support dynamic IPv6 allocation alongside carrier-grade NAT?,english,telecom_internet,question,neutral,broadband,none,none,none,moderate,none
TC025,Pathetic telecom provider kept porting request pending for twelve days despite clear regulatory clearance bloody extortionist staff,english,telecom_internet,complaint,negative,porting,porting_delay,high,severe,Clear MNP requests within standard statutory windows,
TC026,5G standalone network switch hone ke baad call clarity ekdum crystal clear ho gayi background noise zero hai,hinglish,telecom_internet,appreciation,positive,call_quality,none,none,none,simple,none
TC027,"I wouldn't say the broadband service is entirely unacceptable, but intermittent packet loss during video conference meetings is intensely disruptive.",english,telecom_internet,complaint,mixed,broadband,wifi_issue,medium,none,complex,Stabilize packet routing on residential fiber lines
ED028,Replacement SIM card was activated over the counter within twenty minutes of biometric fingerprint scanning.,english,telecom_internet,appreciation,positive,activation,none,none,none,moderate,none
TC029,kya duplicate SIM card issue karwane ke liye original owner ka physical store aana zaroori hai?,hinglish,telecom_internet,question,neutral,sim,none,none,none,simple,none
TC030,Customer care executive abruptly terminated the phone call after placing me on hold for twenty-two minutes over an erroneous billing charge.,english,telecom_internet,complaint,negative,customer_support,support_delay,high,mild,Monitor and penalize abrupt agent call drop-offs,
TC031,"Outgoing SMS services stopped working for twenty-four hours after SIM swap, preventing critical banking authentication codes.",english,telecom_internet,complaint,negative,sms,sms_failure,medium,none,moderate,Clarify mandatory regulatory SMS block windows to users
TC032,Telecom mobile app crashed repeatedly during flash bill payment and duplicate transaction was debited from bank balance.,english,telecom_internet,complaint,negative,mobile_app,app_issue,high,none,complex,Fix crash bugs on mobile app payment checkout flows
TC033,"The broadband speeds match the advertised 200 Mbps plan, though the provided dual-band router has poor 5GHz radio range through brick walls.",english,telecom_internet,appreciation,mixed,wifi,wifi_issue,low,none,complex,Provide higher gain external antennas on bundled routers
TC034,bhai international roaming recharge kiya tha par foreign land karte hi 'no service' display ho gaya zero support,hinglish,telecom_internet,complaint,negative,roaming,roaming_issue,high,none,moderate,Pre-provision roaming handshakes prior to subscriber departure
TC035,Voice over LTE handoffs during fast highway car travel are completely seamless with zero crackling or call terminations.,english,telecom_internet,appreciation,positive,call_quality,none,none,none,moderate,none
TC036,kya broadband plan downgrade karne par security deposit me se cancellation charges deduct hote hain?,hinglish,telecom_internet,question,neutral,billing,none,none,none,moderate,none
TC037,Field technician climbed rooftop in scorching heat to repair broken optical drop cable and restored internet before office hours.,english,telecom_internet,appreciation,positive,technician,none,none,none,complex,none
TC038,Mobile balance deduction alerts are delivered via instantaneous flash messages right after concluding call sessions.,english,telecom_internet,appreciation,positive,billing,none,none,none,moderate,none
TC039,"High-voltage overhead power cables dangling directly onto black optical distribution boxes, posing grave hazard and frequent drop cuts.",english,telecom_internet,complaint,negative,fiber,fiber_issue,high,none,moderate,Reroute fiber distribution lines safely away from power lines
TC040,net bhut slow h aur call bhi drop ho rhi h pure din se,hinglish,telecom_internet,complaint,negative,mobile_data,slow_internet,medium,none,simple,Boost cell tower transmission capacity in crowded sectors
TC041,"While the unlimited fiber data plan represents good value, getting an official GST invoice for enterprise claims takes a month of follow-ups.",english,telecom_internet,complaint,mixed,billing,billing_issue,medium,none,complex,Automate monthly GST tax invoice generation via web portal
TC042,Can customer support verify if my current residential area falls under the planned 5G standalone rollout map this quarter?,english,telecom_internet,question,neutral,network_coverage,none,none,none,moderate,none
TC043,postpaid plan me 150 rupay late fee charge kar di jabki payment due date se 2 din pehle execute kiya tha,hinglish,telecom_internet,complaint,negative,billing,unexpected_charge,medium,none,simple,Reconcile billing statements against payment gateway timestamps
TC044,Everything was working smoothly until the overhead fiber cable was snapped by a municipal road widening bulldozer.,english,telecom_internet,complaint,mixed,outage,internet_outage,medium,none,moderate,Deploy underground fiber conduits to prevent municipal road cuts
TC045,Broadband providers should provide automated bill rebate credits calculated pro-rata whenever outages exceed eight consecutive hours.,english,telecom_internet,suggestion,neutral,billing,none,none,none,moderate,Automate pro-rata billing credits for extended outages
TC046,the cellular connection shows full signal bars yet web browsers report DNS lookup failures continuously,english,telecom_internet,complaint,negative,mobile_data,data_not_working,medium,none,simple,Resolve DNS resolution latency on cellular gateways
TC047,bhaiya technician ne bina extra wire charges liye router ko study room me perfectly shift kiya thank you,hinglish,telecom_internet,appreciation,positive,technician,none,none,none,moderate,none
TC048,Is physical verification mandatory for upgrading a standard 4G prepaid physical SIM to an active 5G profile?,english,telecom_internet,question,neutral,sim,none,none,none,moderate,none
TC049,"Call clarity is good, internet consistency isn't.",english,telecom_internet,complaint,mixed,internet_speed,slow_internet,medium,none,simple,Improve mobile data stability during peak congestion
TC050,terrible experience technician demanded 500 cash bribe under table for splicing cut fiber wire shameless extortionist,hinglish,telecom_internet,complaint,negative,technician,poor_communication,high,severe,Strictly prohibit unauthorized cash collections by repair staff,
TC051,Recharged through UPI handle and talktime balance with data benefits reflected on dashboard within four seconds.,english,telecom_internet,appreciation,positive,recharge,none,none,none,simple,none
TC052,bhai incoming calls are blocked saying validity expired jabki 500 rupay main balance me pade hue hain ridiculous policy,hinglish,telecom_internet,complaint,negative,prepaid_plan,plan_issue,high,none,moderate,Allow outgoing and incoming usage from main talktime balance
TC053,"Honestly, I expected prolonged downtime during the heavy monsoon cyclonic storm, but the optical fiber line remained rock solid.",english,telecom_internet,appreciation,mixed,fiber,none,none,none,complex,none
TC054,Self-care app keeps displaying session expired error whenever attempting to view itemized postpaid call records.,english,telecom_internet,complaint,negative,mobile_app,app_issue,medium,none,moderate,Fix session timeout glitches on itemized bill views
TC055,kya broadband speed test results official dispute resolution ke liye legal evidence maane jaate hain?,hinglish,telecom_internet,question,neutral,broadband,none,none,none,moderate,none
TC056,"Fiber patch cord delivered during initial installation was kinked and crushed, causing optical loss and constant disconnects.",english,telecom_internet,complaint,negative,installation,installation_delay,high,none,moderate,Train installers to route fiber patch cables without sharp bends
TC057,The bundled OTT entertainment subscriptions integrated smoothly with the fiber smart television box without separate logins.,english,telecom_internet,appreciation,positive,broadband,none,none,none,moderate,none
TC058,Telecom companies should provide a simple SMS keyword to permanently deactivate all automated commercial telemarketing calls.,english,telecom_internet,suggestion,neutral,sms,none,none,none,moderate,Enforce strict DND deactivation mechanisms via SMS
TC059,broadband installation delayed by two weeks despite paying three months advance rental fee useless sales team,english,telecom_internet,complaint,negative,installation,installation_delay,medium,mild,Ensure committed installation turnaround within 48 hours,
TC060,"The voice calls rarely drop in city centers, though the audio tone often sounds compressed and robotic during rush hours.",english,telecom_internet,appreciation,mixed,call_quality,poor_call_quality,low,none,moderate,Optimize voice codec bitrate allocation during busy hours
TC061,net kab aayega?? subah se modem pe red light jal rhi h work from home ruka pda h,hinglish,telecom_internet,question,negative,outage,internet_outage,high,none,simple,Expedite fiber restoration during working hours
TC062,"Minimal packaging used for the replacement SIM card envelope, biodegradable paper card carrier utilized commendably.",english,telecom_internet,appreciation,positive,sim,none,none,none,simple,none
TC063,Customer support IVR system traps subscribers in endless automated loops without any option to speak with human agents.,english,telecom_internet,complaint,negative,customer_support,support_delay,medium,none,moderate,Provide easy IVR options to connect with live representatives
TC064,postpaid security deposit 1000 rupay account close karne ke 3 mahine baad bhi refund nahi hua,hinglish,telecom_internet,complaint,negative,billing,billing_issue,medium,none,moderate,Release postpaid security refunds within statutory limits
TC065,Are corporate pool mobile data balances accessible while roaming across national circles outside state boundaries?,english,telecom_internet,question,neutral,roaming,none,none,none,moderate,none
TC066,"Technician refused to climb apartment shaft to replace frayed drop wire, demanding customer arrange private ladder.",english,telecom_internet,complaint,negative,technician,poor_communication,medium,none,moderate,Equip field technicians with complete safety and access gear
TC067,The low-latency fiber routing to Singapore gaming servers provides steady 45ms ping without packet jitters.,english,telecom_internet,appreciation,positive,internet_speed,none,none,none,moderate,none
TC068,bhai data pack recharge kiya tha extra 10GB ka par 2GB khatam hote hi internet speed 64Kbps kar di,hinglish,telecom_internet,complaint,negative,data_plan,plan_issue,medium,none,moderate,Apply purchased add-on data allocations transparently
TC069,"The high-speed fiber connection is generally reliable, although the bundled Wi-Fi router overheats and requires daily power restarts.",english,telecom_internet,complaint,mixed,wifi,wifi_issue,low,none,complex,Provide routers with better passive heat dissipation
TC070,How many working days does it take for a Unique Porting Code to generate via SMS for corporate numbers?,english,telecom_internet,question,neutral,porting,none,none,none,moderate,none
TC071,"Excavation work severed the primary underground fiber trunk, plunging the entire residential township into a twenty-four-hour blackout.",english,telecom_internet,complaint,negative,outage,internet_outage,high,none,moderate,Implement ring redundancy architectures on trunk fiber lines
TC072,mobile internet is decent for basic messaging but video calls stutter terribly due to fluctuating latency,english,telecom_internet,complaint,mixed,mobile_data,slow_internet,low,none,simple,Enhance packet scheduler prioritization for video calls
TC073,bhai portability request raise ki thi 24 ghante me nayi SIM activate ho gayi zero downtime,hinglish,telecom_internet,appreciation,positive,porting,none,none,none,simple,none
TC074,Operators should allow subscribers to pause broadband billing during long vacation leaves through the mobile application.,english,telecom_internet,suggestion,neutral,broadband,none,none,none,moderate,Introduce seasonal vacation pause features on broadband
TC075,basement flat me signal bilkul zero bars hai calls connect hi nahi hoti tower density improve karo,hinglish,telecom_internet,complaint,negative,network_coverage,weak_coverage,high,none,simple,Install microcell solutions in dense basement housing
TC076,Subscribed to gigabit plan but ethernet speed tests never exceed 90 Mbps due to installer provisioning obsolete Cat5 cables.,english,telecom_internet,complaint,negative,installation,fiber_issue,high,none,moderate,Deploy certified Cat6 gigabit patch cords on high-speed setups
TC077,The customer relationship executive at the flagship retail center resolved my SIM ownership transfer documentation within fifteen minutes.,english,telecom_internet,appreciation,positive,customer_support,none,none,none,moderate,none
TC078,Does the unlimited night data benefit apply strictly between 12:00 midnight and 6:00 AM without speed throttling?,english,telecom_internet,question,neutral,data_plan,none,none,none,moderate,none
TC079,"I wouldn't call the network coverage terrible, but mobile data throughput drops sharply whenever regional train carriages enter semi-urban stations.",english,telecom_internet,complaint,mixed,network_coverage,slow_internet,low,none,complex,none
TC080,fraudulent agent cloned my phone number through unauthorized SIM swap and wiped savings account criminal negligence by store staff,english,telecom_internet,complaint,negative,sim,sim_issue,high,severe,Enforce biometric and government ID verification on all SIM swaps,
TC081,"Delivered replacement nano SIM to my doorstep within three hours of placing request via mobile application, impressive turnaround.",english,telecom_internet,appreciation,positive,sim,none,none,none,simple,none
TC082,app me data usage breakdown galat dikha raha hai 1GB use kiya par 2.5GB consumed show ho raha hai,hinglish,telecom_internet,complaint,negative,mobile_app,app_issue,medium,none,simple,Audit real-time data metering engines in self-care apps
TC083,"The home broadband bandwidth is symmetrical and solid, though the supplied Wi-Fi extender loses pairing whenever the power fluctuates.",english,telecom_internet,appreciation,mixed,wifi,wifi_issue,low,none,complex,Improve auto-reconnection firmware on bundled extenders
TC084,Are long-distance national roaming calls free of charge across all union territories on standard prepaid recharges?,english,telecom_internet,question,neutral,roaming,none,none,none,moderate,none
TC085,bhai router ka adapter short-circuit ho gaya par replacement lene ke liye pure city center store jana pada,hinglish,telecom_internet,complaint,negative,broadband,fiber_issue,low,none,moderate,Provide doorstep delivery for replacement power adapters
TC086,"Fiber internet latency to local domestic cloud servers remains steady under 4ms, perfect for remote desktop operations.",english,telecom_internet,appreciation,positive,internet_speed,none,none,none,simple,none
TC087,Please introduce an option to set customized daily mobile data spend limit warnings via push notifications.,english,telecom_internet,suggestion,neutral,mobile_data,none,none,none,moderate,Add customizable daily data consumption alerts
TC088,worst mobile network ever every single call drops within ten seconds inside our residential sector useless company,english,telecom_internet,complaint,negative,call_drop,call_drop,high,mild,Optimize antenna tilt and coverage in dead residential pockets,
TC089,ordered high-speed static IP for gaming server received dynamic IP configuration without notification,hinglish,telecom_internet,complaint,negative,broadband,plan_issue,medium,none,simple,Ensure accurate static IP provisioning on designated lines
TC090,"A pleasant experience migrating from prepaid to postpaid, existing talktime balance was adjusted against first month billing statement.",english,telecom_internet,informational,positive,postpaid_plan,none,none,none,simple,none
TC091,bhai call quality acchi hai bas building ke andar mobile data bilkul dead ho jata hai Wi-Fi calling use karni padti hai,hinglish,telecom_internet,suggestion,mixed,network_coverage,weak_coverage,low,none,moderate,Boost indoor small-cell network penetration
TC092,Why did the monthly broadband bill include a non-itemized router rental surcharge when the equipment was purchased outright?,english,telecom_internet,question,negative,billing,unexpected_charge,medium,none,moderate,Eliminate erroneous recurring hardware rental charges
TC093,"The optical network terminal operates silently, stays cool, and connects smoothly across all smart home automation gadgets.",english,telecom_internet,appreciation,positive,broadband,none,none,none,moderate,none
TC094,bhai website pe bill pay kiya payment deduct ho gayi par account disconnected show kar raha hai connection cut ho gaya,hinglish,telecom_internet,complaint,negative,billing,billing_issue,high,none,moderate,Prevent automated line disconnections during payment reconciliation
TC095,"Not exactly the most responsive customer grievance desk, but they eventually dispatched a technician who fixed our frayed drop line.",english,telecom_internet,informational,mixed,technician,support_delay,low,none,complex,none
TC096,broadband speed throttled to 1 Mbps in the middle of billing cycle without reaching fair usage data threshold,english,telecom_internet,complaint,negative,internet_speed,slow_internet,high,none,moderate,Adhere strictly to advertised commercial FUP data limits
TC097,prepaid validity khatam hone ke baad 48 ghante ka grace period milna chahiye urgent emergency calls ke liye,hinglish,telecom_internet,suggestion,neutral,prepaid_plan,none,low,none,moderate,Provide a 48-hour emergency validity grace window
TC098,Can international roaming voice packages be activated remotely while traveling outside domestic territory without physical presence?,english,telecom_internet,question,neutral,roaming,none,none,none,moderate,none
TC099,"Exemplary assistance at the customer care pavilion, ported two landline numbers to fiber voice without any interruption to office lines.",english,telecom_internet,appreciation,positive,porting,none,none,none,simple,none
TC100,bhai postpaid bill me 300 rupay international roaming service charges add kar diye jabki roaming kabhi activate hi nahi ki thi,hinglish,telecom_internet,complaint,negative,billing,unexpected_charge,medium,none,moderate,Remove unauthorized roaming service fee line items
TC101,"Cellular data connection drops intermittently every five minutes, forcing flight mode toggling to restore data sessions.",english,telecom_internet,complaint,negative,mobile_data,data_not_working,medium,none,moderate,Investigate radio resource control teardown issues on towers
TC102,"fiber broadband speeds are symmetrical, giving identical 300 Mbps upload and download throughput for content creation.",english,telecom_internet,appreciation,positive,internet_speed,none,none,none,simple,none
TC103,bhai naya SIM card buy kiya 48 ghante ho gaye tele-verification call nahi aayi connection abhi tak dead hai,hinglish,telecom_internet,complaint,negative,activation,activation_delay,medium,none,simple,Expedite new SIM tele-verification processes
TC104,Please mention the fair usage policy data caps and post-FUP speed ceilings prominently on all promotional banners.,english,telecom_internet,suggestion,neutral,data_plan,none,none,none,moderate,Display post-FUP throttle speeds transparently on ads
TC105,Where do I submit identity proof documents to surrender a postpaid corporate connection and claim deposit refund?,english,telecom_internet,question,neutral,customer_support,none,none,none,moderate,none
TC106,"Super quick turnaround, optical fiber cable spliced and line operational within twenty minutes of raising outage ticket.",english,telecom_internet,appreciation,positive,technician,none,none,none,simple,none
TC107,"The mobile hotspot feature disconnects automatically after ten minutes of tethering, making laptop work impossible.",english,telecom_internet,complaint,negative,mobile_data,data_not_working,medium,none,moderate,Resolve APN tethering timeout configurations
TC108,bhai quarterly fiber bill advance pay karne par promised free OTT subscription vouchers SMS pe deliver nahi hue,hinglish,telecom_internet,complaint,negative,billing,plan_issue,medium,none,simple,Dispatch promised OTT voucher credentials upon advance payment
TC109,"While the 5G data speeds are blisteringly fast outdoors, smartphone battery drains twice as rapidly due to aggressive carrier aggregation.",english,telecom_internet,complaint,mixed,mobile_data,poor_network,low,none,complex,Optimize network cell switching to reduce device power draw
TC110,The frontline field engineer patiently demonstrated how to switch Wi-Fi channels on the router to bypass neighborhood channel clutter.,english,telecom_internet,appreciation,positive,technician,none,none,none,moderate,none
TC111,refund for failed prepaid online recharge credited back to original bank UPI account within ninety minutes without dispute.,english,telecom_internet,appreciation,positive,recharge,none,none,none,moderate,none
TC112,customer care helpline pe 40 minute wait karwaya automated music sunte sunte call drop ho gaya useless support,hinglish,telecom_internet,complaint,negative,customer_support,support_delay,medium,none,simple,Reduce customer care queue waiting durations
TC113,Why are outgoing SMS messages charged at premium rates while national roaming on standard prepaid combo packs?,english,telecom_internet,question,negative,sms,unexpected_charge,medium,none,moderate,Standardize SMS rates across roaming and home circles
TC114,Allow subscribers to test line ping and bandwidth directly through the native network management self-service portal.,english,telecom_internet,suggestion,neutral,mobile_app,none,none,none,moderate,Integrate native bandwidth testing inside customer app
TC115,"Voice calls are audible, but caller identity information displays incorrectly as private number on incoming calls.",english,telecom_internet,complaint,mixed,call_quality,poor_call_quality,low,none,moderate,Correct caller line identification transmission parameters
TC116,bhai fiber router power cut ke baad automatically sync nahi hota har baar manually restart karna padta hai,hinglish,telecom_internet,complaint,negative,wifi,wifi_issue,high,none,simple,Fix automatic line synchronization firmware on routers
TC117,"Crystal clear VoNR audio quality during calls, zero metallic resonance, feels like the caller is speaking in the same room.",english,telecom_internet,appreciation,positive,call_quality,none,none,none,moderate,none
TC118,customer care representative mocked my regional pronunciation and disconnected line instead of assisting with network outage arrogant behavior,english,telecom_internet,complaint,negative,customer_support,poor_communication,high,severe,Penalize staff exhibiting disrespectful behavior toward subscribers,
TC119,Can I request physical relocation of our optical fiber broadband connection to another residential sector without changing account IDs?,english,telecom_internet,question,neutral,broadband,none,none,none,moderate,none
TC120,SIM porting completed smoothly on the exact fourth working day at midnight without missing any incoming messages.,english,telecom_internet,appreciation,positive,porting,none,none,none,simple,none
TC121,"The broadband connection is fast and stable for streaming, though the default router firmware prevents configuring third-party DNS servers.",english,telecom_internet,complaint,mixed,broadband,wifi_issue,low,none,moderate,Allow custom DNS configuration on customer-premise routers
TC122,rogue store personnel activated unauthorized postpaid connections against my Aadhaar identity document criminal identity theft,english,telecom_internet,complaint,negative,sim,sim_issue,high,severe,Enforce biometric matching to prevent unauthorized SIM activations,
TC123,Include an option in the mobile application to schedule temporary broadband speed boosts for downloading massive gaming patches.,english,telecom_internet,suggestion,neutral,broadband,none,none,none,moderate,Introduce on-demand short-term bandwidth turbo packs
TC124,dual-band Wi-Fi router provided with the gigabit connection easily blankets my entire three-bedroom apartment with signal.,english,telecom_internet,appreciation,positive,wifi,none,none,none,simple,none
TC125,bhai prepaid SIM me talktime tha par data balance khatam hote hi per-MB background deductions shuru ho gayi balance zero ho gaya,hinglish,telecom_internet,complaint,negative,prepaid_plan,unexpected_charge,medium,none,simple,Halt background data deduction from main talktime balances
TC126,Is there a grace period for settling postpaid enterprise invoices before outgoing services are suspended?,english,telecom_internet,question,neutral,billing,none,none,none,moderate,none
TC127,"I received someone else's itemized call records PDF on my registered email address, gross compromise of subscriber privacy.",english,telecom_internet,complaint,negative,billing,billing_issue,high,none,moderate,Audit automated billing dispatch engines for recipient verification
TC128,"Smooth installation experience, technician ran underground drop wire in protective PVC casing, zero cable clutter on walls.",english,telecom_internet,appreciation,positive,installation,none,none,none,simple,none
TC129,bhaiya technician ne bina extra cost router ke sath 10 meter extra patch cord provide ki helpful person,hinglish,telecom_internet,appreciation,positive,technician,none,none,none,simple,none
TC130,"The fiber line performs admirably during dry weather, although heavy downpours cause optical signal attenuation and speed drops.",english,telecom_internet,complaint,mixed,fiber,fiber_issue,low,none,complex,Waterproof outdoor optical splitters and junction boxes
TC131,service engineer closed the fiber restoration ticket marked 'resolved' while our optical link remained physically severed on street,english,telecom_internet,complaint,negative,technician,poor_communication,high,none,moderate,Mandate customer OTP verification before closing field tickets
TC132,kya existing prepaid mobile number ko corporate CUG plan me migrate karne ke liye company authorization letter required hai?,hinglish,telecom_internet,question,neutral,postpaid_plan,none,none,none,moderate,none
TC133,"Clean installation, optical distribution box mounted securely, power levels calibrated to negative 18dBm, perfect connection stability.",english,telecom_internet,appreciation,positive,installation,none,none,none,moderate,none
TC134,broadband bills keep increasing by forty rupees every quarter under vague regulatory compliance cost headings without transparency,english,telecom_internet,complaint,negative,billing,unexpected_charge,medium,none,moderate,Disclose all regulatory surcharge revisions with advance notice
TC135,bhai customer support number dial karne par sirf recorded IVR bolta hai human agent se baat karne ka koi option hi nahi hai,hinglish,telecom_internet,complaint,negative,customer_support,support_delay,medium,none,moderate,Provide direct zero-key press to reach human operators
TC136,Internet service providers should offer static public IPv4 addresses for home lab developers at reasonable recurring add-on prices.,english,telecom_internet,suggestion,neutral,broadband,none,none,none,moderate,Offer affordable static IPv4 add-ons for home users
TC137,"The VoLTE voice clarity on national calls is rich and warm, eliminating background ambient road noise through deep filtering.",english,telecom_internet,appreciation,positive,call_quality,none,none,none,moderate,none
TC138,How can a subscriber report unauthorized spam telemarketing calls using the standard 1909 regulatory SMS facility?,english,telecom_internet,question,neutral,sms,none,none,none,simple,none
TC139,mobile network speed was okay okay type barely touching 8 Mbps during daytime office peak hours,hinglish,telecom_internet,complaint,mixed,internet_speed,slow_internet,low,none,simple,none
TC140,"The branch retail executive was patient, verified my physical Aadhaar card, and replaced my scratched SIM card in three minutes.",english,telecom_internet,appreciation,positive,customer_support,none,none,none,moderate,none
TC141,bhai mobile network tower maintenance ke naam pe pure colony ka signal 3 din se cut hai basic communication impossible,hinglish,telecom_internet,complaint,negative,outage,poor_network,high,none,simple,Deploy mobile cell-on-wheels units during tower overhauls
TC142,"Never using this telecom service again, deducted 400 rupees for international SMS never sent from my handset dirty scammers",english,telecom_internet,complaint,negative,sms,unexpected_charge,high,mild,Audit international SMS transmission logs for billing errors,
TC143,Is Aadhaar-based biometric verification legally required for converting a physical SIM card to an embedded eSIM profile?,english,telecom_internet,question,neutral,sim,none,none,none,moderate,none
TC144,"Consistent 100 Mbps fiber speed throughout the month, zero downtime, monthly e-invoice delivered promptly to email.",english,telecom_internet,appreciation,positive,broadband,none,none,none,simple,none
TC145,"The mobile network coverage is decent across the township, but signal strength drops to emergency calls only inside elevators.",english,telecom_internet,complaint,mixed,network_coverage,weak_coverage,low,none,moderate,Install passive in-building antenna repeaters inside elevators
TC146,bhai number porting request reject kardi 'unmatched UPC code' bolke jabki code SMS se copy kiya tha kyu?,hinglish,telecom_internet,question,negative,porting,porting_delay,medium,none,moderate,Clarify rejection reasons accurately for MNP requests
TC147,"Great 5G speed outdoors overall, though the smartphone switches back to 4G frequently while moving through indoor corridors.",english,telecom_internet,informational,mixed,network,poor_network,low,none,simple,none
TC148,Customer care desk took fourteen days to rectify an erroneous billing category assignment on my residential broadband line.,english,telecom_internet,complaint,negative,billing,billing_issue,medium,none,moderate,Accelerate billing tier correction turnaround times
TC149,fiber broadband plan renew kiya app se instant account active ho gaya 200 Mbps speed aa rahi hai,hinglish,telecom_internet,appreciation,positive,broadband,none,none,none,simple,none
TC150,Telecom providers should publish live optical cable cut outage maps on their web portal to reduce customer panic.,english,telecom_internet,suggestion,neutral,outage,none,none,none,moderate,Publish real-time live outage maps on web portal
TC151,bhai call connect hone me 15 second lagte hain aur beech me dead silence rehta hai routing glitch lagta hai,hinglish,telecom_internet,complaint,negative,call_quality,poor_call_quality,medium,none,simple,Optimize call setup latency and signalling handshakes
TC152,"The fiber connection maintains stable low jitter during Zoom video conferences, preventing choppy frozen screen artifacts.",english,telecom_internet,appreciation,positive,broadband,none,none,none,moderate,none
TC153,Does this telecom operator offer unmetered unlimited voice calls without any commercial capping under standard prepaid tariffs?,english,telecom_internet,question,neutral,prepaid_plan,none,none,none,moderate,none
TC154,"The mobile internet speed is impressive near the window, but drops to 2G levels when sitting in the interior master bedroom.",english,telecom_internet,complaint,mixed,network_coverage,weak_coverage,low,none,simple,none
TC155,bhai recharge kiya tha 666 ka paise cut gaye bank se par app me transaction failed dikha raha hai,hinglish,telecom_internet,complaint,negative,recharge,recharge_failure,high,none,moderate,Resolve failed recharge debits automatically within hours
TC156,"Self-care web portal is clean and responsive, displaying real-time data balance and active validity counters accurately.",english,telecom_internet,appreciation,positive,mobile_app,none,none,none,moderate,none
TC157,"terrible cellular service, outgoing calls fail with 'network busy' tone four out of five times during evening market hours",english,telecom_internet,complaint,negative,network,poor_network,medium,none,moderate,Expand voice channel capacity on congested city towers
TC158,bhai 5G speed test kiya 450 Mbps download speed aayi lag free video streaming ho rahi hai,hinglish,telecom_internet,appreciation,positive,internet_speed,none,none,none,simple,none
TC159,Does this home broadband package bundle dynamic DNS hosting support directly within the provided optical network terminal?,english,telecom_internet,question,neutral,broadband,none,none,none,complex,none
TC160,"Broadband sales representative was deceptive, promised free installation and later added 1500 wiring fee to initial invoice.",english,telecom_internet,complaint,negative,installation,unexpected_charge,medium,mild,Ensure transparent communication of upfront installation fees,
TC161,"The Wi-Fi router coverage is wide across single floors, but the 2.4GHz radio band suffers from heavy neighboring channel interference.",english,telecom_internet,complaint,mixed,wifi,wifi_issue,low,none,moderate,Enable automatic channel switching algorithms on routers
TC162,eSIM profile activation QR code delivered to registered email within thirty minutes of submitting biometric consent at store.,english,telecom_internet,appreciation,positive,activation,none,none,none,simple,none
TC163,bhai international roaming pack me 100 free SMS advertise kiye the par bank OTP receive hone par 5 rupay deduct kar liye,hinglish,telecom_internet,complaint,negative,roaming,unexpected_charge,medium,mild,Ensure incoming OTPs remain free while international roaming,
TC164,Provide an option on the self-service portal to schedule technician visits within specific two-hour appointment slots.,english,telecom_internet,suggestion,neutral,technician,none,none,none,moderate,Offer two-hour appointment booking windows for technicians
TC165,How can an enterprise customer request a consolidated single-invoice billing statement across fifty employee postpaid lines?,english,telecom_internet,question,neutral,billing,none,none,none,simple,none
TC166,"Super fast turnaround, optic fiber cable damaged during street excavation was spliced and restored within four hours.",english,telecom_internet,appreciation,positive,technician,none,none,none,moderate,none
TC167,bhai mobile app me bill payment receipts open nahi hoti blank screen aati hai PDF download link fix karo,hinglish,telecom_internet,complaint,negative,mobile_app,app_issue,medium,none,moderate,Fix PDF bill download rendering on Android app
TC168,"The cellular network latency is stable for ordinary browsing, though voice calls occasionally disconnect when roaming across state borders.",english,telecom_internet,informational,neutral,roaming,call_drop,low,none,simple,none
TC169,underground optic fiber cable laid without protective conduits was severed by rodents within three weeks of installation,english,telecom_internet,complaint,negative,fiber,fiber_issue,high,none,moderate,Use armored rodent-resistant drop cables for outdoor runs
TC170,"Customer care supervisor intervened calmly, credited the unauthorized data overage charge, and updated my account profile immediately.",english,telecom_internet,appreciation,positive,customer_support,none,none,none,complex,none
TC171,bhai 5G network connect hota hai aur achanak 3G pe drop ho jata hai tower handoff configuration bilkul kharab hai,hinglish,telecom_internet,complaint,negative,network,poor_network,medium,none,moderate,Optimize cellular tower 5G-to-4G handoff parameters
TC172,"Although the fiber broadband speed is exceptional during work hours, the bundled TV streaming box interface lags heavily when switching apps.",english,telecom_internet,complaint,mixed,broadband,wifi_issue,medium,none,complex,Upgrade processor and memory specs on streaming set-top boxes
TC173,Customer support desk resolved my eSIM activation profile error within thirty minutes through remote QR regeneration.,english,telecom_internet,appreciation,positive,activation,none,none,none,moderate,none
TC174,bhai technician ne fiber installation ke waqt wall me bina puche ganda hole drill kar diya plaster tut gaya careless worker,hinglish,telecom_internet,complaint,negative,installation,installation_delay,high,none,simple,Train technicians to use clean masonry drills with consent
TC175,Broadband providers should provide automated Wi-Fi diagnostic checks directly inside their mobile app to test router health.,english,telecom_internet,suggestion,neutral,mobile_app,none,none,none,moderate,Implement in-app automated Wi-Fi health diagnostics
TC176,Is the optical fiber line routed overhead through poles or laid inside underground conduits across this residential layout?,english,telecom_internet,question,neutral,fiber,none,none,none,moderate,none
TC177,"Fiber broadband connection remained rock solid throughout severe thunderstorm, zero latency fluctuations during office presentations.",english,telecom_internet,appreciation,positive,broadband,none,none,none,simple,none
TC178,bhai prepaid balance me se 99 rupay deduct kar liye caller tune ke naam pe jo maine kabhi request hi nahi ki thi,hinglish,telecom_internet,complaint,negative,billing,unexpected_charge,high,none,moderate,Prohibit automatic activation of paid caller tunes
TC179,"The mobile data speed is reliable for cloud work, but uploading high-definition video files throttles noticeably after 50GB usage.",english,telecom_internet,complaint,mixed,mobile_data,slow_internet,low,none,moderate,Clarify commercial high-volume upload throttling policies
TC180,utter rubbish service broadband line disconnected for six days and support executive keeps lying that technician is on the way useless company,english,telecom_internet,complaint,negative,customer_support,support_delay,high,severe,Provide accurate technician dispatch updates without false promises,
TC181,"The optical power meter reading at our customer terminal showed negative 19dBm, providing solid signal margin and zero packet drops.",english,telecom_internet,appreciation,positive,fiber,none,none,none,moderate,none
TC182,kya broadband modem ko bridge mode me set karke personal mesh router connect karne ki permission milti hai?,hinglish,telecom_internet,question,neutral,broadband,none,none,none,simple,none
TC183,"Retail store staff verified identity documents rapidly, dispensed the multi-SIM kit, and answered roaming questions politely.",english,telecom_internet,appreciation,positive,customer_support,none,none,none,simple,none
TC184,"mobile data connection completely stalled for three hours during evening office commute, unable to book ride hailing cabs",english,telecom_internet,complaint,negative,mobile_data,data_not_working,high,none,moderate,Strengthen transit corridor cellular data capacity
TC185,bhai technician ne optical fiber wire router ke peeche itna tight bend kiya ki fiber break ho gaya unprofessional work,hinglish,telecom_internet,complaint,negative,installation,fiber_issue,high,mild,Instruct technicians on minimum bend radius for fiber cables,
TC186,Can telecom companies offer an option to convert unused main talktime balance into high-speed 4G data quotas?,english,telecom_internet,suggestion,neutral,prepaid_plan,none,none,none,moderate,Enable talktime balance conversion into data packs
TC187,"The 4G coverage is pervasive across rural highways, but voice calls experience frequent hollow echo effects during rapid movement.",english,telecom_internet,appreciation,mixed,call_quality,poor_call_quality,low,none,complex,Calibrate echo cancellation algorithms on rural cellular gateways
TC188,"placed fiber broadband booking on Monday morning, wiring finished by noon, and connection operational by 2:00 PM.",english,telecom_internet,informational,positive,installation,none,none,none,simple,none
TC189,bhaiya technician ne bina extra charges liye optical line ko roof se underground pipe me route kiya very honest guy,hinglish,telecom_internet,appreciation,positive,technician,none,none,none,moderate,none
TC190,Why is GST invoiced separately on the security deposit amount for broadband hardware equipment?,english,telecom_internet,question,neutral,billing,none,none,none,moderate,none
TC191,Fiber connection dropped continuously every thirty seconds because the field splitter was overloaded with twenty-four connections instead of sixteen.,english,telecom_internet,complaint,negative,fiber,fiber_issue,high,none,moderate,Enforce strict subscriber limits per optical distribution splitter
TC192,"Voice calls over 4G connect within one second of dialing, background acoustic hum is zero, and speech is crisp.",english,telecom_internet,appreciation,positive,call_quality,none,none,none,moderate,none
TC193,bhai fiber speed 300 Mbps bol ke sell kiya par actual download speed 40 Mbps ke upar nahi jati fake promises,hinglish,telecom_internet,complaint,mixed,internet_speed,slow_internet,medium,none,simple,Deliver advertised bandwidth speeds on fiber tiers
TC194,Please give an option in self-service app to reset optical network terminal remotely during internet freeze glitches.,english,telecom_internet,suggestion,neutral,mobile_app,none,none,none,moderate,Add remote ONT reboot button inside customer app
TC195,I wouldn't recommend this mobile operator if you depend on stable cellular internet while commuting through underground railway lines.,english,telecom_internet,complaint,negative,network_coverage,weak_coverage,low,none,moderate,none
TC196,bhai failed recharge ka refund kab account me wapas aayega? 5 din ho gaye complaint open kiye hue,hinglish,telecom_internet,question,negative,recharge,recharge_delay,medium,none,moderate,Speed up failed recharge banking refunds
TC197,"Great discount on annual broadband subscription during festival sale, saved almost fifteen hundred rupees on the 100 Mbps tier.",english,telecom_internet,appreciation,positive,broadband,none,none,none,simple,none
TC198,"The prepaid data plan pricing is affordable, but daily data resets at midnight rather than 24 hours from activation, causing awkward gaps.",english,telecom_internet,complaint,mixed,data_plan,plan_issue,low,none,moderate,Align daily data quota renewals with individual user schedules
TC199,"field repair technician demanded 200 rupees cash bribe claiming extra wire length charges, shameless extortion by contractor",english,telecom_internet,complaint,negative,technician,unexpected_charge,medium,severe,Prohibit unreceipted field wire charges by technicians,
TC200,"The 5G network speeds are phenomenally fast in central commercial districts, easily outperforming standard home wired broadband connections.",english,telecom_internet,appreciation,positive,internet_speed,none,none,none,moderate,none
TC201,bhai kya self-care app pe secondary family members ke data quota usage ko limit karne ka parental control hai?,hinglish,telecom_internet,suggestion,neutral,mobile_app,none,none,none,moderate,Add family data quota management controls on app
TC202,"The optical fiber connection offers low gaming ping, but the public IP address changes every four hours, severing active SSH connections.",english,telecom_internet,complaint,mixed,broadband,broadband,low,none,moderate,Increase DHCP IP lease durations on residential broadband
TC203,"Found exposed severed fiber drop cables hanging into wet open street gutters, severe maintenance neglect by local cable operators.",english,telecom_internet,complaint,negative,fiber,fiber_issue,high,none,moderate,Inspect and secure overhead fiber cables into weather-proof conduits
TC204,"Fast dispute resolution, erroneous international roaming charge of twelve hundred rupees was reversed within twenty-four hours of ticket creation.",english,telecom_internet,appreciation,positive,billing,none,none,none,simple,none
TC205,bhai prepaid SIM me full network bars dikhata hai par internet speed 100Kbps se aage nahi badhti browsing completely dead,hinglish,telecom_internet,complaint,negative,mobile_data,slow_internet,medium,none,simple,Investigate backhaul throttling on full-signal towers
TC206,Does this broadband plan include complimentary antivirus and firewall licenses for home network router protection?,english,telecom_internet,question,neutral,broadband,none,none,none,moderate,none
TC207,"Honestly, the cellular coverage during my recent high-altitude mountain trek was surprisingly robust, providing steady 4G connectivity.",english,telecom_internet,appreciation,positive,network_coverage,none,none,none,moderate,none
TC208,bhai app me billing history download karne jao to network error 503 throw karta hai 2 din se stuck hai,hinglish,telecom_internet,complaint,negative,mobile_app,app_issue,medium,none,moderate,Resolve server 503 errors on bill download endpoints
TC209,Operators should provide an automated voice warning when active daily mobile data quota drops below twenty percent remaining.,english,telecom_internet,suggestion,neutral,mobile_data,none,none,none,moderate,Send low data warning prompts before exhaustion
TC210,"The voice calls sound clear on open streets, but the cellular network switches to emergency calls only as soon as you enter the basement elevator.",english,telecom_internet,complaint,negative,network_coverage,weak_coverage,low,none,moderate,none
TC211,"Quick and polite service, optical line installation completed within three hours of booking, speed test verified in front of customer.",english,telecom_internet,appreciation,positive,installation,none,none,none,simple,none
TC212,bhai tower maintenance ke naam pe pure locality ka signal cut kar diya aur customer care bolta hai 4 din lagenge,hinglish,telecom_internet,complaint,negative,outage,poor_network,high,none,moderate,Minimize scheduled tower maintenance downtimes
TC213,Can an active prepaid number be converted to an eSIM remotely while residing temporarily outside the home telecom circle?,english,telecom_internet,question,neutral,sim,none,none,none,moderate,none
TC214,"The broadband connection is fast and stable for streaming, though the default router firmware prevents configuring port forwarding rules.",english,telecom_internet,complaint,mixed,broadband,wifi_issue,medium,none,moderate,Allow port forwarding on customer router portals
TC215,"Disgusting telecom scam, deducted 500 rupees for premium horoscope alerts never requested, customer care refuses to process refund.",english,telecom_internet,complaint,negative,billing,unexpected_charge,high,severe,Abolish auto-activation of unsolicited paid value-added services,
TC216,bhai 5G speed test me 500 Mbps touch hua game downloads 2 minute me complete ho gaye super impressive,hinglish,telecom_internet,appreciation,positive,internet_speed,none,none,none,simple,none
TC217,"Customer support desk kept my fiber outage ticket pending for nine days without dispatching a field engineer, zero accountability.",english,telecom_internet,complaint,negative,customer_support,support_delay,medium,none,moderate,Enforce strict SLAs for field technician dispatches
TC218,Include an option to receive high-speed data exhaustion alerts directly via WhatsApp notifications for immediate visibility.,english,telecom_internet,suggestion,neutral,mobile_data,none,none,none,moderate,Deliver data balance exhaustion warnings on WhatsApp
TC219,Is there a penalty fee if a postpaid subscriber surrenders a connection before completing the initial six-month contract period?,english,telecom_internet,question,neutral,postpaid_plan,none,none,none,moderate,none
TC220,"The Wi-Fi router provided covers the entire living room well, though the signal drops sharply in the rear master bedroom.",english,telecom_internet,appreciation,mixed,wifi,wifi_issue,none,none,complex,Offer mesh Wi-Fi options for larger apartments
TC221,bhai optical fiber cut hone ke baad customer care ko call kiya to bot loop me phasaya human agent se connect nahi kiya,hinglish,telecom_internet,complaint,negative,customer_support,support_delay,high,mild,Ensure emergency fiber cut reports reach human operators,
TC222,The bundled digital television channels on the fiber plan switch instantly with zero buffering lag or audio sync delays.,english,telecom_internet,appreciation,positive,broadband,none,none,none,moderate,none
TC223,"Municipal construction crushed the main distribution duct, snapping optical fibers of three hundred households, zero restoration crew on site.",english,telecom_internet,complaint,negative,outage,internet_outage,high,none,moderate,Deploy emergency rapid-response teams for major trunk fiber cuts
TC224,bhai mobile app pe data balance 5GB show hota hai par actual me internet speed 64Kbps pe locked hai kyu?,hinglish,telecom_internet,question,negative,mobile_data,data_not_working,medium,none,moderate,Reconcile data balance meters with network throttle servers
TC225,"The 5G connectivity is fast outdoors, but battery consumption on my smartphone increases dramatically while using data on the move.",english,telecom_internet,complaint,mixed,mobile_data,poor_network,low,none,simple,none
TC226,"Superb customer service at retail gallery, helped transfer billing ownership of deceased parent's landline to my name without bureaucratic friction.",english,telecom_internet,appreciation,positive,customer_support,none,none,none,simple,none
TC227,bhai recharge plan me 100 SMS per day promised the par banking OTPs send karte waqt transaction failed ho raha hai,hinglish,telecom_internet,complaint,negative,sms,sms_failure,low,none,simple,Ensure outgoing SMS routes function reliably for shortcodes
TC228,Operators should provide an automated mechanism to convert unused daily mobile data into cloud storage backup space.,english,telecom_internet,suggestion,neutral,data_plan,none,none,none,moderate,Introduce daily data to cloud storage conversion
TC229,The field technician neatly aligned the fiber wiring using cable clips along skirting boards and cleaned all drilling debris.,english,telecom_internet,appreciation,positive,technician,none,none,none,moderate,none
TC230,The cellular network exhibits severe call drop spikes during morning commute hours between 8:30 AM and 10:00 AM on metro lines.,english,telecom_internet,complaint,negative,call_drop,call_drop,medium,none,moderate,Enhance cellular capacity along morning metro commute routes
TC231,bhai kya existing postpaid number ko corporate employee CUG plan me migrate karne se security deposit forfeit ho jata hai?,hinglish,telecom_internet,question,neutral,postpaid_plan,none,low,none,moderate,none
TC232,"Recharge went through instantly, but the bundled entertainment streaming membership activation link took forty-eight hours to arrive via SMS.",english,telecom_internet,complaint,mixed,recharge,plan_issue,low,none,moderate,Dispatch third-party subscription activation links immediately
TC233,"Clean installation, optical distribution terminal mounted securely on internal wall, signal levels verified at negative 17dBm.",english,telecom_internet,appreciation,positive,installation,none,none,none,moderate,none
TC234,bhai customer support executive ne call disconnect kar di jab maine bar bar disconnect hone wale broadband ka refund manga rude staff,hinglish,telecom_internet,complaint,negative,customer_support,poor_communication,high,mild,Ensure support agents resolve persistent refund grievances,
TC235,Please allow subscribers to toggle between public dynamic IP and carrier-grade NAT directly inside the customer web portal.,english,telecom_internet,suggestion,neutral,broadband,none,none,none,moderate,Provide user-controlled CGNAT toggle on web dashboard
TC236,Local cable broadband operator severed competing fiber wires in society duct overnight criminal sabotage and anti-competitive thuggery,english,telecom_internet,complaint,negative,fiber,fiber_issue,high,severe,Prosecute local cable operator vandalism against open fiber ducts,
TC237,"Broadband plan was renewed via mobile app, payment was verified instantly, and high-speed bandwidth restored within sixty seconds.",english,telecom_internet,appreciation,positive,broadband,none,none,none,simple,none
TC238,kya outstation national roaming ke dauran incoming video calls par extra data surcharge lagta hai?,hinglish,telecom_internet,question,neutral,roaming,none,none,none,moderate,none
TC239,"The fiber connection offers low ping to domestic game servers, but latency to European servers fluctuates wildly during late evenings.",english,telecom_internet,complaint,mixed,internet_speed,slow_internet,low,none,complex,Optimize international routing peering agreements
TC240,bhai prepaid validity recharge 155 ka kiya tha par 24 din baad hi service cut kar di duration transparency bilkul zero,hinglish,telecom_internet,complaint,negative,prepaid_plan,plan_issue,medium,none,moderate,Adhere strictly to advertised plan validity days
TC241,"The outdoor distribution box was left unlatched in rain by the technician, causing water ingress and neighborhood line failures.",english,telecom_internet,complaint,negative,technician,fiber_issue,high,none,moderate,Mandate weather-sealed latches on all outdoor distribution boxes
TC242,"Comprehensive family postpaid plan, shared data bucket works smoothly across four SIM cards with consolidated monthly billing.",english,telecom_internet,appreciation,positive,postpaid_plan,none,none,none,moderate,none
TC243,Can broadband subscribers request replacement of an aging single-band router with a modern dual-band Wi-Fi 6 gateway?,english,telecom_internet,question,neutral,wifi,none,none,none,moderate,none
TC244,bhai naya connection lagwaya tha promo offer me 1 month free bola tha par pehle hi bill me full charges lagake bhej diye,hinglish,telecom_internet,complaint,negative,billing,unexpected_charge,medium,none,simple,Honor introductory promotional waivers on initial bills
TC245,"Not terrible at all, but having to complete manual captchas every time I open the self-care app to check remaining data is annoying.",english,telecom_internet,informational,mixed,mobile_app,app_issue,low,none,moderate,none
TC246,The field engineer arrived within forty-five minutes of logging the fiber breakage and spliced the core cleanly with zero fuss.,english,telecom_internet,appreciation,positive,technician,none,none,none,moderate,none
TC247,bhai mobile network me call lagate hi continuous busy tone aati hai receiver ka phone ring hi nahi hota congestion fault,hinglish,telecom_internet,complaint,negative,network,poor_network,medium,none,simple,Resolve cellular signalling channel congestion
TC248,Telecom apps should allow users to test their real-time optical power level directly on the diagnostic settings screen.,english,telecom_internet,suggestion,neutral,mobile_app,none,none,none,moderate,Display ONT optical power readings inside customer app
TC249,"Clean fiber installation, dual-band router configured with custom SSID, technician verified speeds across multiple mobile devices.",english,telecom_internet,appreciation,positive,installation,none,none,none,simple,none
TC250,bhai porting code SMS send kiya tha 1900 pe 3 din se koi response nahi aaya telecom operator portability block kar raha hai,hinglish,telecom_internet,complaint,negative,porting,porting_delay,medium,none,moderate,Ensure automated instant dispatch of Unique Porting Codes
TC251,"The 5G standalone data speeds are impressive, though voice calls occasionally switch to legacy 2G networks in basement elevators.",english,telecom_internet,complaint,mixed,network,poor_network,low,none,moderate,Eliminate unnecessary voice fallback to legacy 2G bands
TC252,Why does the mobile application require continuous background location permissions just to check remaining prepaid data balance?,english,telecom_internet,question,negative,mobile_app,app_issue,low,none,moderate,Remove non-essential background location permissions on app
TC253,"Flawless eSIM activation, scanned QR code from store screen, carrier profile downloaded instantly, active within five minutes.",english,telecom_internet,appreciation,positive,activation,none,none,none,moderate,none
TC254,bhai technician ne optical fiber wire society gate ke upar se loose chhod di truck aane par toot gayi poor installation work,hinglish,telecom_internet,complaint,negative,installation,fiber_issue,high,mild,Ensure minimum overhead clearance for fiber cable crossings,
TC255,"I wouldn't say the broadband connection is completely unstable, but the speed drops to half its rated capacity every evening after 8 PM.",english,telecom_internet,complaint,mixed,internet_speed,slow_internet,low,none,moderate,Upgrade evening peak bandwidth capacity in residential hubs
TC256,Broadband providers should provide automated Wi-Fi interference scans to guide users toward the cleanest 5GHz channel frequencies.,english,telecom_internet,suggestion,neutral,wifi,none,none,none,moderate,Integrate automated Wi-Fi channel optimization tools
TC257,Retail store representative assisted with updating deceased father's registered phone number to my name with utmost courtesy and speed.,english,telecom_internet,appreciation,positive,customer_support,none,none,none,moderate,none
TC258,bhai international roaming me data off rakha tha fir bhi background system updates ki wajah se 3000 ka bill generate kar diya,hinglish,telecom_internet,complaint,negative,roaming,unexpected_charge,medium,none,simple,Implement hard data blocks when roaming data is turned off
TC259,Is it permissible to run a commercial home-office web server on standard residential fiber broadband connections?,english,telecom_internet,question,neutral,broadband,none,none,none,moderate,none
TC260,"Spotless fiber broadband performance, zero dropouts during a full week of remote software development and large git repository clones.",english,telecom_internet,appreciation,positive,broadband,none,none,none,moderate,none
TC261,pathetic customer care helpline bot keeps looping automated options for thirty minutes without connecting to human staff hopeless support,english,telecom_internet,complaint,negative,customer_support,support_delay,high,severe,Provide direct one-key human agent escalation on helpline,
TC262,bhai pure locality me mobile network down hai 24 ghante se emergency services tak call nahi lag rahi severe failure,hinglish,telecom_internet,complaint,negative,outage,poor_network,high,none,simple,Deploy emergency backup power generators on cellular towers
TC263,"Voice clarity over Wi-Fi calling is excellent, allowing crystal clear conversation even from deep interior rooms without cell towers.",english,telecom_internet,appreciation,positive,call_quality,none,none,none,moderate,none
TC264,"The 4G coverage is pervasive along rural rail tracks, though mobile internet speeds crawl to a halt inside metal rail compartments.",english,telecom_internet,appreciation,mixed,mobile_data,slow_internet,low,none,complex,Enhance cellular penetration along railway transportation corridors
TC265,Can a subscriber request temporary suspension of monthly postpaid rental billing while traveling abroad for six months?,english,telecom_internet,question,neutral,postpaid_plan,none,none,none,moderate,none
TC266,"Field service engineer climbed the terrace, replaced the corroded optical termination box, and verified throughput on his smartphone.",english,telecom_internet,appreciation,positive,technician,none,none,none,moderate,none
TC267,bhai prepaid recharge validity 28 din kyu hoti hai 30 din ka full calendar month kyu nahi dete transparent loot hai ye,hinglish,telecom_internet,complaint,negative,prepaid_plan,plan_issue,medium,none,moderate,Offer standard 30-day and full-calendar-month prepaid plans
TC268,Telecom service providers should introduce a family data sharing dashboard where parents can allocate daily limits to children's SIMs.,english,telecom_internet,suggestion,neutral,data_plan,none,none,none,complex,Add parent-managed data allocation on shared family plans
TC269,"Super clean installation, optical fiber routed via internal electrical conduit without drilling walls, speed tests match promised gigabit plan.",english,telecom_internet,appreciation,positive,installation,none,none,none,simple,none
TC270,bhai postpaid bill me paper statement charges 50 rupay jod diye jabki maine e-bill green option select kiya tha,hinglish,telecom_internet,complaint,negative,billing,unexpected_charge,medium,none,moderate,Remove erroneous paper statement fees for e-bill subscribers
TC271,"The cellular network provides solid voice calls, but the upload speed on 4G is barely 512 Kbps, making video uploads painfully slow.",english,telecom_internet,complaint,mixed,mobile_data,slow_internet,low,none,moderate,Increase 4G uplink carrier bandwidth allocation
TC272,Retail gallery executive patiently guided my elderly mother through unlocking her PUK-locked SIM card without charging replacement fees.,english,telecom_internet,appreciation,positive,customer_support,none,none,none,medium,none
TC273,"Authentic high-speed fiber broadband, ping to local gaming clusters never exceeds 6ms, zero packet drops, completely satisfied.",english,telecom_internet,appreciation,positive,internet_speed,none,none,none,moderate,none
TC274,bhai outdoor optical wire ko technician ne ped ki daali se baandh rakha tha hawa chalte hi wire toot gayi careless work,hinglish,telecom_internet,complaint,negative,fiber,fiber_issue,high,mild,Secure outdoor fiber cables to designated poles only,
TC275,Are senior citizens entitled to concessional tariffs on basic landline and broadband telephone services?,english,telecom_internet,question,neutral,billing,none,none,none,moderate,none
TC276,"Broadband line was restored forty-five minutes past promised SLA, but the support supervisor called back proactively to ensure line stability.",english,telecom_internet,informational,mixed,customer_support,support_delay,low,none,moderate,none
TC277,"Prepaid number migration to eSIM was finished within five minutes at the retail kiosk, profile downloaded over store Wi-Fi cleanly.",english,telecom_internet,appreciation,positive,activation,none,none,none,simple,none
TC278,bhai fiber router me 5GHz band intermittently disconnect ho jata hai jabki 2.4GHz chalta rehta hai hardware defective lagta hai,hinglish,telecom_internet,complaint,negative,wifi,wifi_issue,medium,none,moderate,Replace defective router hardware exhibiting 5GHz radio drops
TC279,Include an option to report dead coverage zones directly by dropping a pin on a map within the self-care mobile application.,english,telecom_internet,suggestion,neutral,network_coverage,none,none,none,moderate,Implement in-app map pin reporting for dead network zones
TC280,"The broadband connection is fast, though the bundled landline phone instrument provided has a loud background electrical hum.",english,telecom_internet,appreciation,mixed,broadband,poor_call_quality,low,none,moderate,Supply shielded telephone cords with bundled landline sets
TC281,"Worst telecom provider, disconnected active prepaid connection without notice claiming fake address verification failure after five years.",english,telecom_internet,complaint,negative,sim,sim_issue,high,severe,Verify KYC address mismatches before disconnecting old numbers,
TC282,bhaiya technician ne raat ko 8 baje aake fiber wire splice ki aur mera remote work meeting bacha liya thank you so much,hinglish,telecom_internet,appreciation,positive,technician,none,none,none,simple,none
TC283,Why did the customer helpline representative close my unresolved broadband outage ticket without providing an official resolution reference?,english,telecom_internet,question,negative,customer_support,support_delay,high,none,moderate,Require resolution reference numbers before closing outage tickets
TC284,"Cellular data connection completely failed across three commercial sectors during heavy afternoon rush, leaving commuters stranded.",english,telecom_internet,complaint,negative,mobile_data,data_not_working,high,none,moderate,Upgrade core packet gateway capacity in business districts
TC285,"The 5G download speed is truly astonishing, effortlessly streaming multiple simultaneous 4K streams across all family devices.",english,telecom_internet,appreciation,positive,internet_speed,none,none,none,moderate,none
TC286,bhai fiber router ka power adapter itna garam ho jata hai ki plastic melt hone ki smell aati hai safety hazard hai,hinglish,telecom_internet,complaint,negative,broadband,fiber_issue,low,none,moderate,Recall and replace hazardous overheating router power bricks
TC287,"Broadband speed is adequate for streaming, but latency jumps significantly whenever another device uploads files on the same network.",english,telecom_internet,complaint,mixed,internet_speed,slow_internet,low,none,moderate,Implement active queue management on bundled routers
TC288,Offer an option to pause monthly fiber broadband billing during extended vacation periods directly via mobile self-care app.,english,telecom_internet,suggestion,neutral,broadband,none,none,none,moderate,Enable seasonal vacation pause on broadband plans
TC289,"Outstanding VoLTE performance, call setup occurs in under eight hundred milliseconds with completely natural voice fidelity.",english,telecom_internet,appreciation,positive,call_quality,none,none,none,simple,none
TC290,bhai postpaid bill me roaming data usage charges add kar diye jabki national roaming free advertise ki gayi thi,hinglish,telecom_internet,complaint,negative,billing,unexpected_charge,high,none,moderate,Ensure automated billing engines recognize free national roaming
TC291,"The mobile data coverage is reliable in open grounds, though data speeds throttle sharply whenever entering dense office basements.",english,telecom_internet,complaint,mixed,network_coverage,weak_coverage,low,none,moderate,Deploy distributed antenna systems in dense commercial basements
TC292,Retail store supervisor assisted with recovering my lost phone's number onto a new nano SIM card within ten minutes of filing police loss report.,english,telecom_internet,appreciation,positive,sim,none,none,none,moderate,none
TC293,"fraudulent telemarketers spoofing official telecom helpline numbers to steal OTPs, zero regulatory filtering on caller ID spoofing",english,telecom_internet,complaint,negative,network,poor_network,high,severe,Implement strict cryptographic caller ID validation on telemarketers,
TC294,bhai validity recharge kiya tha 179 ka par 2 din baad incoming calls block ho gayi system glitch bolke support taal raha hai,hinglish,telecom_internet,complaint,negative,prepaid_plan,plan_issue,medium,none,simple,Fix validity synchronization bugs on prepaid recharge engines
TC295,Does this enterprise fiber service provide secondary automated failover over 4G cellular backup modules during cable cuts?,english,telecom_internet,question,neutral,broadband,none,none,none,moderate,none
TC296,"Prompt installation of high-speed fiber internet, drop wire laid cleanly, router configured, speed tests verified within two hours.",english,telecom_internet,appreciation,positive,installation,none,none,none,simple,none
TC297,bhai technician ne optical distribution box ko itna loose chhod diya ki halki hawa me connections loose ho jate hain,hinglish,telecom_internet,complaint,negative,technician,fiber_issue,high,mild,Ensure field distribution boxes are bolted securely to poles,
TC298,Telecom service providers should introduce a transparent interactive coverage map showing real-time 5G signal strength by sector.,english,telecom_internet,suggestion,neutral,network_coverage,none,none,none,moderate,Publish granular real-time 5G coverage maps
TC299,"The voice call quality is crisp on 4G, but calls drop almost immediately whenever driving through suburban underpasses.",english,telecom_internet,complaint,mixed,call_drop,call_drop,low,none,moderate,Improve cellular tower handover coverage at road underpasses
TC300,"Smooth fiber broadband renewal, payment processed via UPI, and the 300 Mbps bandwidth tier was restored within two minutes.",english,telecom_internet,appreciation,positive,broadband,none,none,none,simple,none
TC301,bhai mobile app pe porting request ka status check karne par blank screen aati hai data refresh nahi hota,hinglish,telecom_internet,complaint,negative,mobile_app,app_issue,medium,none,moderate,Fix blank screen rendering on MNP status tracker in app
TC302,"The fiber broadband line has been down for three days following a minor storm, and the support desk provides conflicting restoration dates.",english,telecom_internet,complaint,negative,outage,internet_outage,high,none,moderate,Provide unified and accurate restoration ETAs during outages
TC303,"Low ping to domestic servers, stable jitter, clean installation, and helpful field staff make this fiber broadband service exemplary.",english,telecom_internet,appreciation,positive,broadband,none,none,none,moderate,none
TC304,bhai outgoing SMS completely block ho gaye 24 ghante ke liye bina kisi notice ke banking transaction OTPs nahi bhej pa raha,hinglish,telecom_internet,complaint,negative,sms,sms_failure,high,none,simple,Notify users prior to imposing security-related SMS lockouts
TC305,"Not the most affordable fiber plan on the market, but the symmetrical upload speeds and zero downtime justify the price tag.",english,telecom_internet,appreciation,mixed,broadband,none,none,none,moderate,none
TC306,Can telecom companies offer an option to pay monthly postpaid bills via automated UPI autopay mandates without extra processing fees?,english,telecom_internet,suggestion,neutral,billing,none,none,none,moderate,Integrate zero-fee UPI autopay mandates for postpaid bills
TC307,"The voice clarity on 5G calls is exceptionally natural, eliminating background traffic rumble effortlessly through deep neural filtering.",english,telecom_internet,appreciation,positive,call_quality,none,none,none,moderate,none
TC308,bhai optical fiber patch cord damaged tha par replacement ke liye 5 din wait karwaya work from home poora disturb ho gaya,hinglish,telecom_internet,complaint,negative,fiber,fiber_issue,medium,none,simple,Maintain local inventory of fiber patch cords for fast replacement
TC309,Why do telecom operators charge a non-refundable porting validation fee when regulatory guidelines mandate free service porting?,english,telecom_internet,question,negative,porting,unexpected_charge,low,none,moderate,Ensure full compliance with free mobile number portability mandates
TC310,"Sturdy dual-band Wi-Fi router, functional gigabit ethernet ports, and clear web administration console for home network configuration.",english,telecom_internet,appreciation,positive,wifi,none,none,none,moderate,none
TC311,"The mobile data speed is fast on open avenues, but browsing crawls to dial-up speeds whenever moving into crowded shopping complexes.",english,telecom_internet,complaint,mixed,mobile_data,slow_internet,low,none,complex,Deploy indoor small cells inside dense retail shopping complexes
TC312,bhai field technician ne complaint attend kiye bina 'customer premises locked' mark kar diya jabki mai pura din ghar pe tha,hinglish,telecom_internet,complaint,negative,technician,poor_communication,high,mild,Audit false technician premise-visit cancellation reports,
TC313,"Delivery of replacement SIM card was completed within three hours of ordering via app, courier verified Aadhaar barcode smoothly.",english,telecom_internet,appreciation,positive,sim,none,none,none,simple,none
TC314,bhai kya international roaming pack me in-flight connectivity Wi-Fi and voice access included rehta hai?,hinglish,telecom_internet,question,neutral,roaming,none,none,none,simple,none
TC315,"The fiber broadband connection is fast, but paying forty rupees extra for physical paper bill delivery feels redundant in modern times.",english,telecom_internet,complaint,mixed,billing,unexpected_charge,low,none,moderate,Make paperless digital e-invoices the default standard
TC316,Allow subscribers to test Wi-Fi coverage heatmaps across their home directly through the mobile self-care application.,english,telecom_internet,suggestion,neutral,mobile_app,none,none,none,moderate,Integrate Wi-Fi signal heatmap scanner in self-care app
TC317,Soft-spoken customer support agent resolved my international roaming activation issue within ten minutes over phone.,english,telecom_internet,appreciation,positive,customer_support,none,none,none,moderate,none
TC318,bhai tower signal full bars show hota hai par call karte hi 'call ended' display ho jata hai network routing fault hai,hinglish,telecom_internet,complaint,negative,network,poor_network,high,none,simple,Fix mobile switching center call routing faults
TC319,Is there an annual discount available if a subscriber prepays twelve months of residential fiber broadband rental in advance?,english,telecom_internet,question,neutral,billing,none,none,none,moderate,none
TC320,"The mobile network coverage is reliable for calls, but incoming text messages arrive delayed by fifteen to twenty minutes consistently.",english,telecom_internet,complaint,mixed,sms,sms_failure,low,none,moderate,Eliminate queue delays on incoming SMS routing gateways
TC321,"Retail store executive welcomed me warmly, completed biometric re-verification in two minutes, and handed over the activated SIM card.",english,telecom_internet,appreciation,positive,customer_support,none,none,none,simple,none
TC322,bhai optical drop wire building ke terrace pe aisi loose dali hai ki koi bhi trip hoke gir sakta hai poor workmanship,hinglish,telecom_internet,complaint,negative,installation,fiber_issue,high,none,simple,Fasten rooftop fiber cables securely along parapet walls
TC323,Can we opt for digital recharge receipts delivered via WhatsApp instead of paper slips at retail counters?,english,telecom_internet,suggestion,neutral,recharge,none,none,none,moderate,Provide digital recharge receipts via WhatsApp
TC324,"I wouldn't say the Wi-Fi signal is completely dead in the kitchen, but video streaming drops to 360p resolution due to wall attenuation.",english,telecom_internet,complaint,mixed,wifi,wifi_issue,low,none,complex,none
TC325,fraudulent customer care scammer tried to fish for bank OTP claiming mandatory 5G SIM upgrade zero security vigilance by telecom,english,telecom_internet,complaint,negative,network,poor_network,high,severe,Issue consumer warnings regarding fraudulent 5G upgrade calls,
TC326,bhai technician ne optical splitters ko clean karke line signal negative 16dBm pe calibrate kiya internet speed double ho gayi,hinglish,telecom_internet,appreciation,positive,technician,none,none,none,moderate,none
TC327,How long does it take for a newly ported mobile number to begin receiving automated banking verification text messages?,english,telecom_internet,question,neutral,porting,none,none,none,moderate,none
TC328,"The fiber internet connection has maintained 99.9% uptime throughout our quarterly billing cycle, outstanding engineering stability.",english,telecom_internet,appreciation,positive,broadband,none,none,none,moderate,none
TC329,bhai mobile app me payment karte waqt gateway timeout ho gaya paise bank se cut gaye par recharge activate nahi hua,hinglish,telecom_internet,complaint,negative,recharge,recharge_failure,medium,none,moderate,Automate immediate payment reconciliation on app gateway timeouts
TC330,"The 5G download speed is blazing fast, but cellular upload speeds fluctuate erratically when broadcasting live streams.",english,telecom_internet,complaint,mixed,mobile_data,slow_internet,low,none,moderate,Optimize 5G uplink carrier aggregation for live streamers
TC331,"Prompt assistance by field supervisor, arranged temporary fiber drop wire replacement within an hour of municipal tree branch fall.",english,telecom_internet,appreciation,positive,technician,none,none,none,moderate,none
TC332,bhai postpaid bill me unexplained 150 rupay VAS charges add kar diye billing department query attend nahi kar raha,hinglish,telecom_internet,complaint,negative,billing,unexpected_charge,medium,none,moderate,Audit and remove unauthorized value-added service charges
TC333,Provide dedicated low-latency gaming routing tiers on residential fiber broadband packages for competitive esport players.,english,telecom_internet,suggestion,neutral,broadband,none,none,none,moderate,Introduce optimized low-ping gaming routing profiles
TC334,Can a subscriber request temporary relocation of home broadband to another city without forfeiting active annual plan benefits?,english,telecom_internet,question,neutral,broadband,none,none,none,moderate,none
TC335,"Pristine fiber splicing, optical loss measured below 0.1dB, clean wall faceplate installation, and courteous technician conduct.",english,telecom_internet,appreciation,positive,installation,none,none,none,simple,none
TC336,bhai customer support phone line pe 30 minute wait karwaya aur agent ne issue sune bina call transfer karke drop kar di,hinglish,telecom_internet,complaint,negative,customer_support,support_delay,medium,mild,Monitor agent call transfers to prevent unauthorized drops,
TC337,"The mobile network provides wide rural coverage, though data speeds drop noticeably during heavy festive evening gatherings.",english,telecom_internet,appreciation,mixed,mobile_data,slow_internet,low,none,simple,Deploy temporary mobile cell towers during regional festivals
TC338,Retail gallery staff guided me through configuring private APN settings on my dual-SIM handset to ensure seamless roaming data.,english,telecom_internet,appreciation,positive,customer_support,none,none,none,moderate,none
TC339,bhai fiber router ka Wi-Fi password change karne ka option locked hai admin console access nahi mil raha,hinglish,telecom_internet,complaint,negative,wifi,wifi_issue,low,none,moderate,Provide local administrator console access on customer routers
TC340,Is there an automated SMS notification triggered when a subscriber consumes ninety percent of their high-speed daily data quota?,english,telecom_internet,question,neutral,mobile_data,none,none,none,moderate,none
TC341,High-speed fiber internet with symmetrical 200 Mbps upload and download capabilities makes remote corporate backup syncing effortless.,english,telecom_internet,appreciation,positive,internet_speed,none,none,none,moderate,none
TC342,bhai underground fiber cable road construction me cut ho gayi 3 din se pura sector bina internet baitha hai zero updates,hinglish,telecom_internet,complaint,negative,outage,internet_outage,high,none,simple,Provide proactive daily progress updates during major trunk cuts
TC343,"The voice calls on 4G are clear and audible, though the phone switches to 2G networks frequently in basement grocery stores.",english,telecom_internet,complaint,mixed,network_coverage,weak_coverage,low,none,moderate,Deploy dedicated in-building distributed antenna systems
TC344,Telecom service providers should introduce a feature allowing subscribers to schedule off-peak data downloads at discounted rates.,english,telecom_internet,suggestion,neutral,data_plan,none,none,none,moderate,Offer discounted off-peak midnight data download options
TC345,"Superb broadband migration experience, transferred account to new apartment address within forty-eight hours without extra wiring fees.",english,telecom_internet,appreciation,positive,installation,none,none,none,moderate,none
TC346,bhai customer care executive ne rude tone me bola 'jahan complain karni hai kar lo' jab maine line downtime ka credit manga arrogant idiot,hinglish,telecom_internet,complaint,negative,customer_support,poor_communication,high,mild,Take disciplinary action against rude customer service agents,
TC347,What is the official procedure for porting a post-paid enterprise number to a personal prepaid SIM card?,english,telecom_internet,question,neutral,porting,none,none,none,moderate,none
TC348,"Delivered the new 5G nano SIM card ahead of scheduled time, identity verified via mobile camera app, activated within ten minutes.",english,telecom_internet,appreciation,positive,activation,none,none,none,simple,none
TC349,bhai router ka power switch loose ho gaya tha par company ne replacement router bhejne ke liye 12 din lagwaye poor service,hinglish,telecom_internet,complaint,negative,broadband,wifi_issue,high,none,moderate,Maintain ready replacement stocks for damaged customer routers
TC350,"The mobile data speed is fast on outdoor streets, though connection drops to Edge network whenever traveling on commuter trains.",english,telecom_internet,appreciation,mixed,mobile_data,slow_internet,low,none,moderate,Strengthen cellular carrier coverage along commuter rail lines
TC351,"Field technician climbed the pole carefully, spliced the severed yellow fiber drop, and restored home internet within forty minutes.",english,telecom_internet,appreciation,positive,technician,none,none,none,moderate,none
TC352,bhai recharge amount bank account se debit ho gaya par confirmation SMS receive nahi hua balance zero dikha raha hai,hinglish,telecom_internet,complaint,negative,recharge,recharge_failure,high,none,simple,Reconcile failed recharge bank debits within two hours
TC353,Please introduce dynamic QR code display on the set-top box screen for instant one-click subscription renewals.,english,telecom_internet,suggestion,neutral,billing,none,none,none,moderate,Add on-screen dynamic QR codes for TV box renewals
TC354,"Clean dual-band Wi-Fi coverage across all rooms, zero dead zones, and optical power levels calibrated cleanly to negative 18dBm.",english,telecom_internet,appreciation,positive,wifi,none,none,none,moderate,none
TC355,bhai prepaid SIM me full signal bars dikhate hain par call karte hi call failed error 21 aata hai highly frustrating,hinglish,telecom_internet,complaint,negative,call_quality,poor_call_quality,medium,none,moderate,Resolve error 21 call setup failures on cellular switch
TC356,Does this home broadband package bundle dynamic IP protection against distributed denial of service attacks?,english,telecom_internet,question,neutral,broadband,none,none,none,moderate,none
TC357,"The fiber broadband speed is adequate for streaming, but ping latency spikes erratically whenever household members start video calls.",english,telecom_internet,complaint,mixed,internet_speed,slow_internet,low,none,moderate,Implement effective bufferbloat mitigations on bundled routers
TC358,"Self-care app displayed real-time technician arrival tracking, showing distance and phone contact accurately, very convenient feature.",english,telecom_internet,appreciation,positive,mobile_app,none,none,none,simple,none
TC359,bhai broadband connection close karne ki request dali thi par 2 mahine baad bhi bills bhejte ja rahe hain cancellation scam,hinglish,telecom_internet,complaint,negative,billing,billing_issue,medium,none,simple,Cease billing immediately upon confirmed cancellation requests
TC360,Allow subscribers to customize their daily data quota reset timing to align with their personal work shift schedules.,english,telecom_internet,suggestion,neutral,data_plan,none,none,none,moderate,Provide customizable daily data quota reset timings
TC361,"The voice calls sound clear, though caller identity names appear garbled with random numbers on incoming international calls.",english,telecom_internet,complaint,mixed,call_quality,poor_call_quality,low,none,moderate,Fix caller ID naming synchronization on international routes
TC362,bhai outdoor fiber cable tree branches me ulajh kar break ho gayi 4 din se support ticket pending hai slow response,hinglish,telecom_internet,complaint,negative,fiber,fiber_issue,high,mild,Dispatch technicians to repair tree-tangled drop cables promptly,
TC363,"Clean, air-conditioned, and well-managed flagship store, biometric re-verification completed in two minutes with polite staff.",english,telecom_internet,appreciation,positive,customer_support,none,none,none,moderate,none
TC364,Where can I check if our residential sector has been scheduled for upcoming 5G small cell deployment this quarter?,english,telecom_internet,question,neutral,network_coverage,none,none,none,simple,none
TC365,Broadband provider added mandatory monthly equipment maintenance charges of 150 rupees without subscriber consent blatant extortion,english,telecom_internet,complaint,negative,billing,unexpected_charge,high,severe,Prohibit unconsented maintenance fees on active plans,
TC366,bhai retail store employee ne bina kisi nakhre ke damaged SIM card ko instantly free of cost replace kiya great service,hinglish,telecom_internet,appreciation,positive,customer_support,none,none,none,simple,none
TC367,"The mobile internet throughput is solid in open areas, though the network latency jumps sharply when driving through underpasses.",english,telecom_internet,complaint,mixed,network_coverage,slow_internet,low,none,simple,Enhance microcell coverage inside vehicular underpasses
TC368,Provide automated SMS notifications whenever mobile data consumption crosses seventy-five and ninety percent thresholds.,english,telecom_internet,suggestion,neutral,mobile_data,none,none,none,moderate,Deliver data threshold warning alerts at 75% and 90%
TC369,"Prompt assistance by field engineer, spliced fractured core in fifteen minutes and restored office broadband before meeting started.",english,telecom_internet,appreciation,positive,technician,none,none,none,moderate,none
TC370,bhai international roaming me data pack activate kiya par airport aate hi zero network show hua aur support phone nahi uthata scam,hinglish,telecom_internet,complaint,negative,roaming,roaming_issue,high,mild,Ensure international roaming activates automatically upon departure,
TC371,Can corporate customers request consolidated tax invoices with segregated departmental employee numbers for auditing?,english,telecom_internet,question,neutral,billing,none,none,none,moderate,none
TC372,"Delivered within scheduled time, replacement Wi-Fi 6 router arrived securely boxed with pre-configured credentials and setup guide.",english,telecom_internet,appreciation,positive,broadband,none,none,none,simple,none
TC373,bhai router ka Wi-Fi radio bar bar switch off ho jata hai har 20 minute me physical power cycle karna padta hai defective device,hinglish,telecom_internet,complaint,negative,wifi,wifi_issue,high,none,simple,Replace failing router units exhibiting Wi-Fi radio shutdowns
TC374,"The 4G coverage is adequate for voice, though downloading application updates over mobile data crawls during peak evening hours.",english,telecom_internet,informational,mixed,mobile_data,slow_internet,low,none,moderate,none
TC375,Broadband service providers should offer an instant automated diagnostic test on the customer portal to verify line integrity.,english,telecom_internet,suggestion,neutral,mobile_app,none,none,none,moderate,Add self-diagnostic line integrity testing on web portal
TC376,"Spotless fiber broadband experience, steady 300 Mbps bandwidth, zero dropped packets, and polite customer desk make this provider exemplary.",english,telecom_internet,appreciation,positive,broadband,none,none,none,moderate,none
TC377,bhai technician ne optical wire splice karte waqt core tod di aur bola kal aaunga mera shift khatam ho gaya irresponsible idiot,hinglish,telecom_internet,complaint,negative,technician,poor_communication,high,severe,Ensure technicians finish active emergency splices before shift end,
TC378,Does this mobile operator offer unified family plans allowing data sharing across multiple secondary prepaid SIM cards?,english,telecom_internet,question,neutral,prepaid_plan,none,none,none,moderate,none
TC379,"The fiber connection offers excellent throughput, though the bundled landline phone instrument exhibits noticeable line hum.",english,telecom_internet,complaint,mixed,broadband,poor_call_quality,low,none,moderate,Supply shielded cables with bundled landline instruments
TC380,bhai customer helpline agent ne politely roaming dispute check kiya aur unauthorized charges ko bill se deduct karwaya thank you,hinglish,telecom_internet,appreciation,positive,customer_support,none,none,none,moderate,none
TC381,"The 5G download speed is truly astonishing, though the smartphone switches back to 4G frequently while traveling in trains.",english,telecom_internet,appreciation,mixed,network,poor_network,none,none,moderate,Strengthen continuous 5G coverage along transit lines
TC382,bhai naya broadband connection lagwaye 10 din ho gaye router abhi tak deliver nahi hua customer care koi update nahi deta,hinglish,telecom_internet,complaint,negative,installation,installation_delay,medium,none,simple,Deliver installation hardware within committed time windows
TC383,Offer options for customers to receive itemized billing statements via encrypted password-protected WhatsApp messages.,english,telecom_internet,suggestion,neutral,billing,none,none,none,moderate,Deliver encrypted PDF billing statements via WhatsApp
TC384,Can international tourists purchase short-term prepaid voice and data SIM cards using verified foreign passport credentials?,english,telecom_internet,question,neutral,sim,none,none,none,simple,none
TC385,"The mobile internet speed is reliable for browsing, but uploading large video assignments over cellular data takes too long.",english,telecom_internet,complaint,mixed,mobile_data,slow_internet,low,none,moderate,Optimize cellular upload carrier allocations for users
TC386,"Smooth number portability experience, received the new SIM card at doorstep, zero downtime during scheduled midnight transition.",english,telecom_internet,appreciation,positive,porting,none,none,none,simple,none
TC387,bhai mobile app me bill payment receipts download nahi hoti error code 404 show karta hai billing records access nahi ho rahe,hinglish,telecom_internet,complaint,negative,mobile_app,app_issue,medium,none,simple,Fix broken download links on billing history portal
TC388,Customer service desk guided me through unlocking my PUK-locked SIM card over phone with polite and patient instructions.,english,telecom_internet,appreciation,positive,customer_support,none,none,none,moderate,none
TC389,bhai broadband speed test me 100 Mbps plan pe sirf 12 Mbps aa rahi hai 3 din se call center complaint resolve nahi kar raha,hinglish,telecom_internet,complaint,negative,internet_speed,slow_internet,high,none,simple,Resolve broadband bandwidth throttling complaints promptly
TC390,Allow subscribers to schedule automated Wi-Fi radio sleep schedules directly inside the router settings app to save power.,english,telecom_internet,suggestion,neutral,wifi,none,none,none,moderate,Add customizable Wi-Fi radio sleep scheduling
TC391,"Crisp VoLTE voice clarity, fast call setup times, zero dropped calls, and broad rural coverage make this operator dependable.",english,telecom_internet,appreciation,positive,call_quality,none,none,none,moderate,none
TC392,bhai optical drop wire building ke entrance pe aisi latak rahi hai ki delivery boys ke sar se takrati hai severe hazard,hinglish,telecom_internet,complaint,negative,installation,fiber_issue,high,mild,Fasten overhead fiber cables with proper structural clearance,
TC393,Is it permissible to convert a corporate postpaid SIM card to a personal prepaid connection without visiting the main circle store?,english,telecom_internet,question,neutral,postpaid_plan,none,none,none,moderate,none
TC394,"The mobile internet throughput is solid on main roads, though signal strength drops to two bars inside dense residential colonies.",english,telecom_internet,informational,mixed,network_coverage,weak_coverage,low,none,moderate,none
TC395,"Fast verification of lost SIM replacement, retail counter stamped documents, and activated the new card within fifteen minutes.",english,telecom_internet,appreciation,positive,sim,none,none,none,simple,none
TC396,bhai fiber router ka Wi-Fi signal 10 meter door jaate hi disconnect ho jata hai internal antenna fault lagta hai,hinglish,telecom_internet,complaint,negative,wifi,wifi_issue,medium,none,moderate,Provide routers with better internal antenna gain
TC397,Include detailed itemized breakdowns of value-added service charges on all monthly postpaid invoices.,english,telecom_internet,suggestion,neutral,billing,none,none,none,moderate,Publish itemized descriptions for all billed VAS items
TC398,"The broadband installation was completed punctually, though the field technician left pieces of stripped plastic casing on the carpet.",english,telecom_internet,complaint,mixed,installation,poor_communication,low,none,moderate,Instruct installation technicians to clean up installation debris
TC399,bhai discount promo code checkout pe apply ho gaya par final invoice me convenience fee jod ke pura discount khatam kar diya,hinglish,telecom_internet,question,negative,billing,unexpected_charge,low,none,moderate,Ensure advertised discount promo benefits are preserved
TC400,"Great fiber performance, symmetric speeds, responsive local field support, clean installation, thoroughly satisfied with connection.",english,telecom_internet,appreciation,positive,broadband,none,none,none,simple,none
TC401,The enterprise account manager assisted with setting up static IP addresses across our secondary office branch without delays.,english,telecom_internet,appreciation,positive,customer_support,none,none,none,moderate,none
TC402,bhai incoming calls are blocked saying validity expired jabki account me 400 rupay main balance pada hai unreasonable policy,hinglish,telecom_internet,complaint,negative,prepaid_plan,plan_issue,medium,none,simple,Permit incoming voice validity as long as talktime balance exists
TC403,Can a subscriber request temporary relocation of home broadband to another apartment inside the same housing society without fees?,english,telecom_internet,question,neutral,broadband,none,none,none,simple,none
TC404,"The 5G internet speeds are impressive outdoors, though the handset battery drains rapidly while browsing on high-frequency bands.",english,telecom_internet,complaint,mixed,mobile_data,poor_network,low,none,moderate,Optimize cellular tower power control parameters
TC405,Telecom operators should establish automated billing credits whenever fiber outages exceed four consecutive hours during work days.,english,telecom_internet,suggestion,neutral,billing,none,none,none,moderate,Automate pro-rata billing credits for working-hour outages
TC406,"Delivered in 24 hours, replacement dual-band gigabit router arrived safely boxed with pre-configured Wi-Fi credentials.",english,telecom_internet,appreciation,positive,broadband,none,none,none,simple,none
TC407,bhai customer support executive ne call disconnect kar di jab maine bar bar disconnect hone wale broadband ka refund manga incompetent staff,hinglish,telecom_internet,complaint,negative,customer_support,poor_communication,high,mild,Ensure support agents resolve persistent service complaints,
TC408,"Clean router hardware, stable optical power readings, fast customer registration, and courteous field engineers make this provider commendable.",english,telecom_internet,appreciation,positive,broadband,none,none,none,moderate,none
TC409,bhai mobile app me data balance 10GB show hota hai par actual speed 64Kbps pe locked hai support koi help nahi karta,hinglish,telecom_internet,complaint,negative,mobile_data,data_not_working,medium,none,simple,Sync data balance meters with actual throttle states
TC410,Does this telecom operator offer unmetered voice calls without any fair usage cap under standard unlimited prepaid plans?,english,telecom_internet,question,neutral,prepaid_plan,none,none,none,moderate,none
TC411,"The voice call quality is crisp on 4G, though mobile data speeds crawl to a halt whenever driving through suburban underpasses.",english,telecom_internet,appreciation,mixed,mobile_data,slow_internet,low,none,moderate,Improve cellular data coverage at roadway underpasses
TC412,"The field technician climbed the terrace, spliced the broken optical cable cleanly, and verified signal power levels on meter.",english,telecom_internet,appreciation,positive,technician,none,none,none,moderate,none
TC413,bhai do baar prepaid recharge ka amount debit hua bank se par validity sirf ek baar extend hui refund kab doge,hinglish,telecom_internet,complaint,negative,recharge,recharge_failure,medium,none,simple,Speed up resolution for duplicate recharge debits
TC414,Provide an option on the mobile application to schedule temporary broadband speed boosts for downloading massive files.,english,telecom_internet,suggestion,neutral,mobile_app,none,none,none,moderate,Introduce on-demand short-term bandwidth boost packs
TC415,"Pristine fiber performance, low gaming latency, zero packet loss, and stable Wi-Fi coverage across all rooms.",english,telecom_internet,appreciation,positive,broadband,none,none,none,simple,none
TC416,bhai 6 din se fiber connection dead pada hai customer care bolta hai technician on the way hai daily jhooth bolte hain,hinglish,telecom_internet,complaint,negative,customer_support,support_delay,high,none,moderate,Provide truthful technician dispatch ETAs during outages
TC417,Are all international roaming voice calls protected by standard end-to-end cryptographic encryption across foreign networks?,english,telecom_internet,question,neutral,roaming,none,none,none,moderate,none
TC418,"The broadband speed is fast during daytime, but latency to European cloud servers increases significantly during evening hours.",english,telecom_internet,complaint,mixed,internet_speed,slow_internet,low,none,moderate,Optimize international routing peering agreements
TC419,"Retail store executive verified identity documents rapidly, replaced the damaged nano SIM card, and activated it within ten minutes.",english,telecom_internet,appreciation,positive,sim,none,none,none,simple,none
TC420,bhai mobile network me call lagate hi call failed error 21 aata hai bar bar network restart karna padta hai,hinglish,telecom_internet,complaint,negative,call_quality,poor_call_quality,medium,none,moderate,Fix call setup failures on cellular switch
TC421,Enable customers to report cellular dead zones directly through a map pin submission feature inside the self-care app.,english,telecom_internet,suggestion,neutral,network_coverage,none,none,none,moderate,Implement in-app map pin reporting for dead zones
TC422,"Crisp voice clarity, fast call setup, zero dropped calls, and broad rural coverage make this cellular network dependable.",english,telecom_internet,appreciation,positive,call_quality,none,none,none,moderate,none
TC423,bhai outdoor fiber cable tree branches me ulajh kar toot gayi 3 din se complaint pending hai koi dekhne nahi aaya,hinglish,telecom_internet,complaint,negative,fiber,fiber_issue,high,severe,Reroute fiber cables away from tree branches,
TC424,Can a subscriber request temporary suspension of monthly postpaid rental billing while traveling overseas for three months?,english,telecom_internet,question,neutral,postpaid_plan,none,none,none,simple,none
TC425,"The 4G mobile data speed is reliable for browsing, though signal strength drops noticeably inside basement parking garages.",english,telecom_internet,informational,mixed,network_coverage,none,low,none,moderate,none
TC426,"Outstanding assistance at the telecom retail store, ported three prepaid numbers to family postpaid plan smoothly in twenty minutes.",english,telecom_internet,appreciation,positive,porting,none,none,none,moderate,none
TC427,bhai recharge amount bank se kat gaya par mobile balance me reflect nahi hua 24 ghante se customer care phone nahi utha raha,hinglish,telecom_internet,complaint,negative,recharge,recharge_delay,medium,none,moderate,Automate immediate failed recharge reversals
TC428,"The fiber connection offers low gaming ping, though the public dynamic IP address changes frequently during active work sessions.",english,telecom_internet,complaint,mixed,broadband,broadband,low,none,moderate,Increase DHCP IP lease durations on broadband
TC429,"Field engineer arrived promptly, replaced the faulty optical network terminal, and verified line parameters within half an hour.",english,telecom_internet,appreciation,positive,technician,none,none,none,moderate,none
TC430,bhai customer care executive ne rude tone me baat ki aur issue sune bina call disconnect kar di useless support staff,hinglish,telecom_internet,complaint,negative,customer_support,poor_communication,high,none,moderate,Enforce strict professional courtesy rules for call agents
TC431,Broadband service providers should provide an automated line health diagnostic check directly inside the mobile customer app.,english,telecom_internet,suggestion,neutral,mobile_app,none,none,none,moderate,Add self-diagnostic line testing inside mobile app
TC432,"Quick and seamless optical fiber installation, drop wire laid cleanly, router configured, speed tests verified within ninety minutes.",english,telecom_internet,appreciation,positive,installation,none,none,none,simple,none
TC433,bhai underground fiber cable road excavation me cut ho gayi 2 din se pura area bina internet ke baitha hai zero updates,hinglish,telecom_internet,complaint,negative,outage,internet_outage,medium,none,simple,Provide daily restoration updates during trunk cable cuts
TC434,Does this home broadband package bundle dynamic IP protection against distributed denial of service attacks?,english,telecom_internet,question,neutral,broadband,none,none,none,moderate,none
TC435,"The fiber broadband speed is adequate for streaming, though latency increases noticeably when multiple household devices upload files.",english,telecom_internet,complaint,mixed,internet_speed,slow_internet,low,none,moderate,Implement active queue management on bundled routers
TC436,"Clean dual-band Wi-Fi coverage across all rooms, zero dead zones, optical power levels calibrated cleanly to negative 18dBm.",english,telecom_internet,appreciation,positive,wifi,none,none,none,simple,none
TC437,bhai postpaid bill me unexplained VAS charges add kar diye billing department query attend karne ko taiyar nahi hai,hinglish,telecom_internet,complaint,negative,billing,unexpected_charge,medium,none,moderate,Audit and remove unauthorized value-added service charges
TC438,Allow subscribers to customize their daily data quota reset timing to align with personal night shift work routines.,english,telecom_internet,suggestion,neutral,data_plan,none,none,none,moderate,Provide customizable daily data quota reset timings
TC439,"Smooth fiber broadband renewal, payment processed via UPI, and the 300 Mbps bandwidth tier was restored within two minutes.",english,telecom_internet,appreciation,positive,broadband,none,none,none,simple,none
TC440,bhai outdoor fiber cable building ke entrance pe loose latak rahi hai accident hone ka danger hai careless installation,hinglish,telecom_internet,complaint,negative,installation,fiber_issue,medium,none,moderate,Secure hanging fiber drop cables properly
TC441,Is there an annual fee discount if a subscriber prepays twelve months of residential fiber broadband rental in advance?,english,telecom_internet,question,neutral,billing,none,none,none,moderate,none
TC442,"The mobile network coverage is decent across the township, but signal strength drops to emergency calls only inside elevators.",english,telecom_internet,informational,mixed,network_coverage,none,low,none,moderate,none
TC443,Retail gallery staff guided me through configuring private APN settings on my dual-SIM handset to ensure seamless roaming data.,english,telecom_internet,appreciation,positive,customer_support,none,none,none,moderate,none
TC444,bhai mobile app me bill payment receipts download nahi hoti error 404 show karta hai billing records access nahi ho rahe,hinglish,telecom_internet,complaint,negative,mobile_app,app_issue,medium,none,simple,Fix broken download links on billing history portal
TC445,Telecom apps should allow users to test their real-time optical power level directly on the diagnostic settings screen.,english,telecom_internet,suggestion,neutral,mobile_app,none,none,none,moderate,Display ONT optical power readings inside customer app
TC446,"Flawless 5G performance, download speeds cross 400 Mbps consistently, streaming 4K video with zero buffering delay.",english,telecom_internet,appreciation,positive,internet_speed,none,none,none,moderate,none
TC447,bhai prepaid recharge validity 28 din kyu hoti hai full calendar month kyu nahi dete transparent loot macha rakhi hai,hinglish,telecom_internet,complaint,negative,prepaid_plan,plan_issue,medium,none,moderate,Offer standard 30-day and calendar-month plans
TC448,Can corporate customers request consolidated tax invoices with segregated departmental employee numbers for auditing?,english,telecom_internet,question,neutral,billing,none,none,none,moderate,none
TC449,"The fiber connection offers excellent throughput, though the bundled landline phone instrument exhibits noticeable line hum.",english,telecom_internet,complaint,mixed,broadband,poor_call_quality,low,none,moderate,Supply shielded cables with bundled landline instruments
TC450,"Polite staff, swift SIM card replacement, zero wait times at retail store, highly satisfied with telecom services.",english,telecom_internet,appreciation,positive,customer_support,none,none,none,simple,none
TC451,bhai mobile internet me upload speed barely 200Kbps aa rahi hai video conference meetings attend karna impossible ho gaya,hinglish,telecom_internet,complaint,negative,mobile_data,slow_internet,high,none,simple,Improve mobile network uplink capacity
TC452,Provide option to set custom daily spending ceilings for mobile data separate from voice balance.,english,telecom_internet,suggestion,neutral,data_plan,none,none,none,moderate,Provide independent daily spending caps for data
TC453,"Instant SMS updates for recharge confirmations, clear plan descriptions, exceptional telecom tracking.",english,telecom_internet,appreciation,positive,recharge,none,none,none,moderate,none
TC454,bhai unauthorized postpaid connection activate kar diya meri ID pe bina mere knowledge ke fraud management,hinglish,telecom_internet,complaint,negative,sim,sim_issue,high,mild,Enforce biometric verification on all SIM activations,
TC455,How can I get an official stamped certificate of my broadband connection address for passport verification?,english,telecom_internet,question,neutral,broadband,none,none,none,moderate,none
TC456,"The mobile network dashboard is user friendly, though locating the unbilled postpaid usage summary takes too long.",english,telecom_internet,complaint,mixed,mobile_app,app_issue,low,none,moderate,Place unbilled usage summaries on home dashboard
TC457,Customer care desk reversed the erroneous roaming fee within twenty-four hours of lodging complaint.,english,telecom_internet,appreciation,positive,customer_support,none,none,none,moderate,none
TC458,bhai router ka Wi-Fi radio bar bar switch off ho jata hai har aadhe ghante me restart karna padta hai defective box,hinglish,telecom_internet,complaint,negative,wifi,wifi_issue,high,none,simple,Replace failing router hardware promptly
TC459,Prompt customer support executive assisted with unblocking my temporarily locked eSIM profile in three minutes.,english,telecom_internet,appreciation,positive,customer_support,none,none,none,moderate,none
TC460,bhai technician ne optical wire splice karte waqt wall pe ganda mark chhod diya careless workmanship,hinglish,telecom_internet,complaint,negative,installation,installation_delay,low,none,simple,Instruct technicians to handle property cleanly
TC461,Can we select preferred notification channels like WhatsApp or SMS for telecom recharge alerts?,english,telecom_internet,suggestion,neutral,recharge,none,none,none,moderate,Allow channel selection for recharge alerts
TC462,"The 5G service was activated within an hour, though physical nano SIM delivery took two days.",english,telecom_internet,informational,mixed,sim,none,low,none,moderate,none
TC463,"Quick transfer, polite helpline support, seamless mobile network app, completely satisfied with services.",english,telecom_internet,appreciation,positive,customer_support,none,none,none,simple,none
TC464,bhai customer care executive ne issue sune bina call transfer karke disconnect kar di irresponsible staff,hinglish,telecom_internet,complaint,negative,customer_support,poor_communication,high,none,moderate,Monitor unauthorized call drop-offs by agents
TC465,Does the telecom provider offer doorstep physical SIM delivery for senior citizen customers?,english,telecom_internet,question,neutral,sim,none,none,none,moderate,none
TC466,"Crisp voice clarity on VoLTE calls, swift call setup times, zero dropped calls, dependable network.",english,telecom_internet,appreciation,positive,call_quality,none,none,none,moderate,none
TC467,bhai mobile app me data balance statement download karne jao to file corrupt ho jati hai fix this bug,hinglish,telecom_internet,complaint,negative,mobile_app,app_issue,low,none,simple,Ensure generated statement files are uncorrupted
TC468,Allow customers to schedule automatic monthly broadband recharge payments directly through the mobile app.,english,telecom_internet,suggestion,neutral,broadband,none,none,none,moderate,Enable automated recurring broadband payments
TC469,"Superb experience porting number to new network, store executive was polite and verification was fast.",english,telecom_internet,appreciation,positive,porting,none,none,none,simple,none
TC470,bhai fiber connection dead ho gaya account se 1000 cut gaye par internet restore nahi hua 3 din se,hinglish,telecom_internet,complaint,negative,outage,internet_outage,high,none,simple,Speed up restoration for verified outages
TC471,Is there an estimated maintenance window during which broadband services remain offline on Sundays?,english,telecom_internet,question,neutral,broadband,none,none,none,moderate,none
TC472,"The mobile data offers fast browsing, though upload speeds drop significantly during evening hours.",english,telecom_internet,informational,mixed,mobile_data,none,low,none,moderate,none
TC473,"Super fast fiber broadband installation, line operational within three hours of booking, very impressed.",english,telecom_internet,appreciation,positive,installation,none,none,none,simple,none
TC474,bhai unauthorized roaming charge lag gaya 500 ka customer care phone pick hi nahi kar raha useless telecom,hinglish,telecom_internet,complaint,negative,billing,unexpected_charge,high,mild,Ensure immediate phone pick-up for billing disputes,
TC475,Allow users to temporarily lower transaction limits on international roaming data packs during foreign travel.,english,telecom_internet,suggestion,neutral,roaming,none,none,none,moderate,Provide flexible roaming data limit controls
TC476,"Clean and pleasant retail store environment, customer desk executed SIM replacement within ninety seconds.",english,telecom_internet,appreciation,positive,customer_support,none,none,none,simple,none
TC477,bhai porting code ka SMS mobile par 20 minute late aa raha hai validity expire ho jati hai bar bar,hinglish,telecom_internet,complaint,negative,porting,porting_delay,medium,none,simple,Ensure real-time dispatch of porting SMS codes
TC478,Can we set custom notification sounds for data exhaustion warnings inside the self-care app?,english,telecom_internet,question,neutral,mobile_app,none,none,none,moderate,none
TC479,"The mobile app is responsive, but downloading tax invoices requires redundant navigation steps.",english,telecom_internet,complaint,mixed,mobile_app,app_issue,low,none,moderate,Simplify access path for tax invoices
TC480,"Delivered on time, replacement SIM card arrived in intact security envelope with clear activation steps.",english,telecom_internet,appreciation,positive,sim,none,none,none,simple,none
TC481,bhai call connect hote hi robotic audio aati hai aur receiver bolta hai aawaz cut rahi hai ghatiya quality,hinglish,telecom_internet,complaint,negative,call_quality,poor_call_quality,medium,none,simple,Eliminate robotic audio distortion on calls
ED482,Offer round-up savings where spare change from recharge payments goes directly into a digital wallet deposit.,english,telecom_internet,suggestion,neutral,recharge,none,none,none,moderate,Introduce spare-change savings on recharges
TC483,"Instant fiber bill settlement through UPI, available validity restored on dashboard in under thirty seconds.",english,telecom_internet,appreciation,positive,billing,none,none,none,moderate,none
TC484,bhai mobile account me se quarterly charges kat liye bina kisi prior SMS notification ke,hinglish,telecom_internet,complaint,negative,billing,unexpected_charge,low,none,moderate,Send prior notifications before debiting service fees
TC485,Where can I check if my residential broadband connection is eligible for high-speed fiber upgrades?,english,telecom_internet,question,neutral,broadband,none,none,none,moderate,none
TC486,"The mobile plan tariff is competitive, though administrative fees on postpaid conversion were higher than expected.",english,telecom_internet,informational,mixed,postpaid_plan,unexpected_charge,low,none,moderate,none
TC487,"Pristine digital onboarding, eSIM activation finished in under four minutes, very smooth workflow.",english,telecom_internet,appreciation,positive,activation,none,none,none,moderate,none
TC488,bhai fiber router auto-recharge ho gaya account se par internet status offline show ho raha hai,hinglish,telecom_internet,complaint,negative,broadband,broadband,medium,none,simple,Ensure instantaneous router sync upon recharge
TC489,Enable dark mode on the mobile web self-care dashboard to reduce screen glare during nighttime browsing.,english,telecom_internet,suggestion,neutral,mobile_app,none,none,none,moderate,Implement accessible dark theme on web app
TC490,"Smooth SIM card replacement, clean credentials issued, receipt printed clearly, completely satisfied with service.",english,telecom_internet,appreciation,positive,sim,none,none,none,simple,none
TC491,bhai failed recharge ka refund 6 din se pending hai bank aur telecom ek dusre pe blame daal rahe hain,hinglish,telecom_internet,complaint,negative,recharge,recharge_delay,high,none,moderate,Establish unified resolution for failed recharges
TC492,Is there an option to schedule recurring monthly fiber broadband payments directly from savings accounts?,english,telecom_internet,question,neutral,broadband,none,none,none,moderate,none
TC493,"The mobile network offers great data speeds, though customer service helpline queues are longer than necessary.",english,telecom_internet,appreciation,mixed,customer_support,support_delay,low,none,moderate,none
TC494,"Polite executive, fast account verification, clear guidelines, exceptional telecom store experience throughout.",english,telecom_internet,appreciation,positive,customer_support,none,none,none,simple,none
TC495,bhai fiber broadband drop wire cut hone par complain ki thi 4 din ho gaye technician visit ka koi update nahi aaya,hinglish,telecom_internet,complaint,negative,technician,technician_delay,medium,none,simple,Dispatch field technicians within 24 hours
TC496,Telecom providers should offer an instant lock switch for international roaming data directly on the mobile app home screen.,english,telecom_internet,suggestion,neutral,roaming,none,none,none,moderate,Add instant roaming lock switch on app home screen
TC497,"Steaming fast 5G mobile data speeds verified during late night hours, file downloads finished within ten seconds.",english,telecom_internet,appreciation,positive,internet_speed,none,none,none,moderate,none
TC498,bhai SIM replacement charge kat gaya account se jabki maine replacement request dali hi nahi thi,hinglish,telecom_internet,complaint,negative,sim,unexpected_charge,medium,none,moderate,Require user approval before renewing paid SIM cards
TC499,Can customers set independent daily data usage limits for tethered Wi-Fi hotspot versus mobile phone browsing?,english,telecom_internet,question,neutral,mobile_data,none,none,none,moderate,none
TC500,"Flawless broadband connection, instant optical sync, zero latency jitter, seamless internet browsing experience.",english,telecom_internet,appreciation,positive,broadband,none,none,none,moderate,none
TC501,The monthly fiber broadband bill of Rs 825 was paid through UPI at 3 PM.,english,telecom_internet,informational,neutral,billing,none,none,none,simple,none
TC502,A technician visit for fiber cable installation was scheduled for Friday morning.,english,telecom_internet,informational,neutral,technician,none,none,none,simple,none
TC503,The prepaid recharge plan provides 2 GB daily high speed data for 84 days.,english,telecom_internet,informational,neutral,recharge,none,none,none,simple,none
TC504,Speed test result shows 150 Mbps download speed and 120 Mbps upload speed.,english,telecom_internet,informational,neutral,internet_speed,none,none,none,simple,none
TC505,A new 5G SIM card was activated after biometric Aadhaar verification.,english,telecom_internet,informational,neutral,network_coverage,none,none,none,simple,none
TC506,Wi-Fi dual band router was configured on 2.4 GHz and 5 GHz frequency bands.,english,telecom_internet,informational,neutral,broadband,none,none,none,simple,none
TC507,The mobile number portability porting code SMS has been received.,english,telecom_internet,informational,neutral,network_coverage,none,none,none,simple,none
TC508,International roaming pack was activated via the telecom self-care portal.,english,telecom_internet,informational,neutral,recharge,none,none,none,simple,none
TC509,Optical network terminal router lights indicate power and PON connectivity.,english,telecom_internet,informational,neutral,fiber,none,none,none,simple,none
TC510,Data usage quota reset occurs automatically at midnight as per plan policy.,english,telecom_internet,informational,neutral,recharge,none,none,none,simple,none
TC511,Broadband plan recharge successfully complete hone ka confirmation message aa gaya.,hinglish,telecom_internet,informational,neutral,recharge,none,none,none,simple,none
TC512,Technician ne fiber drop wire outdoor pole se apartment tak install kar diya.,hinglish,telecom_internet,informational,neutral,technician,none,none,none,simple,none
TC513,Mobile network signal bar phone screen par full 5G show kar raha hai.,hinglish,telecom_internet,informational,neutral,network_coverage,none,none,none,simple,none
TC514,Wi-Fi password router ke peeche sticker par printed format me diya hua hai.,hinglish,telecom_internet,informational,neutral,broadband,none,none,none,simple,none
TC515,Postpaid plan ka billing cycle har mahine ki first date ko start hota hai.,hinglish,telecom_internet,informational,neutral,billing,none,none,none,simple,none
TC516,E-SIM activation QR code registered email address par receive ho gaya tha.,hinglish,telecom_internet,informational,neutral,network_coverage,none,none,none,simple,none
TC517,Voice over LTE feature phone settings me enabled mark kiya gaya hai.,hinglish,telecom_internet,informational,neutral,call_quality,none,none,none,simple,none
TC518,Landline telephone instrument router ke VoIP port ke saath connect kiya gaya.,hinglish,telecom_internet,informational,neutral,broadband,none,none,none,simple,none
TC519,Telecom store timing subah 10 baje se shaam 8 baje tak operational hai.,hinglish,telecom_internet,informational,neutral,customer_support,none,none,none,simple,none
TC520,Data balance check karne ke liye dial code *121# use kiya jata hai.,hinglish,telecom_internet,informational,neutral,recharge,none,none,none,simple,none
TC521,"I appreciate the technician's polite behavior, but my optical fiber broadband has been completely disconnected for five days.",english,telecom_internet,complaint,negative,fiber,frequent_disconnection,high,none,moderate,Restore core fiber cable cuts within 24 hours
TC522,"Thank you for the quick bill generation, however charging Rs 450 extra for unsolicited value-added caller tunes is wrong.",english,telecom_internet,complaint,negative,billing,unexpected_charge,medium,none,moderate,Prohibit auto activation of paid VAS services
TC523,"The phone customer service agent spoke respectfully, but promised a technician visit three times that never happened.",english,telecom_internet,complaint,negative,technician,delayed_installation,high,none,moderate,Penalize technicians for unfulfilled appointment commitments
TC524,"I understand occasional maintenance outages, yet experiencing daily frequent disconnections during work meetings is unsustainable.",english,telecom_internet,complaint,negative,broadband,frequent_disconnection,high,none,moderate,Schedule maintenance solely between 2 AM and 5 AM
TC525,"While I appreciate the 300 Mbps advertised speed, actual download speeds crawling at 2 Mbps throughout evening hours is deceptive.",english,telecom_internet,complaint,negative,internet_speed,slow_speed,high,none,moderate,Guarantee minimum committed bandwidth thresholds
TC526,"Thanks for extending network towers, but call drops occur every two minutes inside residential apartments in Sector 62.",english,telecom_internet,complaint,negative,call_quality,call_drops,high,none,moderate,Optimize antenna azimuth and indoor building penetration
TC527,"I value your corporate reputation, yet having mobile data completely blacked out for three consecutive days in main city center is poor.",english,telecom_internet,complaint,negative,network_coverage,no_signal,high,none,moderate,Deploy mobile cellular on wheels during local outages
TC528,"The fiber router looks modern and sleek, though the Wi-Fi signal drops completely when walking ten feet into adjacent bedroom.",english,telecom_internet,complaint,negative,broadband,frequent_disconnection,medium,none,moderate,Supply high-gain external antenna dual band routers
TC529,"Thank you for looking into my porting request, however rejecting MNP clearance citing false outstanding dues is unfair.",english,telecom_internet,complaint,negative,customer_support,billing_dispute,high,none,moderate,Clear genuine MNP requests within standard statutory windows
TC530,"I appreciate your team trying to reconfigure the line, but having zero internet connectivity over the weekend ruined work deadlines.",english,telecom_internet,complaint,negative,broadband,frequent_disconnection,high,none,moderate,Maintain active weekend field technician repair squads
TC531,"Customer care executive ne politely baat ki, par fiber cut ticket teen din se unresolved pending padi hai.",hinglish,telecom_internet,complaint,negative,fiber,frequent_disconnection,high,none,moderate,Fiber splicing turnaround time expedite karein
TC532,"Technician visit timing par aaya, par bina installation complete kiye 'Customer not home' report daal kar chala gaya.",hinglish,telecom_internet,complaint,negative,technician,delayed_installation,high,none,moderate,False technician premise reports audit karein
TC533,"Shukriya recharge confirmation ke liye, lekin 5G unlimited plan activate hone ke baad bhi 4G speed hi mil rahi hai.",hinglish,telecom_internet,complaint,negative,internet_speed,slow_speed,medium,none,moderate,5G plan provisioning backend sync check karein
TC534,"Support agent ne respectfully suna, par bina meri consent ke 200 rupaye ka extra caller tune charge bill me add kar diya.",hinglish,telecom_internet,complaint,negative,billing,unexpected_charge,medium,none,moderate,Unconsented VAS charges reverse karein
TC535,"Thanks update ke liye, lekin call quality itni poor hai ki har 30 second me awaaz crack aur robotic ho jati hai.",hinglish,telecom_internet,complaint,negative,call_quality,call_drops,high,none,moderate,Voice codec bandwidth optimization karein
TC536,"Fiber internet connection bilkul disconnect nahi hota, 24 ghante stable speed rehti hai.",hinglish,telecom_internet,appreciation,positive,broadband,none,none,none,simple,none
TC537,Calling ke dauran koi call drop nahi hui aur voice crystal clear thi.,hinglish,telecom_internet,appreciation,positive,call_quality,none,none,none,simple,none
TC538,Monthly postpaid invoice me koi unnecessary hidden fee nahi lagayi gayi.,hinglish,telecom_internet,appreciation,positive,billing,none,none,none,simple,none
TC539,The mobile data connection did not buffer or lag during 4K video conference calls.,english,telecom_internet,appreciation,positive,internet_speed,none,none,none,simple,none
TC540,No installation fee was charged by the technician for setting up the fiber router.,english,telecom_internet,appreciation,positive,technician,none,none,none,simple,none
TC541,Basement me bhi mobile tower signal bilkul down nahi hua.,hinglish,telecom_internet,appreciation,positive,network_coverage,none,none,none,simple,none
TC542,Broadband recharge karte waqt payment gateway par koi error nahi aaya.,hinglish,telecom_internet,appreciation,positive,recharge,none,none,none,simple,none
TC543,Network maintenance period ke dauran broadband speed reduce nahi hui thi.,hinglish,telecom_internet,informational,neutral,internet_speed,none,none,none,simple,none
TC544,Telecom circle me roaming charges abhi apply nahi hote nationwide.,hinglish,telecom_internet,informational,neutral,recharge,none,none,none,simple,none
TC545,Internet bilkul kaam nahi kar raha hai aur router par red optical LOS light blink kar rahi hai.,hinglish,telecom_internet,complaint,negative,fiber,frequent_disconnection,high,none,moderate,Optical line fault rectify karein
TC546,Recharge karne ke baad bhi data pack activate nahi hua aur balance cut gaya.,hinglish,telecom_internet,complaint,negative,recharge,billing_dispute,high,none,simple,Recharge activation speedup karein
TC547,Tower signal bilkul nahi aa raha hai aur emergency calls only show ho raha hai.,hinglish,telecom_internet,complaint,negative,network_coverage,no_signal,high,none,simple,Local tower outage repair
TC548,Customer care helpline connect nahi ho rahi hai aur bot repeated answers de raha hai.,hinglish,telecom_internet,complaint,negative,customer_support,billing_dispute,medium,none,simple,Human agent support option dein
TC549,Speed 100 Mbps promised thi lekin 1 Mbps se zyada nahi aa rahi hai.,hinglish,telecom_internet,complaint,negative,internet_speed,slow_speed,high,none,simple,Speed throttling band karein
TC550,Technician visit schedule hone par bhi koi field worker nahi aaya ghar par.,hinglish,telecom_internet,complaint,negative,technician,delayed_installation,high,none,simple,Dispatch technicians promptly
TC551,Why do customers pay for 200 Mbps fiber plans when speeds drop below 10 Mbps every single night?,english,telecom_internet,complaint,negative,internet_speed,slow_speed,high,none,moderate,Prevent evening node oversubscription
TC552,How many complaints does a subscriber need to lodge before outdoor fiber wires are secured to poles?,english,telecom_internet,complaint,negative,fiber,frequent_disconnection,medium,none,moderate,Fasten overhead fiber cables properly
TC553,Is it legal for a telecom provider to deduct money for value-added services without consent OTP?,english,telecom_internet,complaint,negative,billing,unexpected_charge,high,none,moderate,Require 2-factor OTP authorization on VAS
TC554,Why does mobile network signal completely disappear the moment one steps indoors in urban apartments?,english,telecom_internet,complaint,negative,network_coverage,no_signal,high,none,moderate,Deploy micro-cells in high rise clusters
TC555,Ghar me baithe baithe call disconnect ho jana 5G network ki nayi specification hai kya?,hinglish,telecom_internet,complaint,negative,call_quality,call_drops,high,none,moderate,Indoor calling coverage improve karein
TC556,Bina internet chalaye data limit exhausted hone ka message kaise aa sakta hai?,hinglish,telecom_internet,complaint,negative,recharge,unexpected_charge,medium,none,moderate,Data consumption breakdown provide karein
TC557,What is the procedure to upgrade from existing copper DSL to high speed fiber connection?,english,telecom_internet,question,neutral,fiber,none,none,none,simple,none
TC558,Can a secondary static IP address be assigned to standard home broadband plans?,english,telecom_internet,question,neutral,broadband,none,none,none,simple,none
TC559,Postpaid plan me family shared data pool kaise create karte hain mobile app me?,hinglish,telecom_internet,question,neutral,recharge,none,none,none,simple,none
TC560,International roaming pack lene par incoming SMS OTP bilkul free rehte hain?,hinglish,telecom_internet,question,neutral,recharge,none,none,none,simple,none
TC561,"bhai 5G download speed 400 Mbps cross kar rahi hai mere phone par, streaming bilkul smooth hai!",hinglish,telecom_internet,appreciation,positive,internet_speed,none,none,none,simple,none
TC562,bhai fiber installation technician ne do ghante ke andar router setup karke testing karwa di.,hinglish,telecom_internet,appreciation,positive,technician,none,none,none,simple,none
TC563,"bhai network coverage highway par bhi full 5G tha, driving ke waqt Spotify ek baar bhi buffer nahi hua.",hinglish,telecom_internet,appreciation,positive,network_coverage,none,none,none,simple,none
TC564,bhai broadband connection temporarily pause ya suspend karne ka feature portal par hai?,hinglish,telecom_internet,question,neutral,broadband,none,none,none,simple,none
TC565,bhai router ka Wi-Fi name change karne ke liye default gateway IP kya hoti hai?,hinglish,telecom_internet,question,neutral,broadband,none,none,none,simple,none
TC566,bhai SIM swap karne ke liye biometric Aadhaar scan mandatory rehta hai store par?,hinglish,telecom_internet,question,neutral,network_coverage,none,none,none,simple,none
TC567,"bhai kya ghatiya network hai, roz shaam ko WiFi band ho jata hai aur work from home impossible hai.",hinglish,telecom_internet,complaint,negative,broadband,frequent_disconnection,high,mild,moderate,Node bandwidth evening me upgrade karein
TC568,"bhai bina bataye 300 rupaye postpaid bill me extra add kar diye, pura loot macha rakha hai.",hinglish,telecom_internet,complaint,negative,billing,unexpected_charge,high,none,simple,Refund incorrect charges
TC569,bhai download speed fast hai but latency aur ping itna high hai ki gaming me bohot lag hota hai.,hinglish,telecom_internet,complaint,mixed,internet_speed,slow_speed,medium,none,moderate,Optimize gaming routing hops
TC570,bhai customer care agent ne politely sun li query par technician visit fir bhi do din late aayi.,hinglish,telecom_internet,complaint,mixed,technician,delayed_installation,medium,none,moderate,Field visit scheduling strict banayein
TC571,bohot fast internet,hinglish,telecom_internet,appreciation,positive,internet_speed,none,none,none,simple,none
TC572,mast 5G speed,hinglish,telecom_internet,appreciation,positive,internet_speed,none,none,none,simple,none
TC573,solid network coverage,english,telecom_internet,appreciation,positive,network_coverage,none,none,none,simple,none
TC574,super clear call,english,telecom_internet,appreciation,positive,call_quality,none,none,none,simple,none
TC575,theek tha,hinglish,telecom_internet,informational,neutral,broadband,none,none,none,simple,none
TC576,average speed,english,telecom_internet,informational,neutral,internet_speed,none,none,none,simple,none
TC577,net bilkul bekar hai,hinglish,telecom_internet,complaint,negative,internet_speed,slow_speed,high,none,simple,Fix internet speed
TC578,baar baar disconnect hota hai,hinglish,telecom_internet,complaint,negative,broadband,frequent_disconnection,high,none,simple,Fix line drops
TC579,signal chala gaya,hinglish,telecom_internet,complaint,negative,network_coverage,no_signal,high,none,simple,Check tower health
TC580,paise kat gaye recharge nahi hua,hinglish,telecom_internet,complaint,negative,recharge,billing_dispute,high,none,simple,Activate plan or refund
TC581,"bohot achha network connection hai, bina buffering ke video call chalti hai.",hinglish,telecom_internet,appreciation,positive,internet_speed,none,none,none,simple,none
TC582,"bahot bekaar broadband hai, fiber cable cut hone ke baad koi sunta nhi.",hinglish,telecom_internet,complaint,negative,fiber,frequent_disconnection,high,none,moderate,Fiber maintenance team expedite karein
TC583,Technician ne bina extra charges maange shi time pe router theek kiya.,hinglish,telecom_internet,appreciation,positive,technician,none,none,none,simple,none
TC584,"Data pack recharge hone ke baad bhi net activate nhi hua, bahot khraab service.",hinglish,telecom_internet,complaint,negative,recharge,billing_dispute,high,none,moderate,Recharge gateway instant sync ensure karein
TC585,"Monthly telephone call logs aur data usage billing cycle summary aa gayi, theek hai.",hinglish,telecom_internet,informational,neutral,billing,none,none,none,simple,none
TC586,"Download speeds reach an impressive 200 Mbps, but the connection abruptly drops for two minutes every half hour.",english,telecom_internet,complaint,mixed,broadband,frequent_disconnection,high,none,moderate,Diagnose intermittent router packet loss
TC587,"Customer support answered my phone call immediately, however the executive had zero clue how to configure bridge mode on the router.",english,telecom_internet,complaint,mixed,customer_support,billing_dispute,medium,none,moderate,Provide advanced network training to technical tier 1
TC588,"Mobile 5G signal is strong and reliable outdoors, but completely drops to zero bars the second I enter my apartment.",english,telecom_internet,complaint,mixed,network_coverage,no_signal,high,none,moderate,Promote Wi-Fi calling feature compatibility
TC589,"The bundled OTT subscription package is a fantastic value, yet the fiber broadband itself remains down every weekend.",english,telecom_internet,complaint,mixed,broadband,frequent_disconnection,high,none,moderate,Ensure network uptime stability on weekends
TC590,"The technician was polite and knowledgeable, though he charged an unreceipted Rs 300 fee for extra ethernet cabling.",english,telecom_internet,complaint,mixed,technician,unexpected_charge,medium,none,moderate,Prohibit unreceipted field wire charges by technicians
TC591,"Internet speeds daytime me bohot acchi rehti hain, lekin peak evening hours me YouTube 480p par bhi buffer hota hai.",hinglish,telecom_internet,complaint,mixed,internet_speed,slow_speed,medium,none,moderate,Bandwidth throttling peak time par hatayein
TC592,"Fiber installation do ghante me ho gaya tha, par router activation OTP receive hone me pura din nikal gaya.",hinglish,telecom_internet,complaint,mixed,technician,delayed_installation,medium,none,moderate,Instant automated router provisioning allow karein
TC593,"Plan price bohot economical hai, magar customer care phone par ek simple complaint register karne me 30 minute lagte hain.",hinglish,telecom_internet,complaint,mixed,customer_support,billing_dispute,low,none,moderate,Helpline IVR tree simplify karein
TC594,"Voice calling clarity HD hai, lekin roaming me jate hi mobile data automatic disconnect ho jata hai.",hinglish,telecom_internet,complaint,mixed,network_coverage,no_signal,medium,none,moderate,National roaming data seamless handoff ensure karein
TC595,"Recharge offer par cashback mila, although unhone validity 28 din karke pura monthly calculation bigad diya.",hinglish,telecom_internet,complaint,mixed,recharge,billing_dispute,low,none,moderate,Full 30-day calendar validity plans provide karein
TC596,"Blazing fast 5G speeds, took twenty minutes to send a single WhatsApp text message from my living room.",english,telecom_internet,complaint,negative,internet_speed,slow_speed,high,none,moderate,Fix indoor 5G transmission drops
TC597,"Loved the surprise mystery charges on my bill, another Rs 300 added for a horoscope service I never asked for.",english,telecom_internet,complaint,negative,billing,unexpected_charge,medium,none,moderate,Abolish unsolicited paid VAS activations
TC598,"Super reliable fiber broadband, stays connected for nearly five whole consecutive minutes before crashing.",english,telecom_internet,complaint,negative,broadband,frequent_disconnection,high,none,moderate,Fix localized optic line flapping
TC599,"Incredible customer support, told me to restart my optical router fifteen times as if that magically splices broken fiber cables.",english,telecom_internet,complaint,negative,customer_support,billing_dispute,high,none,moderate,Diagnose physical fiber breaks remotely
TC600,"Punctual technician dispatch, promised a 10 AM morning appointment and showed up four days later unannounced.",english,telecom_internet,complaint,negative,technician,delayed_installation,high,none,moderate,Enforce technician visit SLA strictly
TC601,"I truly appreciate the executive's calm demeanor on call, but broadband downtime lasting four consecutive days during remote work is devastating.",english,telecom_internet,complaint,negative,network,broadband_downtime,high,none,moderate,none
TC602,"Thank you for offering high-speed fiber plans, however receiving 15 Mbps download speed on a paid 300 Mbps connection is unacceptable.",english,telecom_internet,complaint,negative,speed,speed_throttling,high,none,moderate,none
TC603,"With all due respect to the field engineer, marking the fiber installation visit as completed without visiting the house is fraudulent.",english,telecom_internet,complaint,negative,service,fake_visit_marked,high,none,moderate,none
TC604,"I understand underground fiber cuts occur during roadwork, but failing to provide any restoration ETA for 48 hours is poor communication.",english,telecom_internet,complaint,negative,support,no_restoration_eta,high,none,moderate,none
TC605,"The customer support agent was polite, yet my port out UPC request has been delayed and rejected twice without valid cause.",english,telecom_internet,complaint,negative,porting,port_out_rejection,high,none,moderate,none
TC606,"I value the coverage in metropolitan areas, but dropping calls every two minutes inside residential apartments makes phone calls useless.",english,telecom_internet,complaint,negative,network,call_drops,high,none,moderate,none
TC607,"While the fiber router looks modern, the Wi-Fi 5 GHz signal attenuates completely through a single internal plaster wall.",english,telecom_internet,complaint,negative,hardware,router_range,medium,none,moderate,none
TC608,"Respectfully, activating an unsolicited international roaming package and deducting Rs 1,499 from my postpaid bill is unacceptable.",english,telecom_internet,complaint,negative,billing,unauthorized_pack,high,none,moderate,none
TC609,"Thank you for dispatching a technician token, but the technician arrived five hours after the promised appointment slot.",english,telecom_internet,complaint,negative,service,technician_delay,medium,none,moderate,none
TC610,"Support team ne bohot tameez se call attend kiya, par red LOS light router par pichhle teen din se continuously blink kar rahi hai.",hinglish,telecom_internet,complaint,negative,network,red_los_blinking,high,none,moderate,none
TC611,"Maine bohot shanti se wait kiya, lekin prepaid recharge ka 5G unlimited data pack activate nahi hua paise katne ke baad bhi.",hinglish,telecom_internet,complaint,negative,billing,recharge_failed,high,none,moderate,none
TC612,"I appreciate your mobile self-care app, but spam marketing notifications advertising credit cards and loans every morning are intrusive.",english,telecom_internet,complaint,negative,communication,spam_notifications,low,none,moderate,none
TC613,"With respect, charging an exorbitant modem deposit return fee when disconnecting an annual fiber connection feels like extortion.",english,telecom_internet,complaint,negative,billing,modem_deposit_dispute,high,none,moderate,none
TC614,"Thank you for replacing the fiber patch cord, but the optical power reading is still showing -32 dBm causing frequent disconnects.",english,telecom_internet,complaint,negative,network,high_optical_loss,high,none,complex,none
TC615,"Customer care ne politely bola tha 4 ghante me network tower issue solve hoga, par do hafte se indoor coverage zero hai.",hinglish,telecom_internet,complaint,negative,network,indoor_coverage,high,none,moderate,none
TC616,"I understand fair usage policies exist, nevertheless throttling internet bandwidth to 1 Mbps in the middle of a business presentation is harsh.",english,telecom_internet,complaint,negative,speed,fup_throttling,high,none,moderate,none
TC617,"Aapki customer service team soft-spoken hai, par SIM swap fraud prevention ke naam par simple duplicate SIM lene me 3 din lagwaye.",hinglish,telecom_internet,complaint,negative,service,sim_replacement_delay,medium,none,moderate,none
TC618,"The field technician was polite, but refused to install the router on the first floor claiming cable length limits.",english,telecom_internet,complaint,negative,service,installation_refusal,medium,none,moderate,none
TC619,"With all respect, customer care automated bot looping through network restart instructions without human transfer is useless.",english,telecom_internet,complaint,negative,support,bot_loop,high,none,moderate,none
TC620,"Executive ne bohot politely suna tha, par static IP address request approve karne ke bajaye bill me double charge add kar diya.",hinglish,telecom_internet,complaint,negative,billing,double_billing,high,none,moderate,none
TC621,"I value your long-standing telecom service, but continuous call drops on emergency helpline numbers is a grave safety issue.",english,telecom_internet,complaint,negative,network,emergency_call_drops,high,none,complex,none
TC622,"Respectfully, deducting VAS caller tune charges every month without any subscription confirmation message is unfair.",english,telecom_internet,complaint,negative,billing,unauthorized_vas,high,none,moderate,none
TC623,"Aapke broadband ki speed din me achhi rehti hai, par sham 8 baje se 11 baje tak gaming latency aur ping 300 ms ho jata hai.",hinglish,telecom_internet,complaint,negative,speed,high_ping,medium,none,moderate,none
TC624,"The store executive was courteous, but refused to process a prepaid to postpaid migration without an expensive add-on plan.",english,telecom_internet,complaint,negative,service,forced_addon,medium,none,moderate,none
TC625,"I appreciate your team trying to help, but closing my fiber speed complaint ticket stating normal parameters when speed is 10 Mbps is frustrating.",english,telecom_internet,complaint,negative,support,fake_ticket_closure,high,none,moderate,none
TC626,"Technician ne bade aadar se bola tha fiber splice theek ho gaya, par unke jate hi 10 minute baad connection phir se disconnect ho gaya.",hinglish,telecom_internet,complaint,negative,network,unstable_fiber,high,none,moderate,none
TC627,"While the 5G download speed is fast outdoors, upload speed fluctuates wildly between 0.1 Mbps and 2 Mbps.",english,telecom_internet,complaint,negative,speed,slow_upload,medium,none,moderate,none
TC628,"Thank you for processing my connection surrender request, but continuing to generate postpaid monthly bills for three months is absurd.",english,telecom_internet,complaint,negative,billing,post_surrender_billing,high,none,moderate,none
TC629,"With all due respect, sending ten promotional marketing calls every single day through partner telemarketers violates DND.",english,telecom_internet,complaint,negative,communication,dnd_violation,high,none,moderate,none
TC630,"Aapki network app visually appealing hai, par recharge transaction fail hone par refund 15 din tak hold par chala jata hai.",hinglish,telecom_internet,complaint,negative,billing,refund_delay,high,none,moderate,none
TC631,"I understand monsoon cable disruptions happen, but leaving open fiber wires dangling across street trees for weeks is unsafe.",english,telecom_internet,complaint,negative,service,hazardous_wiring,high,none,complex,none
TC632,"Thank you for offering international roaming, but network data packs failed to latch onto partner carriers abroad.",english,telecom_internet,complaint,negative,network,roaming_data_failure,high,none,complex,none
TC633,"Customer support agent ne politely call transfer kiya, par supervisor queue me 25 minute music sunne ke baad call cut ho gayi.",hinglish,telecom_internet,complaint,negative,support,call_drop,high,none,moderate,none
TC634,"Respectfully, an ISP that advertises unlimited data should not secretly cap monthly usage at a restrictive gigabyte limit.",english,telecom_internet,complaint,negative,billing,hidden_fup_limit,medium,none,moderate,none
TC635,"The sales representative was polite, but promised free OTT subscriptions that were never activated on my broadband plan.",english,telecom_internet,complaint,negative,service,broken_ott_promise,medium,none,moderate,none
TC636,"Maine port out code manga tha, par telecom operator ne bina valid reason ke porting request reject mark kar di.",hinglish,telecom_internet,complaint,negative,porting,porting_blocked,high,none,moderate,none
TC637,"I appreciate your digital KYC setup, but physical verification agent arriving at 9:30 PM without prior appointment was inconvenient.",english,telecom_internet,complaint,negative,service,late_verification,low,none,moderate,none
TC638,"Support team was polite, but took four days to reconfigure the broadband VLAN settings after an internal system upgrade.",english,telecom_internet,complaint,negative,network,configuration_delay,high,none,moderate,none
TC639,"While the router works fine over Ethernet, the 2.4 GHz band disconnects smart home appliances every morning.",english,telecom_internet,complaint,negative,hardware,wifi_disconnection,medium,none,moderate,none
TC640,"Customer care representative was humble, but completely lacked technical knowledge about DNS and IPv6 routing issues.",english,telecom_internet,complaint,negative,support,technical_ignorance,medium,none,moderate,none
TC641,No internet connection.,english,telecom_internet,complaint,negative,network,no_internet,high,none,simple,none
TC642,Fiber down again.,english,telecom_internet,complaint,negative,network,fiber_down,high,none,simple,none
TC643,Speed bohot slow.,hinglish,telecom_internet,complaint,negative,speed,slow_speed,high,none,simple,none
TC644,Call drop issue.,english,telecom_internet,complaint,negative,network,call_drops,high,none,simple,none
TC645,Red light blinking.,english,telecom_internet,complaint,negative,hardware,red_los,high,none,simple,none
TC646,Network bilkul zero.,hinglish,telecom_internet,complaint,negative,network,no_signal,high,none,simple,none
TC647,Terrible ping latency.,english,telecom_internet,complaint,negative,speed,high_ping,medium,none,simple,none
TC648,Wrong postpaid bill.,english,telecom_internet,complaint,negative,billing,wrong_bill,high,none,simple,none
TC649,Recharge nahi hua.,hinglish,telecom_internet,complaint,negative,billing,recharge_failed,high,none,simple,none
TC650,Worst telecom service.,english,telecom_internet,complaint,negative,service,poor_service,high,none,simple,none
TC651,Frequent disconnection.,english,telecom_internet,complaint,negative,network,frequent_drops,high,none,simple,none
TC652,Technician nahi aaya.,hinglish,telecom_internet,complaint,negative,service,no_show,medium,none,simple,none
TC653,Superfast fiber speeds.,english,telecom_internet,appreciation,positive,speed,none,none,none,simple,none
TC654,Solid 5G connectivity.,english,telecom_internet,appreciation,positive,network,none,none,none,simple,none
TC655,Bohot badiya internet.,hinglish,telecom_internet,appreciation,positive,speed,none,none,none,simple,none
TC656,Low ping gaming.,english,telecom_internet,appreciation,positive,speed,none,none,none,simple,none
TC657,Loved the coverage.,english,telecom_internet,appreciation,positive,network,none,none,none,simple,none
TC658,Paisa vasool plan.,hinglish,telecom_internet,appreciation,positive,pricing,none,none,none,simple,none
TC659,Smooth broadband setup.,english,telecom_internet,appreciation,positive,service,none,none,none,simple,none
TC660,Quick recharge update.,english,telecom_internet,appreciation,positive,billing,none,none,none,simple,none
TC661,Shaandar network speed.,hinglish,telecom_internet,appreciation,positive,speed,none,none,none,simple,none
TC662,Crystal clear calls.,english,telecom_internet,appreciation,positive,network,none,none,none,simple,none
TC663,Broadband bill generated.,english,telecom_internet,informational,neutral,billing,none,none,none,simple,none
TC664,Data pack active.,english,telecom_internet,informational,neutral,billing,none,none,none,simple,none
TC665,Theek thaak speed.,hinglish,telecom_internet,informational,neutral,speed,none,none,none,simple,none
TC666,Router rebooted.,english,telecom_internet,informational,neutral,hardware,none,none,none,simple,none
TC667,Average 4G signal.,english,telecom_internet,informational,neutral,network,none,none,none,simple,none
TC668,Validity till thirty.,english,telecom_internet,informational,neutral,billing,none,none,none,simple,none
TC669,Sab theek hai.,hinglish,telecom_internet,informational,neutral,network,none,none,none,simple,none
TC670,Plan renewed today.,english,telecom_internet,informational,neutral,billing,none,none,none,simple,none
TC671,Fast speed frequent drops.,english,telecom_internet,complaint,mixed,network,frequent_drops,medium,none,simple,none
TC672,Good plan poor customer care.,english,telecom_internet,complaint,mixed,support,poor_support,low,none,simple,none
TC673,Speed achhi rate mehenga.,hinglish,telecom_internet,complaint,mixed,pricing,expensive,low,none,simple,none
TC674,Outdoor 5G indoor zero.,english,telecom_internet,complaint,mixed,network,indoor_coverage,medium,none,simple,none
TC675,Kaam kiya par late.,hinglish,telecom_internet,complaint,mixed,service,delay,low,none,simple,none
TC676,Net bilkul nai chal rha subah se router par red light blink ho rhi h.,hinglish,telecom_internet,complaint,negative,network,red_los,high,none,moderate,none
TC677,Broadband connection bhot achha h 200 Mbps speed bilkul constant milti h.,hinglish,telecom_internet,appreciation,positive,speed,none,none,none,moderate,none
TC678,Call drop bhot jyada ho rha h indoor network signal bilkul nai aata.,hinglish,telecom_internet,complaint,negative,network,call_drops,high,none,moderate,none
TC679,Technician time pr aaya aur fiber cable connection jldi setup kr diya.,hinglish,telecom_internet,appreciation,positive,service,none,none,none,moderate,none
TC680,Prepaid recharge kiya tha pr validity update nai hui balance cut gya.,hinglish,telecom_internet,complaint,negative,billing,recharge_failed,high,none,moderate,none
TC681,Internet speed bhot bekaar h YouTube video 480p me bhi buffer hota h.,hinglish,telecom_internet,complaint,negative,speed,buffering,high,none,moderate,none
TC682,Packaging achhi thi router securely packed condition me milla.,hinglish,telecom_internet,appreciation,positive,hardware,none,none,none,moderate,none
TC683,Complaint ticket raise kiya tha pr koi update nai milla customer care se.,hinglish,telecom_internet,complaint,negative,support,no_update,medium,none,moderate,none
TC684,Bhot fast 5G speed h downloading me bilkul time nai lgta maza aagya.,hinglish,telecom_internet,appreciation,positive,speed,none,none,none,moderate,none
TC685,Postpaid bill me extra charge add kr diya jo mene use he nai kiya tha.,hinglish,telecom_internet,complaint,negative,billing,overcharge,high,none,moderate,none
TC686,Customer support ne ticket resolve likh diya pr internet fir bhi band h.,hinglish,telecom_internet,complaint,negative,support,fake_closure,high,none,moderate,none
TC687,Fiber line bhot stable h barish me bhi connection disconnect nai huwa.,hinglish,telecom_internet,appreciation,positive,network,none,none,none,moderate,none
TC688,Technician ne visit k liye extra cash manga wire lagane k naam pr.,hinglish,telecom_internet,complaint,negative,service,cash_demand,high,none,moderate,none
TC689,Call quality bhot saaf h VoLTE pr bilkul background noise nai aata.,hinglish,telecom_internet,appreciation,positive,network,none,none,none,moderate,none
TC690,Annual rental plan me discount bhot achha milla coupon use krke.,hinglish,telecom_internet,appreciation,positive,pricing,none,none,none,moderate,none
TC691,App me data balance check krte time session expire ho jata h bar bar.,hinglish,telecom_internet,complaint,negative,app,session_bug,low,none,moderate,none
TC692,Bhai internet speed bhot badiya h online gaming me ping bilkul low h.,hinglish,telecom_internet,appreciation,positive,speed,none,none,none,moderate,none
TC693,Sim card deactivate ho gya bina koi intimation SMS diye huye.,hinglish,telecom_internet,complaint,negative,service,sim_deactivated,high,none,moderate,none
TC694,Bill statement PDF download kiya sare deductions transparently likhe the.,hinglish,telecom_internet,informational,neutral,billing,none,none,none,moderate,none
TC695,Engineer bhot humble tha unhone Wi-Fi coverage poore flat me check kiya.,hinglish,telecom_internet,appreciation,positive,service,none,none,none,moderate,none
TC696,Khrab service h call center pe koi phone pick up nai krta.,hinglish,telecom_internet,complaint,negative,support,no_pickup,high,none,moderate,none
TC697,Prepaid plan me unlimited calls active h koi limit nai h.,hinglish,telecom_internet,appreciation,positive,billing,none,none,none,moderate,none
TC698,Speed test kiya speed theek thaak mili plan k according normal rha.,hinglish,telecom_internet,informational,neutral,speed,none,none,none,moderate,none
TC699,Router me heating issue aa rha h bhot garam ho jata h chalte chalte.,hinglish,telecom_internet,complaint,negative,hardware,heating,medium,none,moderate,none
TC700,New connection installation 24 ghante k andar complete ho gya tha.,hinglish,telecom_internet,appreciation,positive,service,none,none,none,moderate,none
TC701,Bhot ghatiya range h Wi-Fi ki dusre kamre me signal gayab ho jata h.,hinglish,telecom_internet,complaint,negative,hardware,poor_range,medium,none,moderate,none
TC702,Monthly bill generated confirmation SMS phone pr receive huwa.,hinglish,telecom_internet,informational,neutral,billing,none,none,none,moderate,none
TC703,Speed achhi h par connection kabhi kabhi raat ko thoda drop hota h.,hinglish,telecom_internet,complaint,mixed,network,night_drops,low,none,moderate,none
TC704,Porting request reject kr diya telecom operator ne bina kisi reason k.,hinglish,telecom_internet,complaint,negative,porting,port_rejected,high,none,moderate,none
TC705,Data usage counter app dashboard pr real-time me update ho rha tha.,hinglish,telecom_internet,informational,neutral,app,none,none,none,moderate,none
TC706,The fiber technician did not arrive at my house for the scheduled installation.,english,telecom_internet,complaint,negative,service,no_show,high,none,moderate,none
TC707,Customer support helpline par meri internet complaint register nahi ki gayi.,hinglish,telecom_internet,complaint,negative,support,refusal,high,none,moderate,none
TC708,I did not receive the promised 100 Mbps download speed on fiber line.,english,telecom_internet,complaint,negative,speed,slow_speed,high,none,moderate,none
TC709,Fiber line wire reconnect karne ke baad bhi signal light green nahi hui.,hinglish,telecom_internet,complaint,negative,network,no_signal,high,none,moderate,none
TC710,Broadband bill pay karne ke baad bhi connection reactivate nahi kiya gaya.,hinglish,telecom_internet,complaint,negative,billing,reactivation_delay,high,none,moderate,none
TC711,The mobile application is not allowing prepaid recharge through net banking.,english,telecom_internet,complaint,negative,app,payment_bug,medium,none,moderate,none
TC712,Network tower technician ne outdoor signal booster install karne se mana kiya.,hinglish,telecom_internet,complaint,negative,service,booster_refusal,medium,none,moderate,none
TC713,I have not authorized the value added services subscription on my postpaid SIM.,english,telecom_internet,complaint,negative,billing,unauthorized_vas,high,none,moderate,none
TC714,Call center representative ne supervisor se baat karwane se inkaar kar diya.,hinglish,telecom_internet,complaint,negative,support,escalation_refusal,high,none,moderate,none
TC715,The Wi-Fi router does not broadcast the 5 GHz wireless frequency channel.,english,telecom_internet,complaint,negative,hardware,band_missing,medium,none,moderate,none
TC716,Porting UPC code SMS request send karne ke baad bhi receive nahi hua.,hinglish,telecom_internet,complaint,negative,porting,no_upc_code,high,none,moderate,none
TC717,I did not get any intimation before the scheduled seven hour network blackout.,english,telecom_internet,complaint,negative,communication,no_intimation,medium,none,moderate,none
TC718,Billing department ne security deposit refund check issue nahi kiya do mahine se.,hinglish,telecom_internet,complaint,negative,billing,deposit_refund_delay,high,none,moderate,none
TC719,The mobile SIM does not latch onto international roaming partner networks.,english,telecom_internet,complaint,negative,network,roaming_failure,high,none,moderate,none
TC720,Engineer ne optical patch cord properly terminate nahi kiya connection loose hai.,hinglish,telecom_internet,complaint,negative,service,loose_wiring,medium,none,moderate,none
TC721,Customer care did not solve my recurring call drop complaint in sector 14.,english,telecom_internet,complaint,negative,network,unresolved_call_drops,high,none,moderate,none
TC722,Prepaid plan expiry notification SMS recharge khatam hone se pehle nahi aaya.,hinglish,telecom_internet,complaint,negative,communication,no_warning,low,none,moderate,none
TC723,The customer support live chat bot does not understand basic connectivity questions.,english,telecom_internet,complaint,negative,bot,bot_failure,medium,none,moderate,none
TC724,Broadband router box ke sath Ethernet cable provide nahi ki gayi thi.,hinglish,telecom_internet,complaint,negative,hardware,missing_cable,low,none,moderate,none
TC725,I did not receive any compensation credit for the three day network outage.,english,telecom_internet,complaint,negative,billing,no_compensation,medium,none,moderate,none
TC726,Store representative ne physical SIM exchange free me karne se mana kar diya.,hinglish,telecom_internet,complaint,negative,service,exchange_charges,medium,none,moderate,none
TC727,The mobile connection does not support VoWiFi calling inside basements.,english,telecom_internet,complaint,negative,network,no_vowifi,medium,none,moderate,none
TC728,Account closure request confirm hone ke baad bhi postpaid bill generate hona band nahi hua.,hinglish,telecom_internet,complaint,negative,billing,billing_after_closure,high,none,moderate,none
TC729,Broadband speed test reading advertised speed ke aade tak bhi nahi pahuchti.,hinglish,telecom_internet,complaint,negative,speed,underperforming_speed,high,none,moderate,none
TC730,The network coverage map on your website does not reflect actual ground reality.,english,telecom_internet,complaint,negative,network,fake_coverage_map,medium,none,moderate,none
TC731,"Download speed on fiber reaches 200 Mbps easily, but upload speed barely crosses 5 Mbps.",english,telecom_internet,complaint,mixed,speed,slow_upload,medium,none,moderate,none
TC732,"Customer care answered my call in 30 seconds, but the agent was unable to diagnose the router issue.",english,telecom_internet,complaint,mixed,support,agent_unskilled,medium,none,moderate,none
TC733,"The postpaid plan is reasonably priced, but network coverage inside elevators is completely dead.",english,telecom_internet,complaint,mixed,network,elevator_deadzone,low,none,moderate,none
TC734,"Broadband was installed on the same day as booking, but the field technician left loose cables untied.",english,telecom_internet,complaint,mixed,service,messy_wiring,low,none,moderate,none
TC735,"5G internet speed is blisteringly fast outdoors, but battery consumption on phone increases dramatically.",english,telecom_internet,complaint,mixed,network,battery_drain,low,none,moderate,none
TC736,"Router provides stable coverage in the living room, but fails to reach the master bedroom balcony.",english,telecom_internet,complaint,mixed,hardware,weak_range,low,none,moderate,none
TC737,"Billing portal is transparent and easy to use, but auto-debit failure penalty of 200 rupees is harsh.",english,telecom_internet,complaint,mixed,billing,bounce_fee,low,none,moderate,none
TC738,"Voice call quality is crisp over VoLTE, but international roaming SMS charges are exorbitantly high.",english,telecom_internet,complaint,mixed,pricing,expensive_roaming,low,none,moderate,none
TC739,"Support team replaced my faulty router within 24 hours, but the replacement unit had dirty scuff marks.",english,telecom_internet,complaint,mixed,hardware,scuffed_unit,low,none,moderate,none
TC740,"Self-care mobile app offers great analytics, but promotional banner ads take up half the dashboard.",english,telecom_internet,complaint,mixed,app,cluttered_ui,low,none,moderate,none
TC741,"Download speed kafi fast hai movies jaldi hoti hai, lekin gaming karte waqt ping bohot high rehti hai.",hinglish,telecom_internet,complaint,mixed,speed,gaming_ping,medium,none,moderate,none
TC742,"Installation time par ho gayi thi, par technician ne router ka password set nahi kiya tha default chhod diya.",hinglish,telecom_internet,complaint,mixed,service,default_security,low,none,moderate,none
TC743,"Plan sasta hai aur data bhi bhot milta hai, par sham ke time speed 70 percent drop ho jati hai.",hinglish,telecom_internet,complaint,mixed,speed,peak_hour_drop,medium,none,moderate,none
TC744,"Customer care agent ne politely suna, par fiber line repair karne ke liye 48 ghante ka time manga.",hinglish,telecom_internet,complaint,mixed,support,long_sla,medium,none,moderate,none
TC745,"Calling quality clean hai outdoor me, lekin flat ke andar aate hi signal 1 bar ho jata hai.",hinglish,telecom_internet,complaint,mixed,network,indoor_signal,medium,none,moderate,none
TC746,"Prepaid recharge instant confirm ho gaya, par promotional SMS aana band nahi hota poora din.",hinglish,telecom_internet,complaint,mixed,communication,sms_spam,low,none,moderate,none
TC747,"Router ka look sleek hai, par power adapter cable bohot chhoti hai extension board lagana pada.",hinglish,telecom_internet,complaint,mixed,hardware,short_cable,low,none,moderate,none
TC748,"Static IP jaldi activate ho gaya, par monthly charges doosre internet providers se zyada hai.",hinglish,telecom_internet,complaint,mixed,pricing,costly_ip,low,none,moderate,none
TC749,"Fiber connection chalta badhiya hai, par barish ke time har hafte cable cut ho jati hai raste me.",hinglish,telecom_internet,complaint,mixed,network,weather_cuts,medium,none,moderate,none
TC750,"Coupon se bill discount mil gaya, par next cycle me bina inform kiye rental amount badha diya.",hinglish,telecom_internet,complaint,mixed,billing,rental_hike,medium,none,moderate,none
TC751,Why does broadband disconnect precisely at 8 PM every evening when remote meetings begin?,english,telecom_internet,question,negative,network,evening_disconnects,high,none,moderate,none
TC752,Is it acceptable to charge for a 300 Mbps fiber plan when actual speed never exceeds 20 Mbps?,english,telecom_internet,question,negative,speed,underperforming_speed,high,none,moderate,none
TC753,How am I supposed to work from home when fiber connection stays down for four consecutive working days?,english,telecom_internet,question,negative,network,prolonged_downtime,high,none,moderate,none
TC754,Why was my postpaid SIM blocked without any prior warning or missed bill payment notification?,english,telecom_internet,question,negative,service,arbitrary_block,high,none,moderate,none
TC755,Can someone explain why fiber installation charges were billed when the advertisement promised zero installation fee?,english,telecom_internet,question,negative,billing,hidden_installation_fee,high,none,moderate,none
TC756,Why do customer service representatives mark tickets resolved without visiting or calling the customer?,english,telecom_internet,question,negative,support,fake_resolution,high,none,moderate,none
TC757,Is there any reason why mobile signal drops completely to zero bars inside concrete apartment buildings?,english,telecom_internet,question,negative,network,indoor_deadzone,high,none,moderate,none
TC758,Work from home chal raha hai internet teen din se band hai company loss ka compensation degi kya?,hinglish,telecom_internet,question,negative,network,downtime_loss,high,none,moderate,none
TC759,Customer support automated bot har query par router restart karne ko kyu bolta hai jab fiber broken hai?,hinglish,telecom_internet,question,negative,bot,useless_bot,medium,none,moderate,none
TC760,Technician visit schedule hone ke baad subah se sham tak bina kisi update ke wait karwana kaisa service hai?,hinglish,telecom_internet,question,negative,service,technician_no_show,high,none,moderate,none
TC761,Speed test me 15 Mbps speed aane par support team ticket close kyu kar deti hai normal speed bolkar?,hinglish,telecom_internet,question,negative,support,fake_ticket_closure,high,none,moderate,none
TC762,Recharge ka paisa account se katne ke baad 48 ghante tak pack activate na hona kaisa system hai?,hinglish,telecom_internet,question,negative,billing,activation_delay,high,none,moderate,none
TC763,Prepaid se postpaid convert karwane ke baad network coverage aadhi kyu ho gayi?,hinglish,telecom_internet,question,negative,network,degraded_signal,high,none,moderate,none
TC764,Bina customer permission ke caller tune activate karke har mahine 40 rupaye katna theft nahi hai kya?,hinglish,telecom_internet,question,negative,billing,unauthorized_vas,high,none,moderate,none
TC765,Fiber router ki range 10 meter door jaate hi disconnect hone lagna kaisa dual band hardware hai?,hinglish,telecom_internet,question,negative,hardware,poor_range,medium,none,moderate,none
TC766,bhai sach me maza aa gaya 300 Mbps speed aati hai 4K video bina buffer ke chalti hai loving it,hinglish,telecom_internet,appreciation,positive,speed,none,none,none,simple,none
TC767,yaar fiber router par red light jal gayi subah se meeting me connect nahi ho pa raha,hinglish,telecom_internet,complaint,negative,network,red_los,high,none,simple,none
TC768,bhai connection account ID TC8821 note kar lo bas ispe static IP verify kar dena,hinglish,telecom_internet,informational,neutral,account,none,none,none,simple,none
TC769,bhai internet speed mast aati hai par monthly rental thoda sa expensive hai,hinglish,telecom_internet,complaint,mixed,pricing,expensive,low,none,simple,none
TC770,yaar customer care wale call utha ke hold pe daal dete hai 30 minute tak koi baat nahi karta,hinglish,telecom_internet,complaint,negative,support,long_hold,high,none,simple,none
TC771,bhai field engineer ne aate hi 10 minute me fiber splice karke net chalu kar diya super,hinglish,telecom_internet,appreciation,positive,service,none,none,none,simple,none
TC772,yaar postpaid bill me 800 rupaye extra add karke bhej diya bina kisi justification ke,hinglish,telecom_internet,complaint,negative,billing,overcharge,high,none,simple,none
TC773,bhai 5G network coverage highway par bhi full bars deta hai seamless streaming rhi,hinglish,telecom_internet,appreciation,positive,network,none,none,none,simple,none
TC774,bas itna bata do fiber cable repair kab tak complete hogi sham tak net aayega ya nahi,hinglish,telecom_internet,informational,neutral,network,none,none,none,simple,none
TC775,yaar online gaming me ping 250 ms aa rahi hai character lag ho raha hai match haar gaye,hinglish,telecom_internet,complaint,negative,speed,high_ping,high,none,simple,none
TC776,bhai annual recharge plan lagaya aur unlimited 5G data free mil gaya shandar offer,hinglish,telecom_internet,appreciation,positive,pricing,none,none,none,simple,none
TC777,please mera broadband disconnection request process kar do agle mahine ka bill generate mat karo bhai,hinglish,telecom_internet,complaint,negative,billing,surrender_delay,high,none,simple,none
TC778,yaar download speed fast hai par Wi-Fi router ka range dusre kamre me drop ho jata hai,hinglish,telecom_internet,complaint,mixed,hardware,poor_range,low,none,simple,none
TC779,bhai data usage meter app dashboard par real-time GB consumed display kar raha hai,hinglish,telecom_internet,informational,neutral,app,none,none,none,simple,none
TC780,acha offer mila recharge par par international calls ka rate per minute kafi high hai,hinglish,telecom_internet,complaint,mixed,pricing,isd_charges,low,none,simple,none
TC781,Monthly postpaid billing cycle begins on the 15th day of every calendar month.,english,telecom_internet,informational,neutral,billing,none,none,none,simple,none
TC782,Fiber optical power level measured at ONT connector is -19.4 dBm currently.,english,telecom_internet,informational,neutral,network,none,none,none,simple,none
TC783,Broadband account number TC99210 is registered under commercial fiber plan category.,english,telecom_internet,informational,neutral,account,none,none,none,simple,none
TC784,Standard router default Wi-Fi gateway IP address is 192.168.1.1 on local network.,english,telecom_internet,informational,neutral,hardware,none,none,none,simple,none
TC785,Customer support service token ticket number TC88299 logged at 4:30 PM.,english,telecom_internet,informational,neutral,support,none,none,none,simple,none
TC786,Mobile data balance summary dial code *121# use karke screen par view kiya ja sakta hai.,hinglish,telecom_internet,informational,neutral,billing,none,none,none,simple,none
TC787,Fiber internet modem installation date 12 September ko successfully complete hui thi.,hinglish,telecom_internet,informational,neutral,service,none,none,none,simple,none
TC788,Prepaid mobile number par plan validity 28 din ki cycle par configure ki gayi hai.,hinglish,telecom_internet,informational,neutral,billing,none,none,none,simple,none
TC789,Nearest telecom customer relationship center Metro Station pillar 42 ke samne hai.,hinglish,telecom_internet,informational,neutral,service,none,none,none,simple,none
TC790,Optical fiber network distribution switch sector 15 main road junction par situated hai.,hinglish,telecom_internet,informational,neutral,network,none,none,none,simple,none
TC791,"Great 300 Mbps high speed fiber, loading Google homepage takes only five minutes.",english,telecom_internet,complaint,negative,speed,slow_speed,high,none,moderate,none
TC792,"Wonderful network reliability, connection works smoothly all day except when I actually need it.",english,telecom_internet,complaint,negative,network,downtime,high,none,moderate,none
TC793,"Thanks for the lightning fast customer support, resolving a basic line cut in only 10 days.",english,telecom_internet,complaint,negative,support,delayed_support,high,none,moderate,none
TC794,"Loved the unlimited data plan, throttling speed to 128 kbps after downloading three video files.",english,telecom_internet,complaint,negative,speed,harsh_fup,high,none,moderate,none
TC795,"Kamaal ka 5G coverage hai, ghar se 2 kadam bahar niklo toh full signal aur andar aate hi SOS mode.",hinglish,telecom_internet,complaint,negative,network,indoor_deadzone,high,none,moderate,none
TC796,"The broadband speed is fast, but the mobile self-care app crashes when viewing bill breakdown.",english,telecom_internet,complaint,mixed,app,app_crash,low,none,moderate,none
TC797,"Fiber installation completed on time, but the outdoor wire was not routed through a protective conduit.",english,telecom_internet,complaint,mixed,service,unprotected_cable,low,none,moderate,none
TC798,Broadband MAC address binding was recorded and updated on the ISP gateway server.,english,telecom_internet,informational,neutral,hardware,none,none,none,moderate,none
TC799,"Calling quality achhi hai, par roaming me data balance consumption thoda fast calculate hota hai.",hinglish,telecom_internet,complaint,mixed,billing,fast_consumption,low,none,moderate,none
TC800,Customer Wi-Fi password encryption standard WPA2-PSK protocol par configured hai.,hinglish,telecom_internet,informational,neutral,hardware,none,none,none,moderate,none
