id,text,language,service,behavior,sentiment,aspect,issue,severity,abuse,complexity,suggestion
CB001,Driver arrived two minutes ahead of time and helped load heavy luggage into the boot.,english,cab_transport,appreciation,positive,driver,none,none,none,simple,none
CB002,"The sedan was clean and air conditioning was cool, but the driver took an unnecessary detour through congested back lanes.",english,cab_transport,complaint,mixed,route,long_route,medium,none,complex,Optimize navigation to avoid narrow congested bypasses
CB003,bhai ride cancel kar di driver ne 15 minute wait karwane ke baad cancellation fee mujhpe laga di,hinglish,cab_transport,complaint,negative,cancellation,driver_cancelled,high,none,moderate,Waive cancellation fees when driver cancels after long wait
CB004,Can I schedule an airport drop cab four days in advance with guaranteed driver assignment?,english,cab_transport,question,neutral,booking,none,none,none,moderate,none
CB005,Auto booking accept ho gayi turant aur driver ne meter rate se hi payment liya.,hinglish,cab_transport,appreciation,positive,fare,none,none,none,simple,none
CB006,Cab booking platforms should display upfront whether toll plaza charges are included in the estimated trip fare.,english,cab_transport,suggestion,neutral,fare,none,none,none,moderate,Show toll inclusions clearly on fare estimate
CB007,the driver demanded three hundred rupees extra in cash outside the railway station and refused to start trip,english,cab_transport,complaint,negative,fare,payment_issue,high,none,moderate,Penalize drivers demanding offline cash supplements
CB008,"I wouldn't describe the vehicle as completely filthy, but the seat covers had faint tea stains and smelled of stale tobacco.",english,cab_transport,complaint,mixed,vehicle_cleanliness,unclean_vehicle,low,none,complex,Enforce strict interior vehicle cleanliness inspections
CB009,driver kept vehicle stationary for twenty minutes two kilometers away refusing to answer calls or cancel,english,cab_transport,complaint,negative,pickup,driver_late,medium,none,moderate,Auto-reassign stationary drivers who ignore calls
CB010,Boarded the cab at 7:15 AM from Indiranagar and reached Kempegowda International Airport terminal at 8:25 AM.,english,cab_transport,informational,neutral,ride_time,none,none,none,simple,none
CB011,bhai customer support executive itna batameez hai refund ticket pe generic bot reply paste karke call cut kar di,hinglish,cab_transport,complaint,negative,customer_support,poor_communication,high,mild,Ensure human escalation for disputed fare tickets,
CB012,"Driver drove very smoothly on the expressway, strictly obeying lane discipline and speed limits.",english,cab_transport,appreciation,positive,safety,none,none,none,simple,none
CB013,Can passengers add two intermediate drop-off waypoints during an ongoing outstation round trip?,english,cab_transport,question,neutral,route,none,none,none,moderate,none
CB014,the taxi broke down on the elevated flyover during peak office hours due to an overheating radiator,english,cab_transport,complaint,negative,vehicle_condition,poor_vehicle_condition,high,none,moderate,Mandate routine mechanical fitness certifications for cabs
CB015,driver refused to switch on the air conditioning claiming CNG fares do not cover AC usage,english,cab_transport,complaint,negative,vehicle,vehicle_problem,medium,none,simple,Enforce mandatory air conditioning on standard sedan bookings
CB016,bhai surge price 3x laga diya barish ke time 200 ki ride 650 rupay ki bana di loot macha rakhi hai,hinglish,cab_transport,complaint,negative,surge_pricing,surge_price,high,none,moderate,Cap excessive surge pricing multipliers during rain
CB017,"The chauffeur was exceptionally polite and drove safely, though the final fare was slightly higher due to heavy highway toll additions.",english,cab_transport,appreciation,mixed,fare,none,low,none,complex,none
CB018,Ride hailing apps should allow women passengers to opt for verified female drivers during late night travel.,english,cab_transport,suggestion,neutral,safety,none,none,none,moderate,Introduce optional female driver preference for night rides
CB019,bhai app me wallet payment deduct ho gaya par driver ke device pe cash payment pending dikha raha tha,hinglish,cab_transport,complaint,negative,payment,payment_issue,medium,none,moderate,Sync passenger digital wallet payments instantly with driver app
CB020,"The driver arrived right at the society exit gate, handled luggage respectfully, and offered water bottles.",english,cab_transport,appreciation,positive,driver,none,none,none,moderate,none
CB021,"Although the hatchback arrived within three minutes, the rear seatbelt buckles were jammed under the upholstery.",english,cab_transport,complaint,mixed,safety,poor_vehicle_condition,medium,none,complex,Ensure rear passenger seatbelts remain accessible
CB022,driver was continuously scrolling social media reels on dashboard mount while navigating crowded intersection,english,cab_transport,complaint,negative,safety,safety,high,none,moderate,Prohibit phone screen distractions while driving
CB023,ride fare was 240 rupees and dropped at metro station gate number two without any confusion.,hinglish,cab_transport,informational,neutral,dropoff,none,none,none,simple,none
CB024,Does the outstation booking tariff include night driver allowance for trips extending past 11 PM?,english,cab_transport,question,neutral,fare,none,none,none,moderate,none
CB025,Driver started abusing loudly and threatened violence when asked to enter the gated residential layout bloody hooligan,english,cab_transport,complaint,negative,driver,poor_communication,high,severe,Deactivate aggressive drivers threatening passenger safety,
CB026,auto driver bhaiya ne traffic jam bypass karne ke liye short cut liya aur 10 minute pehle station drop kar diya,hinglish,cab_transport,appreciation,positive,navigation,none,none,none,simple,none
CB027,"I wouldn't call the driver unprofessional, but driving the entire ring road in second gear with whining engine was uncomfortable.",english,cab_transport,complaint,mixed,vehicle_condition,poor_vehicle_condition,low,none,complex,Train commercial drivers in smooth gear operation
ED028,Refund for the duplicate booking charge was credited to my original UPI account within ten minutes.,english,cab_transport,appreciation,positive,refund,none,none,none,moderate,none
CB029,kya airport pickup zone me driver ko extra parking toll cash me dena padta hai?,hinglish,cab_transport,question,neutral,fare,none,none,none,simple,none
CB030,Customer support bot closed the safety incident ticket stating trip was completed normally without reading my complaint.,english,cab_transport,complaint,negative,customer_support,support_delay,high,mild,Ensure human review of safety-related dispute reports,
CB031,"GPS tracking marker on the app was lagging by two kilometers, showing driver on bridge while he was at gate.",english,cab_transport,complaint,negative,tracking,tracking_issue,medium,none,moderate,Improve real-time GPS telemetry refresh rates on app
CB032,Ride hailing app crashed during active trip navigation and the fare receipt doubled upon re-opening.,english,cab_transport,complaint,negative,app,app_issue,high,none,complex,Prevent fare recalibration errors during app crashes
CB033,"The driver reached the terminal swiftly, though the trunk space was entirely occupied by a large CNG cylinder.",english,cab_transport,appreciation,mixed,vehicle,vehicle_problem,low,none,complex,Indicate reduced luggage capacity on CNG vehicle listings
CB034,bhai pickup pin map pe exact office gate pe thi par driver 500 meter door flyover ke niche khada raha,hinglish,cab_transport,complaint,negative,pickup,wrong_pickup_location,medium,none,moderate,Improve driver in-app map guidance to exact building gates
CB035,"Zero surge pricing on early morning college route, friendly cabbie, and pristine sanitized dashboard.",english,cab_transport,appreciation,positive,fare,none,none,none,moderate,none
CB036,kya scheduled ride confirm hone ke baad driver details advance me SMS pe receive hoti hain?,hinglish,cab_transport,question,neutral,booking,none,none,none,moderate,none
CB037,Driver waited patiently for eight minutes outside the hospital entrance without complaining while we escorted elderly patient.,english,cab_transport,appreciation,positive,driver,none,none,none,complex,none
CB038,"Vehicle interior was spotless, fresh jasmine air freshener, and seats were clean without any dust.",english,cab_transport,appreciation,positive,vehicle_cleanliness,none,none,none,moderate,none
CB039,"Tyres on the commercial cab were completely bald without tread, skidding dangerously on wet monsoon tarmac.",english,cab_transport,complaint,negative,safety,poor_vehicle_condition,high,none,moderate,Enforce minimum tyre tread depth standards on fleet vehicles
CB040,cab ka wait 30 min se kar rahe hain live map pe driver ek hi jagah khada h,hinglish,cab_transport,complaint,negative,waiting_time,long_wait,medium,none,simple,Reassign stagnant drivers automatically
CB041,"While the driver was courteous and drove gently, the car's front suspension squeaked loudly over every single rumble strip.",english,cab_transport,complaint,mixed,vehicle_condition,poor_vehicle_condition,low,none,complex,Service vehicle shock absorbers and suspension bushes
CB042,Can customer support issue an itemized business tax invoice showing enterprise GSTIN for corporate claims?,english,cab_transport,question,neutral,customer_support,none,none,none,moderate,none
CB043,auto fare meter se 80 rupay banta tha par driver ne platform booking ka bahana banakar 180 rupay demand kiye,hinglish,cab_transport,complaint,negative,fare,high_fare,medium,none,simple,Align app auto fares with municipal meter tariffs
CB044,Everything was running smoothly until the driver stopped at a fuel station queue for twenty minutes without asking.,english,cab_transport,complaint,mixed,ride,ride_time,medium,none,moderate,Prohibit unscheduled refueling stops during active passenger trips
CB045,Cab platforms should permit passengers to mute in-cab radio or entertainment screens directly via passenger app.,english,cab_transport,suggestion,neutral,vehicle,none,none,none,moderate,Add silent ride and no-music preference toggle on app
CB046,"rear door handle was broken from inside, forcing passenger to roll down window and open from outside latch",english,cab_transport,complaint,negative,vehicle,poor_vehicle_condition,medium,none,simple,Inspect internal door latch mechanics during fleet onboarding
CB047,bhaiya driver ne bina kisi nakhre ke payment UPI QR scan karke accept kar li very nice service,hinglish,cab_transport,appreciation,positive,payment,none,none,none,moderate,none
CB048,Is cash on delivery acceptable for inter-city outstation one-way drop bookings?,english,cab_transport,question,neutral,payment,none,none,none,moderate,none
CB049,"Driver drove safely, app billing accuracy wasn't.",english,cab_transport,complaint,mixed,fare,payment_issue,medium,none,simple,Audit automated route-based fare recalculation algorithms
CB050,terrible experience driver abandoned lone female passenger on dark highway link road after arguing over route shameless creep,hinglish,cab_transport,complaint,negative,safety,poor_communication,high,severe,Institute zero-tolerance deactivations for passenger abandonment,
CB051,"Arrived at domestic departure gate exactly on schedule, driver chose elevated bypass road avoiding signal bottlenecks.",english,cab_transport,appreciation,positive,navigation,none,none,none,simple,none
CB052,bhai driver ne phone karke pucha 'kahan jana hai' aur destination sunke trip cancel kar diya har baar ka yahi hai,hinglish,cab_transport,complaint,negative,cancellation,driver_cancelled,high,none,moderate,Prevent drivers from cancelling based on destination
CB053,"Honestly, I expected worn out hatchback given the budget tier, but the vehicle was a well-maintained modern compact sedan.",english,cab_transport,appreciation,mixed,vehicle,none,none,none,complex,none
CB054,"App map showed route toll bridge as closed when it was fully open, leading to an unwanted ten-kilometer detour.",english,cab_transport,complaint,negative,navigation,wrong_route,medium,none,moderate,Update road closure status feeds in real time
CB055,kya railway station parcel pickup ke liye cab driver luggage rack use karne ka extra charge leta hai?,hinglish,cab_transport,question,neutral,fare,none,none,none,moderate,none
CB056,"Driver took an unauthorized detour into rural dirt tracks claiming his personal map showed a shortcut, getting cab stuck in mud.",english,cab_transport,complaint,negative,navigation,wrong_route,high,none,moderate,Mandate in-app navigation compliance on commercial rides
CB057,"Smooth electric cab ride, completely noiseless motor, gentle acceleration, and comfortable climate control throughout.",english,cab_transport,appreciation,positive,vehicle,none,none,none,moderate,none
CB058,Transport apps should allow passengers to set preferred maximum driving speeds for highway night journeys.,english,cab_transport,suggestion,neutral,safety,none,none,none,moderate,Introduce passenger speed preference cap on outstation trips
CB059,auto driver demanded double fare during evening rain claiming waterlogging in sector roads useless transport monopoly,english,cab_transport,complaint,negative,fare,high_fare,medium,mild,Regulate fare gouging by auto drivers during rainfall,
CB060,"The cab arrived promptly and was clean, though the driver played devotional chants on high volume despite requests to lower sound.",english,cab_transport,appreciation,mixed,driver,poor_communication,low,none,moderate,Instruct drivers to respect passenger cabin volume preferences
CB061,refund kab aayega?? trip driver ne cancel kiya tha aur 50 rs mere account se cut gye,hinglish,cab_transport,question,negative,refund,refund_delay,medium,none,simple,Automate immediate reversal of wrongful cancellation fees
CB062,"Electric sedan used zero fossil fuels, smooth regenerative braking, clean eco-friendly commute across the tech park.",english,cab_transport,appreciation,positive,vehicle,none,none,none,simple,none
CB063,"In-app emergency SOS button failed to connect to emergency response desk, displaying continuous network timeout error.",english,cab_transport,complaint,negative,safety,app_issue,high,none,moderate,Ensure emergency SOS links maintain redundant cloud fallbacks
CB064,driver ne AC chalu karne ke 100 rupay extra maange cash me bolta company AC allow nahi karti,hinglish,cab_transport,complaint,negative,vehicle,unexpected_charge,medium,none,moderate,Clarify all-inclusive AC policies strictly to drivers
CB065,Are corporate discount coupon codes applicable on shared shuttle bookings between business parks?,english,cab_transport,question,neutral,fare,none,none,none,moderate,none
CB066,"Driver stopped at green traffic lights to search for dropped gutka pouch under dashboard, dangerous carelessness.",english,cab_transport,complaint,negative,safety,safety,high,none,moderate,Prohibit chewing tobacco and distractions while operating cabs
CB067,"The night ride from airport was peaceful, driver maintained steady 70 km/h cruising speed and used high beams responsibly.",english,cab_transport,appreciation,positive,safety,none,none,none,moderate,none
CB068,bhai extra luggage carrier ka 150 rupay charge kiya par car me overhead carrier tha hi nahi,hinglish,cab_transport,complaint,negative,fare,unexpected_charge,low,none,moderate,Verify physical equipment before levying ancillary luggage charges
CB069,"The ride arrived very quickly, although the smell of stale air and closed cabin humidity required rolling down all windows.",english,cab_transport,complaint,mixed,vehicle_cleanliness,unclean_vehicle,low,none,complex,Air out vehicle interiors between passenger dispatches
CB070,How long does it take for lost item retrieval tickets to be assigned to field tracking agents?,english,cab_transport,question,neutral,customer_support,none,none,none,moderate,none
CB071,"Driver fell asleep briefly at the wheel on outer ring road, vehicle drifted onto rumble strips before passenger shouted.",english,cab_transport,complaint,negative,safety,safety,high,none,moderate,Enforce maximum daily driving shift hours for cab partners
CB072,auto ride was quick through street traffic but vehicle rattles violently at speeds over 40 kmph,english,cab_transport,complaint,mixed,vehicle_condition,poor_vehicle_condition,low,none,simple,Maintain auto-rickshaw body mounts and shock dampers
CB073,subah 6 baje cab book ki thi 2 minute me driver gate pe pahunch gaya super fast service,hinglish,cab_transport,appreciation,positive,pickup,none,none,none,simple,none
CB074,Ride booking platforms should allow pre-setting AC temperature preferences directly while confirming the trip.,english,cab_transport,suggestion,neutral,vehicle,none,none,none,moderate,Add passenger AC temperature preference in booking options
CB075,cab me se heavy cigarette smoke smell aa rahi thi driver ne window open karne se bhi mana kiya,hinglish,cab_transport,complaint,negative,vehicle_cleanliness,unclean_vehicle,high,none,simple,Strictly enforce smoke-free vehicle mandates across fleet
CB076,Driver deliberately took longer state highway route avoiding new toll expressway to inflate metered distance billing.,english,cab_transport,complaint,negative,navigation,long_route,high,none,moderate,Audit circuitous routes and adjust overcharged fares automatically
CB077,"The driver handled luggage respectfully, verified destination landmark patiently, and avoided sudden braking.",english,cab_transport,appreciation,positive,driver,none,none,none,moderate,none
CB078,Does the outstation booking include commercial state entry border tax permits in the upfront estimate?,english,cab_transport,question,neutral,fare,none,none,none,moderate,none
CB079,"I wouldn't describe the driver as impolite, but playing loud phone speaker voice notes during the entire trip was distracting.",english,cab_transport,complaint,mixed,driver,poor_communication,low,none,complex,Instruct drivers to use earpieces for private communications
CB080,fraud driver entered destination manually marked trip completed and vanished with advance fare without picking me up thief,english,cab_transport,complaint,negative,driver,payment_issue,high,severe,Mandate start-trip OTP verification before trip progression,
CB081,"Smooth drop off right in front of metro concourse escalator, driver assisted with shopping trolley comfortably.",english,cab_transport,appreciation,positive,dropoff,none,none,none,simple,none
CB082,app me live vehicle tracking freeze ho jata hai driver car moving dikhti hi nahi fix this glitch,hinglish,cab_transport,complaint,negative,tracking,tracking_issue,medium,none,simple,Optimize vehicle position telemetry on passenger map
CB083,"The electric cab provided a whisper-quiet ride, though the driver declined turning on heater during chilly winter morning.",english,cab_transport,appreciation,mixed,vehicle,vehicle_problem,none,none,complex,Ensure vehicle climate control covers both cooling and heating
CB084,Are shared shuttle cabs permitted to pick up passengers inside commercial special economic zone gates?,english,cab_transport,question,neutral,pickup,none,none,none,moderate,none
CB085,bhai auto ka tyre puncture ho gaya beech raste me doosri auto book karni padi extra fare laga,hinglish,cab_transport,complaint,negative,vehicle_condition,vehicle_problem,low,none,moderate,Compensate passengers when trip terminates prematurely due to breakdown
CB086,"Driver navigated through narrow market alleys with exceptional spatial judgment, zero jerks, very calm temperament.",english,cab_transport,appreciation,positive,driver,none,none,none,simple,none
CB087,Please introduce an option to book cabs with child car safety seats for toddlers on city routes.,english,cab_transport,suggestion,neutral,safety,none,none,none,moderate,Introduce child safety seat booking category
CB088,worst transport experience ever driver was visibly intoxicated smelling of alcohol and swerving violently across expressway lanes,english,cab_transport,complaint,negative,safety,safety,high,severe,Implement mandatory spot breathalyzer checks at transport hubs,
CB089,booked prime sedan received cramped hatchback with rattling tailgate and broken boot latch,hinglish,cab_transport,complaint,negative,vehicle,poor_vehicle_condition,medium,none,simple,Ensure dispatched vehicle category matches booked tier
CB090,"A pleasant late night commute from office, verified driver details matched identity badge on windscreen perfectly.",english,cab_transport,informational,positive,safety,none,none,none,simple,none
CB091,bhai cab time pe aayi par windshield itni gandi thi night glare me kuch dikh nahi raha tha unsafe ride,hinglish,cab_transport,complaint,mixed,safety,poor_vehicle_condition,low,none,moderate,Ensure commercial windscreens are clean and scratch-free
CB092,Why did the final bill include a state border entry tax when the journey was entirely within municipal city limits?,english,cab_transport,question,negative,fare,unexpected_charge,medium,none,moderate,Verify municipal boundary geospatial fences against false toll debits
CB093,The spacious multi-utility vehicle seated our family of six comfortably with plenty of room for heavy airport suitcases.,english,cab_transport,appreciation,positive,vehicle,none,none,none,moderate,none
CB094,bhai pickup pin correct dali thi par driver ne call karke bola 'andar nahi aaunga main road pe aao',hinglish,cab_transport,complaint,negative,pickup,wrong_pickup_location,medium,none,moderate,Instruct drivers to complete doorstep pickups inside layouts
CB095,"Not exactly the quickest route taken through city traffic, but the driver remained calm and avoided aggressive honking.",english,cab_transport,informational,mixed,driver,none,low,none,complex,none
CB096,driver was overspeeding at 110 kmph in 60 zone constantly tailgating and flashing headlights aggressively,english,cab_transport,complaint,negative,safety,safety,high,none,moderate,Enforce speed governor limits on fleet taxis
CB097,auto booking accept hone ke baad driver ne WhatsApp pe QR code bhej kar direct payment maangi,hinglish,cab_transport,complaint,negative,payment,payment_issue,low,none,moderate,Prohibit off-platform payment solicitations by drivers
CB098,Can passengers link corporate billing profiles directly to scheduled multi-city outstation itineraries?,english,cab_transport,question,neutral,booking,none,none,none,moderate,none
CB099,"Exemplary service, driver located my forgotten prescription spectacles on rear floorboard and returned them within an hour.",english,cab_transport,appreciation,positive,driver,none,none,none,simple,none
CB100,bhai ride start hote hi driver ne bola 'offline chalte hain app cancel kar do' customer security ka mazak bana rakha hai,hinglish,cab_transport,complaint,negative,safety,communication_issue,medium,none,moderate,Penalize drivers soliciting off-app cash trips
CB101,"Front passenger door was jammed shut and child lock was active on rear doors, creating an entrapment hazard.",english,cab_transport,complaint,negative,safety,poor_vehicle_condition,high,none,moderate,Ensure all vehicle doors open freely from interior latches
CB102,"driver drove at steady pace, played pleasant classical instrumental music on low volume, relaxing airport commute.",english,cab_transport,appreciation,positive,driver,none,none,none,simple,none
CB103,bhai auto me digital meter fast chal raha tha 5 km ka distance 8 km show karke overcharge kiya,hinglish,cab_transport,complaint,negative,fare,high_fare,medium,none,simple,Calibrate and inspect digital meter telemetry periodically
CB104,Please mention the estimated toll plaza waiting time on airport navigation routes before booking confirmation.,english,cab_transport,suggestion,neutral,navigation,none,none,none,moderate,Include toll booth queue estimates in trip duration
CB105,Where do I submit lost property claims if the driver has switched off his registered mobile number after trip?,english,cab_transport,question,neutral,customer_support,none,none,none,moderate,none
CB106,"Super quick turnaround, booked auto at 8:00 AM, driver reached front porch at 8:02 AM, reached clinic on time.",english,cab_transport,appreciation,positive,pickup,none,none,none,simple,none
CB107,"The cab trunk was leaking rainwater through worn rubber gaskets, soaking my fabric travel bags and laptop case.",english,cab_transport,complaint,negative,vehicle,poor_vehicle_condition,medium,none,moderate,Inspect luggage compartment weather-stripping on fleet cars
CB108,bhai driver ne beech raste me car roki aur bola 'gas bharwani hai 15 minute lagenge' emergency airport trip pe,hinglish,cab_transport,complaint,negative,ride,ride_time,high,none,simple,Prohibit en-route refueling during scheduled airport trips
CB109,"While the driver was thoroughly professional, the interior cabin had a strong smell of cheap chemical air freshener causing headache.",english,cab_transport,complaint,mixed,vehicle_cleanliness,unclean_vehicle,low,none,complex,Use mild hypoallergenic fragrance diffusers in cabs
CB110,The driver politely assisted my physically challenged uncle into the front bucket seat and folded wheelchair into boot safely.,english,cab_transport,appreciation,positive,driver,none,none,none,moderate,none
CB111,cancellation fee erroneously charged due to driver moving away from pickup was credited back within fifteen minutes.,english,cab_transport,appreciation,positive,refund,none,none,none,moderate,none
CB112,driver demanded 50 rupees extra for switching on AC during 42 degree heatwave claiming company rates exclude cooling,hinglish,cab_transport,complaint,negative,vehicle,unexpected_charge,medium,none,simple,Ensure strict compliance with all-inclusive air conditioning rules
CB113,Why is toll charge calculated twice when booking a return airport round-trip crossing the same toll gate within two hours?,english,cab_transport,question,negative,fare,unexpected_charge,medium,none,moderate,Recognize same-day return concession fares at toll plazas
CB114,Allow riders to save specific complex housing society gates as custom named pickup points on user profile.,english,cab_transport,suggestion,neutral,pickup,none,none,none,moderate,Enable custom housing society gate naming on map
CB115,"The vehicle was modern and spacious, but the driver continually argued on phone with his family via dashboard speaker.",english,cab_transport,complaint,mixed,driver,poor_communication,low,none,moderate,Prohibit personal telephone conversations on speakerphone while driving
CB116,bhai driver ne hospital drop karne se mana kiya bolta wahan traffic rehta hai walk karke jao elderly patient ke sath,hinglish,cab_transport,complaint,negative,dropoff,poor_communication,high,none,simple,Enforce complete drop-off to hospital entrance doors
CB117,"Impeccable driving, chauffeur maintained smooth braking, navigated highway bypass effortlessly, very comforting journey.",english,cab_transport,appreciation,positive,driver,none,none,none,moderate,none
CB118,cab driver verbally abused and physically pushed my elderly mother when she took extra minute to exit rear door disgraceful goon,english,cab_transport,complaint,negative,driver,poor_communication,high,severe,Permanently ban drivers resorting to physical aggression,
CB119,Can corporate travellers split trip invoices between personal card and official expense portal directly on app?,english,cab_transport,question,neutral,payment,none,none,none,moderate,none
CB120,cab booking accept hui turant aur driver ne bina call kiye exact pickup spot pe car park kardi,hinglish,cab_transport,appreciation,positive,pickup,none,none,none,simple,none
CB121,"The driver was courteous and helped with packages, though the car's horn sounded hoarse and barely warned pedestrians.",english,cab_transport,complaint,mixed,vehicle_condition,poor_vehicle_condition,low,none,moderate,Inspect acoustic horn function during routine maintenance
CB122,fraud driver took passenger to ATM machine demanded full cash withdrawal and snatched phone to mark trip paid criminal robber,english,cab_transport,complaint,negative,safety,payment_issue,high,severe,Immediate blacklisting and criminal FIR against rogue drivers,
CB123,Include an option to request quiet rides without any driver conversation or radio music for work productivity.,english,cab_transport,suggestion,neutral,ride,none,none,none,moderate,Add quiet commute preference toggle in booking flow
CB124,"electric auto was smooth, zero exhaust fumes, vibration free, and driver charged strictly as displayed on app.",english,cab_transport,appreciation,positive,vehicle,none,none,none,simple,none
CB125,bhai driver ne GPS navigation band kar di aur wrong flyover chad gaya 30 minute extra lag gaye reach karne me,hinglish,cab_transport,complaint,negative,navigation,wrong_route,medium,none,simple,Mandate continuous adherence to in-app GPS routing
CB126,Is there a wait-time charge waiver if the incoming flight lands with a verified one-hour tarmac delay?,english,cab_transport,question,neutral,waiting_time,none,none,none,moderate,none
CB127,"I was charged a hundred rupees cleaning fee with blurry photos of someone else's car interior, unfair bogus deduction.",english,cab_transport,complaint,negative,fare,unexpected_charge,high,none,moderate,Verify timestamped metadata before approving vehicle cleaning fees
CB128,"Smooth intercity outstation ride, driver took pre-designated expressway, stopped at clean hygienic food courts, very reassuring.",english,cab_transport,appreciation,positive,ride,none,none,none,simple,none
CB129,bhaiya driver ne highway pe puncture hone ke baad 10 minute me spare wheel change kar diya very skilled driver,hinglish,cab_transport,appreciation,positive,driver,none,none,none,simple,none
CB130,"The car was mechanical sound and clean, though the driver kept his high-beam headlights on permanently, blinding oncoming traffic.",english,cab_transport,complaint,mixed,safety,safety,low,none,complex,Educate fleet drivers regarding courteous high-beam etiquette
CB131,customer support agent refused to refund cancellation fee when driver clearly drove in opposite direction for twenty minutes,english,cab_transport,complaint,negative,customer_support,support_delay,high,none,moderate,Automate cancellation fee waiver when driver moves away from pickup
CB132,kya railway station parcel booking ke liye commercial cabs me oversized cardboard cartons le jana permitted hai?,hinglish,cab_transport,question,neutral,vehicle,none,none,none,moderate,none
CB133,"Clean hatchback, working air conditioning, driver maintained safe distance behind commercial trucks on ring road.",english,cab_transport,appreciation,positive,safety,none,none,none,moderate,none
CB134,rear suspension was so deteriorated that every minor pothole transmitted direct jarring shocks to passenger lower spine,english,cab_transport,complaint,negative,vehicle_condition,poor_vehicle_condition,medium,none,moderate,Retire vehicles with worn out suspension components
CB135,bhai drop off location metro gate pe thi par driver ne 200 meter pehle red light pe utar diya bolta traffic hai,hinglish,cab_transport,complaint,negative,dropoff,poor_communication,medium,none,moderate,Mandate drop-off strictly at specified geofenced destinations
CB136,Transport platforms should allow riders to report non-working seatbelts immediately via simple one-tap safety prompt.,english,cab_transport,suggestion,neutral,safety,none,none,none,moderate,Add dedicated non-working seatbelt report button
CB137,"The driver handled early morning fog with extreme caution, using fog lamps and maintaining safe following distance on expressway.",english,cab_transport,appreciation,positive,safety,none,none,none,moderate,none
CB138,How can a passenger change active payment method from cash to linked digital wallet midway through a trip?,english,cab_transport,question,neutral,payment,none,none,none,simple,none
CB139,auto ride was okay okay type but fare felt slightly inflated compared to standard street hailing meters,hinglish,cab_transport,complaint,mixed,fare,high_fare,low,none,simple,none
CB140,"The driver waited patiently at the airport arrivals pickup pillar, verified my name code, and loaded heavy cases effortlessly.",english,cab_transport,appreciation,positive,pickup,none,none,none,moderate,none
CB141,bhai cab me petrol khatam ho gaya flyover pe 20 minute dhoop me khade rehna pada driver ki laparwahi ki wajah se,hinglish,cab_transport,complaint,negative,vehicle_condition,vehicle_problem,high,none,simple,Mandate minimum quarter-tank fuel levels before accepting trips
CB142,Never using this cab service again driver smelled of cheap alcohol and ran red lights repeatedly dangerous life risk,english,cab_transport,complaint,negative,safety,safety,high,severe,Perform random breathalyzer sobriety tests on active drivers,
CB143,Is Aadhaar authentication mandatory for booking inter-state outstation cab travel across provincial borders?,english,cab_transport,question,neutral,booking,none,none,none,moderate,none
CB144,"Consistent 60 km/h driving, clean seat fabrics, smooth deceleration at zebra crossings, highly professional transport experience.",english,cab_transport,appreciation,positive,safety,none,none,none,simple,none
CB145,"The cab arrived on schedule, but the boot was half-filled with spare engine oil cans and cleaning rags limiting space.",english,cab_transport,complaint,mixed,vehicle,vehicle_cleanliness,low,none,moderate,Ensure luggage boot compartments are clean and empty
CB146,bhai ride booking cancel ho gayi 3 baar consecutively koi driver accept karne ko taiyar nahi tha office delay ho gaya,hinglish,cab_transport,complaint,negative,availability,low_availability,medium,none,moderate,Improve driver supply incentives in high-demand office zones
CB147,"Great driving on expressway overall, though the driver did not have change for five hundred rupee currency note.",english,cab_transport,informational,mixed,payment,payment_issue,low,none,simple,none
CB148,Customer care desk took six days to process a refund for an unauthorized duplicate wallet debit during a cab ride.,english,cab_transport,complaint,negative,refund,refund_delay,medium,none,moderate,Process duplicate trip debit refunds within twenty-four hours
CB149,cab booking instant accept ho gayi AC bhi full chill chal raha tha smooth morning commute,hinglish,cab_transport,appreciation,positive,ride,none,none,none,simple,none
CB150,Cab aggregators should display estimated highway toll plaza charges upfront separately from base fare calculation.,english,cab_transport,suggestion,neutral,fare,none,none,none,moderate,Itemize highway toll charges separately on fare breakdown
CB151,bhai car ka AC filter itna choked tha ki hawa aane ki jagah ajeeb foul smell nikal rahi thi,hinglish,cab_transport,complaint,negative,vehicle_cleanliness,unclean_vehicle,medium,none,simple,Clean and sanitize automotive AC cabin filters periodically
CB152,"The driver chose the elevated toll expressway, bypassing urban traffic congestion completely and reaching destination in half the time.",english,cab_transport,appreciation,positive,navigation,none,none,none,moderate,none
CB153,Does the platform provide commercial goods carriage options for shifting small household cartons across town?,english,cab_transport,question,neutral,booking,none,none,none,moderate,none
CB154,"The vehicle was spotless and driver was courteous, but the ride cost was doubled due to unexpected evening rain surge.",english,cab_transport,complaint,mixed,surge_pricing,surge_price,low,none,simple,none
CB155,bhai UPI payment execute ho gaya par driver ka app offline tha usne dobara cash maang liya double payment ho gayi,hinglish,cab_transport,complaint,negative,payment,payment_issue,high,none,moderate,Provide instant digital payment reconciliation on driver app
CB156,"Self-care ride receipt is clear and detailed, displaying exact GPS route map, toll breakdown, and driver credentials.",english,cab_transport,appreciation,positive,app,none,none,none,moderate,none
CB157,"terrible cab service, driver refused to proceed unless I cancelled ride on app and paid him four hundred cash directly",english,cab_transport,complaint,negative,driver,payment_issue,medium,none,moderate,Penalize drivers demanding app cancellation for offline trips
CB158,bhai driver ne airport toll bypass karke local village route se le gaya time bacha aur ride smooth rahi,hinglish,cab_transport,appreciation,positive,navigation,none,none,none,simple,none
CB159,Does this transport service provide child booster seats for long-distance outstation travel when requested during reservation?,english,cab_transport,question,neutral,safety,none,none,none,complex,none
CB160,"Auto driver was extremely abrasive, demanded twenty rupees extra above metered fare claiming return journey emptiness.",english,cab_transport,complaint,negative,fare,unexpected_charge,medium,mild,Abolish arbitrary return-fare demands by commercial auto drivers,
CB161,"The electric sedan accelerates smoothly and quietly, though the rear passenger window was stuck half-open during rain.",english,cab_transport,complaint,mixed,vehicle_condition,poor_vehicle_condition,low,none,moderate,Ensure all passenger window mechanisms operate smoothly
CB162,"clean air-conditioned cab, driver confirmed customer name respectfully, followed designated GPS route without argument.",english,cab_transport,appreciation,positive,driver,none,none,none,simple,none
CB163,bhai discount promo code checkout pe lagaya tha par final invoice me standard surge charge laga diya fake discounts,hinglish,cab_transport,complaint,negative,fare,unexpected_charge,medium,mild,Ensure validated promo codes apply reliably against final bills,
CB164,Provide an option on the booking screen to request drivers who do not chew tobacco or betel nut while driving.,english,cab_transport,suggestion,neutral,driver,none,none,none,moderate,Enforce strict non-tobacco mandates across commercial fleet
CB165,How can an enterprise customer download monthly consolidated GST invoices for company transport reimbursements?,english,cab_transport,question,neutral,customer_support,none,none,none,simple,none
CB166,"Super fast pickup, driver was already parked at the terminal taxi rank and assisted with heavy medical cartons.",english,cab_transport,appreciation,positive,pickup,none,none,none,moderate,none
CB167,bhai driver ne car me personal speaker pe loud commercial Bhojpuri music chala rakha tha request karne pe bhi band nahi kiya,hinglish,cab_transport,complaint,negative,driver,poor_communication,medium,none,moderate,Instruct drivers to turn off personal music upon passenger request
CB168,"The vehicle condition was roadworthy, though the back seat had faint dog hair left by a previous traveler.",english,cab_transport,informational,neutral,vehicle_cleanliness,unclean_vehicle,low,none,simple,none
CB169,"front passenger seatbelt was cut and tied into a knot to bypass seatbelt warning chime, alarming safety violation",english,cab_transport,complaint,negative,safety,poor_vehicle_condition,high,none,moderate,Prohibit tampering with passenger seatbelt assemblies
CB170,"Driver drove with exceptional care through heavy monsoon waterlogged avenues, avoiding engine water ingestion calmly.",english,cab_transport,appreciation,positive,safety,none,none,none,complex,none
CB171,bhai scheduled cab subah 5 baje aani thi driver ne 4:55 pe cancel kardi flight miss hote hote bachi,hinglish,cab_transport,complaint,negative,cancellation,driver_cancelled,high,none,moderate,Guarantee vehicle availability for scheduled airport bookings
CB172,"Although the cab arrived on time and the cabin was clean, the driver continually complained about low platform commission rates.",english,cab_transport,complaint,mixed,driver,poor_communication,medium,none,complex,Advise drivers against airing platform commission grievances to riders
CB173,Customer support desk immediately credited the erroneous cancellation charge within five minutes of lodging in-app ticket.,english,cab_transport,appreciation,positive,refund,none,none,none,moderate,none
CB174,bhai auto driver ne rash driving ki signal jump kiya aur footpath pe chada diya auto severe safety hazard,hinglish,cab_transport,complaint,negative,safety,safety,high,none,simple,Enforce strict driving penalties for footpath riding and signal jumps
CB175,Transport aggregators should show vehicle registration plate numbers in high-contrast large font on booking screens.,english,cab_transport,suggestion,neutral,app,none,none,none,moderate,Display vehicle registration numbers in prominent font
CB176,Is the commercial passenger vehicle insured with valid comprehensive third-party passenger liability coverage?,english,cab_transport,question,neutral,safety,none,none,none,moderate,none
CB177,"Punctual morning pickup, polite driver, immaculate sedan, and smooth cruise across the expressway to international departures.",english,cab_transport,appreciation,positive,ride,none,none,none,simple,none
CB178,bhai driver ne drop location se 1 km pehle hi drop kar diya bolta aage one-way hai khud paidal jao,hinglish,cab_transport,complaint,negative,dropoff,poor_communication,high,none,moderate,Ensure drivers navigate one-way loops to complete exact drops
CB179,"The hatchback was clean, but the trunk space was entirely occupied by driver's personal sleeping mattress and tools.",english,cab_transport,complaint,mixed,vehicle,vehicle_problem,low,none,moderate,Ensure commercial cab boots remain clear for passenger luggage
CB180,utter rubbish service driver demanded cash at night threatened passenger with iron rod when refused shameless criminal thugs,english,cab_transport,complaint,negative,safety,poor_communication,high,severe,Immediate permanent blacklisting and police reporting for violent drivers,
CB181,"The chauffeur maintained steady 65 km/h speed, avoided hard braking, and opened passenger door respectfully upon destination arrival.",english,cab_transport,appreciation,positive,driver,none,none,none,moderate,none
CB182,kya outstation round-trip bookings me night driving allowance automatically bill me include rehta hai?,hinglish,cab_transport,question,neutral,fare,none,none,none,simple,none
CB183,"Driver greeted politely, helped load three oversized luggage cases into the carrier, and drove with smooth composure.",english,cab_transport,appreciation,positive,driver,none,none,none,simple,none
CB184,"air conditioning was totally defunct in sweltering 44-degree summer heat, driver refused to roll down passenger windows",english,cab_transport,complaint,negative,vehicle,vehicle_problem,high,none,moderate,De-list vehicles with non-functional AC during peak summer
CB185,bhai driver continuous WhatsApp video call pe baat kar raha tha driving karte waqt zero safety concern,hinglish,cab_transport,complaint,negative,safety,safety,high,mild,Strictly prohibit video calling on handsets while operating cabs,
CB186,Can ride booking apps allow passengers to request drivers fluent in specific regional languages for elderly parents?,english,cab_transport,suggestion,neutral,driver,none,none,none,moderate,Add optional regional language driver matching
CB187,"The morning airport ride was punctual, though the driver took a bumpy interior dirt road to save twenty rupees toll.",english,cab_transport,appreciation,mixed,navigation,long_route,low,none,complex,Prioritize smooth expressway routing over minor toll avoidance
CB188,"booked sedan at 9:00 AM, arrived at 9:04 AM, and dropped off safely at central railway station at 9:45 AM.",english,cab_transport,informational,positive,ride_time,none,none,none,simple,none
CB189,bhaiya driver ne highway toll slip transparently show ki aur bill me exact toll amount add karwaya honest staff,hinglish,cab_transport,appreciation,positive,fare,none,none,none,moderate,none
CB190,Why is convenience booking fee charged on cancellation when the driver failed to move from his location for twenty minutes?,english,cab_transport,question,neutral,fare,unexpected_charge,none,none,moderate,Waive convenience booking fees on driver-induced cancellations
CB191,"The driver braked abruptly on highway while glancing down at second mobile phone, almost causing rear-end collision by container truck.",english,cab_transport,complaint,negative,safety,safety,high,none,moderate,Enforce strict rules against using multiple personal devices while driving
CB192,"Pristine electric sedan, zero engine noise, comfortable leatherette seats, driver drove with utmost maturity and caution.",english,cab_transport,appreciation,positive,vehicle,none,none,none,moderate,none
CB193,bhai auto meter 60 rupay dikha raha tha par app ne automated fare 140 rupay charge kar liya 2x surge ke naam pe,hinglish,cab_transport,complaint,mixed,fare,high_fare,medium,none,simple,Rationalize app auto fares against physical metered rates
CB194,Please give an option in booking app to select roof-rack mounted cabs for passengers carrying sports gear or large boxes.,english,cab_transport,suggestion,neutral,vehicle,none,none,none,moderate,Add selectable roof luggage carrier filter in booking app
CB195,I wouldn't recommend this cab tier if you require guaranteed trunk space for multiple large hard-shell suitcases.,english,cab_transport,complaint,negative,vehicle,vehicle_problem,low,none,moderate,none
CB196,bhai cancelled ride ka refund bank account me aane me 7 din kyu lagte hain UPI se instant kyu nahi hota?,hinglish,cab_transport,question,negative,refund,refund_delay,medium,none,moderate,Speed up banking reversals for cancelled ride holds
CB197,"Great flat-rate discount on early morning railway station commute, saved around one hundred and fifty rupees on standard fare.",english,cab_transport,appreciation,positive,fare,none,none,none,simple,none
CB198,"The sedan was clean and driver was polite, but the rear suspension bottomed out loudly on every single highway flyover expansion joint.",english,cab_transport,complaint,mixed,vehicle_condition,poor_vehicle_condition,low,none,moderate,Inspect rear suspension damping on commercial sedans
CB199,"auto driver demanded fifty rupees extra cash bribe claiming heavy luggage handling, rude and extortionist behavior",english,cab_transport,complaint,negative,fare,unexpected_charge,medium,severe,Prohibit arbitrary unmetered luggage surcharges by auto drivers,
CB200,"The driver arrived right on time, vehicle smelled fresh, climate control was perfect, and reached airport with ample time to spare.",english,cab_transport,appreciation,positive,pickup,none,none,none,moderate,none
CB201,bhai kya ride booking app pe recurring daily office commute schedule karne ka auto-booking feature hai?,hinglish,cab_transport,suggestion,neutral,booking,none,none,none,moderate,Introduce daily automated office commute scheduling
CB202,"The driver was skilled and drove safely, but the front passenger seat was pushed all the way back, cramping rear legroom.",english,cab_transport,complaint,mixed,vehicle,vehicle_problem,low,none,moderate,Ensure front passenger seats are adjusted forward to clear legroom
CB203,"Found sticky spilled cold drink residue on the rear seat cushion, staining my formal office trousers on way to interview.",english,cab_transport,complaint,negative,vehicle_cleanliness,unclean_vehicle,high,none,moderate,Ensure vehicle seats are wiped and inspected between passenger trips
CB204,"Fast dispute resolution, erroneous cancellation penalty of fifty rupees was reversed to digital wallet balance within three minutes.",english,cab_transport,appreciation,positive,refund,none,none,none,simple,none
CB205,bhai pickup pin main gate pe thi par driver rear service gate pe khada raha call karke argue karne laga,hinglish,cab_transport,complaint,negative,pickup,wrong_pickup_location,medium,none,simple,Improve pinpoint navigation accuracy for gated housing societies
CB206,Does this outstation cab booking service provide inter-state commercial permit taxes included within the upfront quoted fare?,english,cab_transport,question,neutral,fare,none,none,none,moderate,none
CB207,"Honestly, the morning shared shuttle was surprisingly punctual and clean, providing a comfortable budget-friendly office commute.",english,cab_transport,appreciation,positive,ride,none,none,none,moderate,none
CB208,bhai app me live route navigation freeze ho gaya driver ko turn miss hone ke baad pata chala glitchy app,hinglish,cab_transport,complaint,negative,app,tracking_issue,medium,none,moderate,Improve navigation app stability to prevent route freeze
CB209,Ride booking apps should show driver customer-rating history alongside number of completed lifetime trips on confirmation card.,english,cab_transport,suggestion,neutral,app,none,none,none,moderate,Display driver lifetime trip counts alongside star ratings
CB210,"The cab looked presentable from outside, but the engine emitted an unbearable burning oil odor through the AC vents during transit.",english,cab_transport,complaint,negative,vehicle_condition,poor_vehicle_condition,low,none,moderate,Inspect exhaust and engine oil leaks on commercial fleet
CB211,"Quick and polite service, driver arrived within two minutes of booking, car was pristine, reached hospital without delay.",english,cab_transport,appreciation,positive,pickup,none,none,none,simple,none
CB212,bhai driver ne luggage dekh kar bola 'extra 200 lagenge वरना trip cancel kar do' railway station ke bahar harassment,hinglish,cab_transport,complaint,negative,fare,unexpected_charge,high,none,moderate,Take strict action against drivers extorting luggage cash
CB213,Can an ongoing city cab trip be extended to an outstation booking directly from the passenger app interface?,english,cab_transport,question,neutral,booking,none,none,none,moderate,none
CB214,"The electric taxi ride was smooth and emission-free, though the driver had to stop at a fast-charging hub for twenty minutes.",english,cab_transport,complaint,mixed,ride,ride_time,medium,none,moderate,Ensure electric cabs have sufficient charge before trip dispatch
CB215,"Disgusting hygiene, rear floor mat was drenched with chewing tobacco spit, threw away my canvas office bag immediately.",english,cab_transport,complaint,negative,vehicle_cleanliness,unclean_vehicle,high,severe,Terminate vehicles violating basic passenger cabin hygiene,
CB216,bhai 5 minute me cab aa gayi AC ekdum chill chal raha tha driving bhi safe thi 5 star service,hinglish,cab_transport,appreciation,positive,ride,none,none,none,simple,none
CB217,"Customer support desk took twelve days to respond to my complaint regarding a driver overcharging for toll taxes, useless team.",english,telecom_internet,complaint,negative,customer_support,support_delay,medium,none,moderate,Resolve overcharging complaints within twenty-four hours
CB218,Include an option to report vehicle mechanical problems like non-functional horns or loose wipers directly inside the app feedback.,english,cab_transport,suggestion,neutral,vehicle_condition,none,none,none,moderate,Add vehicle mechanical fault checklist in trip rating
CB219,Is there a night surcharge applied for city auto-rickshaw rides booked between 11 PM and 5 AM?,english,cab_transport,question,neutral,fare,none,none,none,moderate,none
CB220,"The driver was polite and drove gently, though the rear window glass rattled continuously against its frame over highway bumps.",english,cab_transport,appreciation,mixed,vehicle_condition,poor_vehicle_condition,none,none,complex,Fasten loose door glass beadings to eliminate rattling
CB221,bhai cab book ki driver 15 minute stationary khada raha call kiya to bola 'gas bharwa raha hu wait karo ya cancel karo',hinglish,cab_transport,complaint,negative,pickup,driver_late,high,mild,Penalize drivers accepting bookings while refueling,
CB222,"The premium sedan arrived spotless, chauffeur wore a clean uniform, assisted with doors, and offered sanitized tissue wipes.",english,cab_transport,appreciation,positive,driver,none,none,none,moderate,none
CB223,"Vehicle brakes failed while descending steep flyover ramp, driver managed to stop using handbrake, terrifying safety near-miss.",english,cab_transport,complaint,negative,safety,poor_vehicle_condition,high,none,moderate,Conduct mandatory brake pad inspections on commercial cabs
CB224,bhai app me driver distance 2 minute show karta raha par actual me driver ko aane me 25 minute lag gaye inaccurate tracking,hinglish,cab_transport,question,negative,tracking,tracking_issue,medium,none,moderate,Improve driver ETA tracking algorithm accuracy
CB225,"The cab was clean and comfortable, but the driver continually grumbled about high platform commission fees throughout the ride.",english,cab_transport,complaint,mixed,driver,poor_communication,low,none,simple,Instruct drivers against discussing platform fees with passengers
CB226,"Super smooth ride, driver observed bus lane restrictions, avoided unnecessary honking, and reached corporate park safely.",english,cab_transport,appreciation,positive,safety,none,none,none,simple,none
CB227,bhai driver ne digital payment lene se mana kiya aur bola 'cash nahi hai to ride cancel karo' rude attitude,hinglish,cab_transport,complaint,negative,payment,payment_issue,low,none,simple,Enforce universal acceptance of digital payments by drivers
CB228,Transport apps should allow passengers to share a live tracking link directly with emergency contacts via automated SMS.,english,cab_transport,suggestion,neutral,safety,none,none,none,moderate,Enable automated live trip tracking SMS to contacts
CB229,"The driver navigated through heavy evening rain with extreme patience, defogged windscreen clearly, and dropped passenger safely at porch.",english,cab_transport,appreciation,positive,driver,none,none,none,moderate,none
CB230,"The cab was filled with dense mosquito swarms due to windows left open near swampy pickup point, making ride unbearable.",english,cab_transport,complaint,negative,vehicle_cleanliness,unclean_vehicle,medium,none,moderate,Keep cab windows closed in insect-dense pickup zones
CB231,bhai kya scheduled outstation cab cancel karne par 2 ghante pehle zero penalty cancellation policy apply hoti hai?,hinglish,cab_transport,question,neutral,cancellation,none,low,none,moderate,none
CB232,"Trip arrived on schedule, but the driver stopped at an off-app tea stall for ten minutes without passenger consent.",english,cab_transport,complaint,mixed,ride,ride_time,low,none,moderate,Prohibit unscheduled personal breaks during active rides
CB233,"Clean electric cab, silent cabin, seamless contactless payment, driver drove very professionally without a single harsh acceleration.",english,cab_transport,appreciation,positive,vehicle,none,none,none,moderate,none
CB234,bhai customer support ne ticket close kar di bina unauthorized toll deduction refund kiye shameless lazy staff,hinglish,cab_transport,complaint,negative,customer_support,support_delay,high,mild,Ensure financial dispute tickets resolve with audit proof,
CB235,Please allow passengers to report rash driving or red-light jumping live during an ongoing trip via a safety toggle.,english,cab_transport,suggestion,neutral,safety,none,none,none,moderate,Introduce live in-ride rash driving reporting prompt
CB236,Driver threatened passenger with abusive slurs and refused to unload luggage outside airport terminal until paid 500 extra extortionist scum,english,cab_transport,complaint,negative,driver,poor_communication,high,severe,Permanently blacklist abusive extortionist drivers,
CB237,"Arrived right on time for early morning domestic flight, driver handled bypass flyover efficiently, clean sedan, full marks.",english,cab_transport,appreciation,positive,ride,none,none,none,simple,none
CB238,kya railway station prepaid auto counter pe UPI QR code payment facility available rehti hai?,hinglish,cab_transport,question,neutral,payment,none,none,none,moderate,none
CB239,"The ride was reasonably comfortable, though the driver had placed a strong camphor air freshener that caused eye irritation.",english,cab_transport,complaint,mixed,vehicle_cleanliness,unclean_vehicle,low,none,complex,Use mild fragrance air fresheners in passenger cabs
CB240,bhai 100 rupay ki ride pe 250 rupay surge price laga diya barish ke bahane unreasonable pricing loot macha rakhi hai,hinglish,cab_transport,complaint,negative,surge_pricing,surge_price,medium,none,moderate,Cap arbitrary weather-based surge pricing
CB241,"Driver drove on the wrong side of the four-lane highway to bypass a three-minute traffic signal queue, extreme life hazard.",english,cab_transport,complaint,negative,safety,safety,high,none,moderate,Ban drivers violating one-way and highway lane discipline
CB242,"The chauffeur was impeccably groomed, drove at legal highway speeds, opened passenger doors, and verified route preference beforehand.",english,cab_transport,appreciation,positive,driver,none,none,none,moderate,none
CB243,Can corporate commuters book recurring monthly shared van shuttle passes directly through the mobile application?,english,cab_transport,question,neutral,booking,none,none,none,moderate,none
CB244,bhai trunk me CNG cylinder ke upar driver ne apna personal luggage rakh rakha tha passenger ke suitcases ke liye zero space,hinglish,cab_transport,complaint,negative,vehicle,vehicle_problem,medium,none,simple,Ensure luggage boots are cleared of personal driver cargo
CB245,"Not terrible at all, but the driver playing continuous radio news commentary on speaker made taking business calls difficult.",english,cab_transport,informational,mixed,driver,poor_communication,low,none,moderate,none
CB246,The driver assisted with loading heavy elderly patient wheelchair into boot gently and navigated potholes with deep care.,english,cab_transport,appreciation,positive,driver,none,none,none,moderate,none
CB247,bhai driver ne AC band karke window down kar di bolta hai engine heat ho raha hai 40 degree garmi me torture,hinglish,cab_transport,complaint,negative,vehicle,vehicle_problem,medium,none,simple,Maintain automotive cooling systems to sustain AC in heat
CB248,Transport aggregators should enforce automatic vehicle retirement for cabs older than eight years or exceeding three lakh kilometers.,english,cab_transport,suggestion,neutral,vehicle_condition,none,none,none,moderate,Enforce strict vehicle age and mileage retirement limits
CB249,"Pristine electric taxi, silent operation, driver observed pedestrian crossings, clean seats, very comforting travel.",english,cab_transport,appreciation,positive,vehicle,none,none,none,simple,none
CB250,bhai pickup location pe driver 15 minute late aaya aur arrival ke baad bola 'maine to kab ka start kar diya tha' jhooth bolta hai,hinglish,cab_transport,complaint,negative,pickup,driver_late,medium,none,moderate,Verify driver arrival timestamps with geofenced tracking
CB251,"The ride arrived promptly and driver was courteous, but the vehicle suspension creaked loudly over every single rumble strip.",english,cab_transport,complaint,mixed,vehicle_condition,poor_vehicle_condition,low,none,moderate,Service vehicle suspension components periodically
CB252,Why does the mobile app recalculate and inflate the upfront fare when the driver takes an alternate bridge suggested by app GPS?,english,cab_transport,question,negative,fare,unexpected_charge,low,none,moderate,Honor upfront locked fares regardless of GPS route changes
CB253,"Flawless airport pickup, driver held name placard at arrival gate pillar, loaded luggage, and delivered a calm expressway ride.",english,cab_transport,appreciation,positive,driver,none,none,none,moderate,none
CB254,bhai cab me front passenger seatbelt ka buckle toota hua tha safety standard bilkul zero hai,hinglish,cab_transport,complaint,negative,safety,poor_vehicle_condition,high,mild,Ensure functional passenger seatbelts across all fleet cabs,
CB255,"I wouldn't say the driver was reckless, but tailgating city buses at high speed left everyone inside anxious throughout.",english,cab_transport,complaint,mixed,safety,safety,low,none,moderate,none
CB256,Booking apps should provide a dedicated 'silent ride' toggle allowing passengers to opt out of non-essential conversation.,english,cab_transport,suggestion,neutral,ride,none,none,none,moderate,Introduce silent ride toggle on booking screen
CB257,"Chauffeur dressed in clean uniform, arrived ten minutes before early morning flight schedule, assisted with heavy bags effortlessly.",english,cab_transport,appreciation,positive,driver,none,none,none,moderate,none
CB258,bhai auto driver ne drop location se pehle hi meter down kar diya aur round-off karke extra 30 rupay demand kiye,hinglish,cab_transport,complaint,negative,fare,unexpected_charge,medium,none,simple,Prohibit premature meter terminations and arbitrary round-offs
CB259,Is it permissible to transport domesticated pet cats in secure pet carriers inside standard sedan cabs?,english,cab_transport,question,neutral,vehicle,none,none,none,moderate,none
CB260,"Clean interior, comfortable air conditioning, driver drove with disciplined lane adherence, very pleasant evening commute.",english,cab_transport,appreciation,positive,ride,none,none,none,moderate,none
CB261,pathetic transport support bot keeps repeating automated refund policy without reversing fraudulent cancellation penalty useless service,english,cab_transport,complaint,negative,customer_support,support_delay,high,severe,Ensure human review of disputed cancellation penalties,
CB262,bhai cab tyre road pe burst ho gaya speed 90 kmph thi car skid ho gayi bal bal bache severe maintenance negligence,hinglish,cab_transport,complaint,negative,safety,poor_vehicle_condition,high,none,simple,Inspect tyre tread integrity and air pressures across fleet
CB263,"Trip commenced on time, driver navigated around peak office bottlenecks using elevated arterial road, reaching workplace early.",english,cab_transport,appreciation,positive,navigation,none,none,none,moderate,none
CB264,"The vehicle was modern and clean, though the driver kept his smartphone on his lap while looking down to read text messages.",english,cab_transport,appreciation,mixed,safety,safety,low,none,complex,Mandate secure dashboard phone cradles for all drivers
CB265,Can a rider change designated drop-off destination midway through an active ride without restarting fare billing?,english,cab_transport,question,neutral,dropoff,none,none,none,moderate,none
CB266,"Driver arrived within ninety seconds of booking, opened door courteously, verified passenger name, and drove smoothly.",english,cab_transport,appreciation,positive,pickup,none,none,none,moderate,none
CB267,bhai driver ne highway toll plaza pe FASTag scan nahi hone par passenger se cash manga jabki toll fare me included tha,hinglish,cab_transport,complaint,negative,fare,unexpected_charge,medium,none,moderate,Ensure active FASTag balances on all commercial cabs
CB268,Transport platforms should allow riders to rate driving smoothness separately from vehicle cleanliness and driver demeanor.,english,cab_transport,suggestion,neutral,app,none,none,none,moderate,Provide granular multi-parameter ride rating rubrics
CB269,"Super clean electric cab, silent motor, prompt air conditioning, polite driver, zero emission city transit, full marks.",english,cab_transport,appreciation,positive,vehicle,none,none,none,simple,none
CB270,bhai cancellation penalty 75 rupay charge kardi jabki driver ne call karke bola tha 'mai nahi aa paunga cancel kar do',hinglish,cab_transport,complaint,negative,cancellation,driver_cancelled,medium,none,moderate,Waive cancellation fees when driver requests cancellation
CB271,"The driver was skilled on congested streets, but the car horn was excessively shrill and used every three seconds unnecessarily.",english,cab_transport,complaint,mixed,driver,safety,low,none,moderate,Discourage habitual unnecessary horn honking by drivers
CB272,Chauffeur navigated through dense fog on expressway using fog lights and lane markings with exemplary caution.,english,cab_transport,appreciation,positive,safety,none,none,none,moderate,none
CB273,"Authentic premier cab experience, vehicle was pristine luxury sedan, bottled water provided, smooth airport transfer.",english,cab_transport,appreciation,positive,vehicle,none,none,none,moderate,none
CB274,bhai car ka silencer toota hua tha pure raste loud deafening roar aati rahi sir dard ho gaya,hinglish,cab_transport,complaint,negative,vehicle_condition,poor_vehicle_condition,high,mild,Ensure exhaust system integrity before vehicle dispatch,
CB275,Are senior citizens entitled to priority pickup allocations during peak morning transit congestion?,english,cab_transport,question,neutral,availability,none,none,none,moderate,none
CB276,"Pickup was delayed by fifteen minutes due to railway crossing closure, but the driver called ahead calmly to inform passenger.",english,cab_transport,informational,mixed,pickup,driver_late,low,none,moderate,none
CB277,"Booked auto-rickshaw arrived in three minutes, driver adhered strictly to meter rate, clean interior, very satisfactory trip.",english,cab_transport,appreciation,positive,fare,none,none,none,simple,none
CB278,bhai driver ne AC chalane se mana kiya bola 'platform ne rate kam kar diye AC chahiye to 50 cash do' extortion,hinglish,cab_transport,complaint,negative,vehicle,unexpected_charge,medium,none,moderate,Enforce strict penalties for drivers demanding extra AC cash
CB279,Include an option to report vehicle cleanliness issues like stained upholstery directly during the post-ride survey.,english,cab_transport,suggestion,neutral,vehicle_cleanliness,none,none,none,moderate,Add dedicated seat cleanliness reporting in trip survey
CB280,"The ride was prompt and economical, though the driver had placed a strong camphor air freshener that caused mild nausea.",english,cab_transport,appreciation,mixed,vehicle_cleanliness,unclean_vehicle,low,none,moderate,Avoid overpowering chemical fragrances in passenger cabins
CB281,Worst cab service ever driver started hurling vile abuses when asked to slow down near school zone violent dangerous man,english,cab_transport,complaint,negative,safety,poor_communication,high,severe,Immediately ban drivers exhibiting aggressive roadside road rage,
CB282,bhaiya driver ne luggage safely 3rd floor lift tak pahunchane me help ki bohot helpful aur humble person tha,hinglish,cab_transport,appreciation,positive,driver,none,none,none,simple,none
CB283,Why did the customer support desk take five days to reverse an erroneous toll deduction billed on an internal city route?,english,cab_transport,question,negative,customer_support,support_delay,high,none,moderate,Resolve disputed toll deductions within twenty-four hours
CB284,"Driver fell asleep briefly on the expressway, vehicle drifted onto rumble strips before passenger intervened loudly, terrifying near-fatal lapse.",english,cab_transport,complaint,negative,safety,safety,high,none,moderate,Enforce driving hour caps to combat driver fatigue
CB285,"The electric sedan was whisper-quiet, clean seats, polite chauffeur, effortless acceleration, fantastic city commuting experience.",english,cab_transport,appreciation,positive,vehicle,none,none,none,moderate,none
CB286,bhai car ka AC cooling coil kharab thi sirf warm air throw kar raha tha 42 degree dhoop me suffocating ride,hinglish,cab_transport,complaint,negative,vehicle,vehicle_problem,low,none,moderate,Inspect cooling coil performance before summer dispatch
CB287,"Ride reached destination quickly, but the vehicle suspension creaked and groaned loudly over every single road undulation.",english,cab_transport,complaint,mixed,vehicle_condition,poor_vehicle_condition,low,none,moderate,Service aging suspension linkages across commercial cabs
CB288,Offer an option to save preferred pickup landmarks with custom voice notes for drivers navigating gated complexes.,english,cab_transport,suggestion,neutral,pickup,none,none,none,moderate,Enable voice-guided landmark instructions for drivers
CB289,"Outstanding driving discipline, chauffeur observed zebra crossings, avoided lane cutting, and ensured calm highway cruising.",english,cab_transport,appreciation,positive,safety,none,none,none,simple,none
CB290,bhai auto driver ne drop location pe aake bola 'mere paas change nahi hai 200 rakh lo 120 ke badle' daylight robbery,hinglish,cab_transport,complaint,negative,payment,payment_issue,high,none,moderate,Mandate drivers to carry cash change or accept digital UPI
CB291,"The mobile app provides accurate driver tracking, though the upfront estimated fare jumped by eighty rupees after booking confirmation.",english,cab_transport,complaint,mixed,fare,unexpected_charge,low,none,moderate,Lock upfront quoted fares without sudden booking increases
CB292,"Driver arrived right at the residential gate, assisted with loading heavy luggage, and navigated the bypass route smoothly.",english,cab_transport,appreciation,positive,pickup,none,none,none,moderate,none
CB293,fraud driver marked trip started drove empty car to destination and charged 600 rupees to saved credit card shameless thief,english,cab_transport,complaint,negative,driver,payment_issue,high,severe,Enforce OTP validation before trip commencement,
CB294,bhai cab trunk me CNG cylinder ke sath bada spare tyre rakha tha do suitcases bhi fit nahi huye luggage space zero,hinglish,cab_transport,complaint,negative,vehicle,vehicle_problem,medium,none,simple,Clearly indicate boot space limits on CNG vehicle classes
CB295,Does this outstation cab booking service include overnight interstate commercial entry permit taxes within upfront quote?,english,cab_transport,question,neutral,fare,none,none,none,moderate,none
CB296,"Prompt arrival, vehicle was sanitized and spotless, driver assisted with folding baby stroller into trunk effortlessly.",english,cab_transport,appreciation,positive,vehicle_cleanliness,none,none,none,simple,none
CB297,bhai driver ne car me personal speaker pe loud calls sunte hue ride chalayi warning dene par rude argue karne laga,hinglish,cab_transport,complaint,negative,driver,poor_communication,high,mild,Enforce rules against using speakerphones during passenger rides,
CB298,Cab aggregators should introduce a dedicated emergency SOS direct-dial button that alerts local police control rooms immediately.,english,cab_transport,suggestion,neutral,safety,none,none,none,moderate,Integrate direct police dispatch links in SOS button
CB299,"The ride arrived very quickly, but the driver took an unpaved rural bypass to avoid highway toll, resulting in bone-jarring ruts.",english,cab_transport,complaint,mixed,navigation,wrong_route,low,none,moderate,Prioritize paved highway routing over unpaved bypasses
CB300,"Smooth airport drop, arrived twenty minutes early, driver assisted with terminal luggage trolley, completely satisfied.",english,cab_transport,appreciation,positive,dropoff,none,none,none,simple,none
CB301,bhai app me ride book karte hi 'driver unavailable' show hota hai par cancellation penalty wallet se cut ho jati hai,hinglish,cab_transport,complaint,negative,app,app_issue,medium,none,moderate,Eliminate cancellation penalties on failed driver assignments
CB302,"The cab broke down in the middle of a flyover due to worn clutch plate, leaving passenger stranded in heavy morning traffic.",english,cab_transport,complaint,negative,vehicle_condition,poor_vehicle_condition,high,none,moderate,Enforce regular clutch and transmission mechanical checks
CB303,"Quiet electric taxi, comfortable seating, clear digital invoice received on email within two minutes of arrival.",english,cab_transport,appreciation,positive,vehicle,none,none,none,moderate,none
CB304,bhai auto driver ne rash cutting ki bus ke bilkul samne se accident hote hote bacha extreme careless driving,hinglish,cab_transport,complaint,negative,safety,safety,high,none,simple,Penalize aggressive lane cutting and reckless driving
CB305,"Not the newest sedan in the fleet, but the driver's calm driving style and spotless seat covers made the commute pleasant.",english,cab_transport,appreciation,mixed,driver,none,none,none,moderate,none
CB306,Can booking platforms provide an automated fare rebate when driver arrival takes more than twenty minutes past ETA?,english,cab_transport,suggestion,neutral,pickup,none,none,none,moderate,Automate fare discounts for delayed driver arrivals
CB307,"The chauffeur arrived in clean uniform, held an umbrella during heavy downpour, and guided passenger safely into cab.",english,cab_transport,appreciation,positive,driver,none,none,none,moderate,none
CB308,bhai car me seatbelt buckle broken tha accident hone par koi safety nahi thi poor maintenance,hinglish,cab_transport,complaint,negative,safety,poor_vehicle_condition,medium,none,simple,Inspect and repair broken seatbelt latch buckles
CB309,Why does the mobile app charge cancellation fees when the driver has moved two kilometers away from assigned pickup point?,english,cab_transport,question,negative,cancellation,unexpected_charge,low,none,moderate,Waive cancellation fees when driver deviates away from pickup
CB310,"Sturdy multi-utility vehicle, spacious luggage bay, cool climate control, and smooth highway handling across three hundred kilometers.",english,cab_transport,appreciation,positive,vehicle,none,none,none,moderate,none
CB311,"The cab arrived swiftly, but the driver spent fifteen minutes on his phone trying to troubleshoot his personal bank app while driving.",english,cab_transport,complaint,mixed,safety,safety,low,none,complex,Prohibit non-driving administrative phone usage on road
CB312,bhai driver ne offline cash maanga mana karne par sunsan road pe car rok ke utarne ko bol diya criminal behavior,hinglish,cab_transport,complaint,negative,safety,poor_communication,high,mild,Deactivate drivers abandoning passengers over payment disputes,
CB313,"Delivery of airport drop was immaculate, driver took peripheral expressway, avoided all city bottlenecks, arrived early.",english,cab_transport,appreciation,positive,navigation,none,none,none,simple,none
CB314,bhai kya outstation drop cabs me pet transport ke liye extra cleaning deposit pay karna mandatory rehta hai?,hinglish,cab_transport,question,neutral,vehicle,none,none,none,simple,none
CB315,"The ride was comfortable and driver was polite, but paying ninety rupees surge pricing for a two-kilometer ride felt excessive.",english,cab_transport,complaint,mixed,surge_pricing,surge_price,low,none,moderate,Moderate surge multipliers for ultra-short city rides
CB316,Allow riders to schedule daily recurring office pickups with preferred top-rated drivers directly via mobile application.,english,cab_transport,suggestion,neutral,booking,none,none,none,moderate,Enable recurring office ride scheduling with favorite drivers
CB317,"Soft-spoken auto driver navigated through dense evening bazaar alleys without a single harsh horn blast, very calm demeanor.",english,cab_transport,appreciation,positive,driver,none,none,none,moderate,none
CB318,bhai cab ka speedometer 110 kmph touch kar raha tha city ring road pe mana karne par bhi driver slow nahi kar raha tha,hinglish,cab_transport,complaint,negative,safety,safety,high,none,simple,Install hard speed governor caps on city commercial cabs
CB319,Is there a penalty deduction if a passenger cancels a scheduled outstation ride three hours prior to designated departure?,english,cab_transport,question,neutral,cancellation,none,none,none,moderate,none
CB320,"The car was mechanical sound and clean, though the driver played repetitive FM commercials loudly on speaker throughout.",english,cab_transport,complaint,mixed,vehicle,poor_communication,low,none,moderate,Instruct drivers to lower radio volume upon passenger request
CB321,"Driver arrived three minutes early, greeted respectfully, assisted with heavy medical bags, and navigated smoothly to clinic.",english,cab_transport,appreciation,positive,driver,none,none,none,simple,none
CB322,bhai cab trunk me spare tyre loose pada tha har speed breaker pe thud-thud aawaz aati rahi disturbing noise,hinglish,cab_transport,complaint,negative,vehicle_condition,poor_vehicle_condition,high,none,simple,Secure spare wheels and tools firmly in luggage boots
CB323,Can we opt for digital trip receipts delivered via WhatsApp business updates instead of cluttering email inboxes?,english,cab_transport,suggestion,neutral,app,none,none,none,moderate,Provide trip receipts directly via WhatsApp
CB324,"I wouldn't call the driver unhelpful, but asking passenger to navigate every single left and right turn defeated the purpose of GPS.",english,cab_transport,complaint,mixed,navigation,poor_communication,low,none,complex,Train drivers to follow in-app GPS navigation independently
CB325,driver deliberately took passenger through dark unlit alleys demanded full cash and snatched wallet criminal scum,english,cab_transport,complaint,negative,safety,payment_issue,high,severe,Institute immediate police reporting and driver blacklisting,
CB326,bhaiya driver ne railway station arrival pe platform ke nearest gate pe drop kiya luggage trolley bhi arrange karwai thank you,hinglish,cab_transport,appreciation,positive,dropoff,none,none,none,moderate,none
CB327,How long does customer support take to review vehicle dashboard camera footage following reported road safety incidents?,english,cab_transport,question,neutral,customer_support,none,none,none,moderate,none
CB328,"The sedan was clean, air conditioning was cool, driver drove defensively, and reached domestic airport terminal with zero stress.",english,cab_transport,appreciation,positive,ride,none,none,none,moderate,none
CB329,bhai driver ne destination sunkar call cut kar diya aur 10 minute app pe khada raha taaki mai cancel karu cheap trick,hinglish,cab_transport,complaint,negative,cancellation,driver_cancelled,medium,none,moderate,Penalize drivers intentionally forcing passenger cancellations
CB330,"The ride arrived on time and driver was courteous, though the vehicle interior had an overwhelming lingering odor of wet dog.",english,cab_transport,complaint,mixed,vehicle_cleanliness,unclean_vehicle,low,none,moderate,Sanitize and deodorize passenger interiors between trips
CB331,"Prompt assistance by driver, located my forgotten corporate laptop bag on rear seat and returned it to office reception within an hour.",english,cab_transport,appreciation,positive,driver,none,none,none,moderate,none
CB332,bhai driver ne road toll ka receipt show nahi kiya aur bill me double toll add kar diya direct cheating,hinglish,cab_transport,complaint,negative,fare,unexpected_charge,medium,none,moderate,Verify automated toll deductions against physical plaza receipts
CB333,Provide dedicated quiet electric cab options for business commuters needing to take confidential client calls on road.,english,cab_transport,suggestion,neutral,vehicle,none,none,none,moderate,Introduce quiet business-class electric fleet options
CB334,Can a rider modify the intermediate drop waypoint while traveling inside an ongoing airport transit ride?,english,cab_transport,question,neutral,route,none,none,none,moderate,none
CB335,"Immaculate white sedan, driver wore clean uniform, air conditioning maintained at pleasant 22 degrees, flawless expressway transit.",english,cab_transport,appreciation,positive,vehicle,none,none,none,simple,none
CB336,bhai driver continuously khansi kar raha tha bina mask lagaye aur AC full chala rakha tha zero health precautions,hinglish,cab_transport,complaint,negative,safety,safety,medium,mild,Ensure unwell drivers wear masks and ventilate vehicles,
CB337,"The ride was economical and arrived on time, though the car's manual window winder was broken and stuck halfway down.",english,cab_transport,appreciation,mixed,vehicle_condition,poor_vehicle_condition,low,none,simple,Maintain manual and power window regulators on fleet cars
CB338,"Driver navigated dense rush-hour flyover traffic with admirable composure, avoided abrupt stops, very comforting ride.",english,cab_transport,appreciation,positive,driver,none,none,none,moderate,none
CB339,bhai app me upfront fare 320 dikhaya tha par trip end hone pe 480 deduct ho gaya bina route change ke,hinglish,cab_transport,complaint,negative,fare,unexpected_charge,low,none,moderate,Honor upfront locked fares when route remains unchanged
CB340,Is there an emergency panic siren button mounted on the vehicle interior that passengers can physically press?,english,cab_transport,question,neutral,safety,none,none,none,moderate,none
CB341,"Pristine electric taxi, silent operation, gentle acceleration, polite chauffeur, effortless commute across tech corridor.",english,cab_transport,appreciation,positive,vehicle,none,none,none,moderate,none
CB342,bhai car ka silencer pipe toota hua tha pure raste aisi aawaz aayi jaise tractor me baithe ho terrible maintenance,hinglish,cab_transport,complaint,negative,vehicle_condition,poor_vehicle_condition,high,none,simple,Inspect exhaust systems before authorizing vehicles on fleet
CB343,"The driver was skilled on congested streets, but the car horn was used continuously every three seconds causing headache.",english,cab_transport,complaint,mixed,driver,safety,low,none,moderate,Educate commercial drivers against habitual excessive honking
CB344,Ride hailing platforms should introduce an automated SMS trip status alert sent directly to designated emergency contacts.,english,cab_transport,suggestion,neutral,safety,none,none,none,moderate,Add automated trip progress SMS updates to loved ones
CB345,"Superb airport transfer, driver arrived ten minutes early, assisted with three oversized bags, navigated expressway smoothly.",english,cab_transport,appreciation,positive,pickup,none,none,none,moderate,none
CB346,bhai driver ne car me personal speaker pe gaali-galoch wali comedy chala rakhi thi family ke sath trip pe shameful behavior,hinglish,cab_transport,complaint,negative,driver,poor_communication,high,mild,Strictly prohibit vulgar audio content inside passenger cabs,
CB347,What is the official procedure for claiming compensation for flight missed due to guaranteed scheduled cab no-show?,english,cab_transport,question,neutral,customer_support,none,none,none,moderate,none
CB348,"Delivered to railway station terminal right on schedule, driver chose elevated bypass road avoiding signal bottlenecks, very smooth.",english,cab_transport,appreciation,positive,navigation,none,none,none,simple,none
CB349,bhai driver ne beech raste me car roki aur bola 'chai peene ja raha hu 10 minute wait karo' unprofessional conduct,hinglish,cab_transport,complaint,negative,ride,ride_time,high,none,moderate,Prohibit unauthorized driver personal stops during active trips
CB350,"The vehicle was clean and modern, though the driver kept his smartphone on his lap while looking down to read text messages.",english,cab_transport,appreciation,mixed,safety,safety,low,none,moderate,Enforce strict usage of dashboard mobile mounts
CB351,"Field technician helped coordinate lost luggage tracing with driver promptly, returned my suitcase within two hours.",english,cab_transport,appreciation,positive,customer_support,none,none,none,moderate,none
CB352,bhai auto driver ne drop location pe aake extra 50 rupay cash maange bolta app ka rate kam hai extortion chal raha hai,hinglish,cab_transport,complaint,negative,fare,unexpected_charge,high,none,simple,Strictly prohibit drivers demanding extra offline cash fares
CB353,Please allow riders to report non-working seatbelts immediately via simple one-tap safety prompt on trip completion screen.,english,cab_transport,suggestion,neutral,safety,none,none,none,moderate,Add dedicated seatbelt safety reporting button
CB354,"Clean interior, comfortable air conditioning, driver drove with disciplined lane adherence, very pleasant evening commute.",english,cab_transport,appreciation,positive,vehicle,none,none,none,moderate,none
CB355,bhai auto meter 70 dikha raha tha par app ne automated fare 160 charge kar liya 2x surge ke naam pe ridiculous loot,hinglish,cab_transport,complaint,negative,fare,high_fare,medium,none,moderate,Rationalize platform auto fares with municipal meter rates
CB356,Does this outstation cab booking service include overnight interstate commercial entry permit taxes within upfront quote?,english,cab_transport,question,neutral,fare,none,none,none,moderate,none
CB357,"The ride arrived on time and driver was courteous, though the vehicle interior had an overwhelming lingering odor of stale smoke.",english,cab_transport,complaint,mixed,vehicle_cleanliness,unclean_vehicle,low,none,moderate,Enforce strict smoke-free policies inside all cabs
CB358,"Self-care ride receipt is clear and detailed, displaying exact GPS route map, toll breakdown, and driver credentials.",english,cab_transport,appreciation,positive,app,none,none,none,simple,none
CB359,bhai driver ne destination sunkar call cut kar diya aur 15 minute app pe stationary khada raha taaki mai cancel karu,hinglish,cab_transport,complaint,negative,cancellation,driver_cancelled,medium,none,simple,Penalize drivers intentionally delaying to force rider cancellations
CB360,Allow riders to save specific complex housing society gates as custom named pickup points on user profile.,english,cab_transport,suggestion,neutral,pickup,none,none,none,moderate,Enable custom housing society gate naming on map
CB361,"The driver was skilled on congested streets, but the car horn was excessively shrill and used every three seconds unnecessarily.",english,cab_transport,complaint,mixed,driver,safety,low,none,moderate,Instruct drivers against habitual excessive honking
CB362,bhai car ka AC filter itna choked tha ki hawa aane ki jagah ajeeb foul smell nikal rahi thi suffocating ride,hinglish,cab_transport,complaint,negative,vehicle_cleanliness,unclean_vehicle,high,mild,Service and sanitize automotive AC filters periodically,
CB363,"Clean air-conditioned cab, driver confirmed customer name respectfully, followed designated GPS route without argument.",english,cab_transport,appreciation,positive,driver,none,none,none,moderate,none
CB364,Where can I check if our corporate account has been enrolled in priority airport cab dispatch queues?,english,cab_transport,question,neutral,booking,none,none,none,simple,none
CB365,Driver started abusing loudly and threatened violence when asked to enter the gated residential layout dangerous goon,english,cab_transport,complaint,negative,driver,poor_communication,high,severe,Permanently ban drivers resorting to abusive behavior,
CB366,bhaiya driver ne luggage safely 3rd floor lift tak pahunchane me help ki bohot helpful aur humble person tha,hinglish,cab_transport,appreciation,positive,driver,none,none,none,simple,none
CB367,"The ride was economical and arrived on time, though the car's manual window winder was broken and stuck halfway down.",english,cab_transport,complaint,mixed,vehicle_condition,poor_vehicle_condition,low,none,simple,Maintain window regulator mechanisms on commercial cabs
CB368,Provide an option on the booking screen to request drivers who do not chew tobacco or betel nut while driving.,english,cab_transport,suggestion,neutral,driver,none,none,none,moderate,Enforce non-tobacco mandates across commercial fleet
CB369,"Prompt arrival, vehicle was sanitized and spotless, driver assisted with folding baby stroller into trunk effortlessly.",english,cab_transport,appreciation,positive,vehicle_cleanliness,none,none,none,moderate,none
CB370,bhai pickup pin correct dali thi par driver 600 meter door flyover ke niche khada raha call karke argue karne laga,hinglish,cab_transport,complaint,negative,pickup,wrong_pickup_location,high,mild,Improve driver navigation to exact pickup pins,
CB371,Can an ongoing city cab trip be extended to an outstation booking directly from the passenger app interface?,english,cab_transport,question,neutral,booking,none,none,none,moderate,none
CB372,"Delivered within scheduled time, replacement Wi-Fi 6 router arrived securely boxed with pre-configured credentials.",english,cab_transport,appreciation,positive,ride,none,none,none,simple,none
CB373,bhai car me seatbelt buckle broken tha accident hone par koi safety nahi thi dangerous maintenance negligence,hinglish,cab_transport,complaint,negative,safety,poor_vehicle_condition,high,none,simple,Inspect and repair broken seatbelt latch buckles
CB374,"The 4G coverage is adequate for voice, though downloading application updates over mobile data crawls during peak evening hours.",english,cab_transport,informational,mixed,ride,none,low,none,moderate,none
CB375,Transport platforms should allow riders to report non-working seatbelts immediately via simple one-tap safety prompt.,english,cab_transport,suggestion,neutral,safety,none,none,none,moderate,Add dedicated seatbelt safety reporting button
CB376,"Spotless fiber broadband experience, steady 300 Mbps bandwidth, zero dropped packets, and polite customer desk make this provider exemplary.",english,cab_transport,appreciation,positive,ride,none,none,none,moderate,none
CB377,bhai driver ne offline cash maanga mana karne par sunsan road pe car rok ke utarne ko bol diya criminal behavior,hinglish,cab_transport,complaint,negative,safety,poor_communication,high,severe,Deactivate drivers abandoning passengers over payment disputes,
CB378,Does this mobile operator offer unified family plans allowing data sharing across multiple secondary prepaid SIM cards?,english,cab_transport,question,neutral,booking,none,none,none,moderate,none
CB379,"The fiber connection offers excellent throughput, though the bundled landline phone instrument exhibits noticeable line hum.",english,cab_transport,complaint,mixed,vehicle,vehicle_problem,low,none,moderate,Maintain vehicle sound insulation properly
CB380,bhai customer helpline agent ne politely roaming dispute check kiya aur unauthorized charges ko bill se deduct karwaya thank you,hinglish,cab_transport,appreciation,positive,customer_support,none,none,none,moderate,none
CB381,"The 5G download speed is truly astonishing, though the smartphone switches back to 4G frequently while traveling in trains.",english,cab_transport,appreciation,mixed,ride,none,none,none,moderate,Ensure steady ride tracking on mobile devices
CB382,bhai naya connection lagwaye 10 din ho gaye router abhi tak deliver nahi hua customer care koi update nahi deta,hinglish,cab_transport,complaint,negative,pickup,driver_late,medium,none,simple,Dispatch cabs within committed time windows
CB383,Offer options for customers to receive itemized billing statements via encrypted password-protected WhatsApp messages.,english,cab_transport,suggestion,neutral,fare,none,none,none,moderate,Deliver encrypted PDF fare receipts via WhatsApp
CB384,Can international tourists purchase short-term prepaid voice and data SIM cards using verified foreign passport credentials?,english,cab_transport,question,neutral,booking,none,none,none,simple,none
CB385,"The mobile internet speed is reliable for browsing, but uploading large video assignments over cellular data takes too long.",english,cab_transport,complaint,mixed,ride,ride_time,low,none,moderate,Optimize transit routing for express commutes
CB386,"Smooth number portability experience, received the new SIM card at doorstep, zero downtime during scheduled midnight transition.",english,cab_transport,appreciation,positive,ride,none,none,none,simple,none
CB387,bhai mobile app me bill payment receipts download nahi hoti error code 404 show karta hai billing records access nahi ho rahe,hinglish,cab_transport,complaint,negative,app,app_issue,medium,none,simple,Fix broken download links on trip history portal
CB388,Customer service desk guided me through unlocking my PUK-locked SIM card over phone with polite and patient instructions.,english,cab_transport,appreciation,positive,customer_support,none,none,none,moderate,none
CB389,bhai broadband speed test me 100 Mbps plan pe sirf 12 Mbps aa rahi hai 3 din se call center complaint resolve nahi kar raha,hinglish,cab_transport,complaint,negative,ride,ride_time,high,none,simple,Improve peak hour vehicle transit speeds
CB390,Allow subscribers to schedule automated Wi-Fi radio sleep schedules directly inside the router settings app to save power.,english,cab_transport,suggestion,neutral,booking,none,none,none,moderate,Add customizable automated trip booking schedules
CB391,"Crisp VoLTE voice clarity, fast call setup times, zero dropped calls, and broad rural coverage make this operator dependable.",english,cab_transport,appreciation,positive,ride,none,none,none,moderate,none
CB392,bhai optical drop wire building ke entrance pe aisi latak rahi hai ki delivery boys ke sar se takrati hai severe hazard,hinglish,cab_transport,complaint,negative,safety,safety,high,mild,Ensure safe transit clearances on airport drop lanes,
CB393,Is it permissible to convert a corporate postpaid SIM card to a personal prepaid connection without visiting the main circle store?,english,cab_transport,question,neutral,booking,none,none,none,moderate,none
CB394,"The mobile internet throughput is solid on main roads, though signal strength drops to two bars inside dense residential colonies.",english,cab_transport,informational,mixed,route,none,low,none,moderate,none
CB395,"Fast verification of lost SIM replacement, retail counter stamped documents, and activated the new card within fifteen minutes.",english,cab_transport,appreciation,positive,driver,none,none,none,simple,none
CB396,bhai fiber router ka Wi-Fi signal 10 meter door jaate hi disconnect ho jata hai internal antenna fault lagta hai,hinglish,cab_transport,complaint,negative,vehicle,vehicle_problem,medium,none,moderate,Ensure vehicle accessories function properly
CB397,Include detailed itemized breakdowns of value-added service charges on all monthly postpaid invoices.,english,cab_transport,suggestion,neutral,fare,none,none,none,moderate,Publish itemized descriptions for all billed fare items
CB398,"The broadband installation was completed punctually, though the field technician left pieces of stripped plastic casing on the carpet.",english,cab_transport,complaint,mixed,vehicle_cleanliness,unclean_vehicle,low,none,moderate,Instruct drivers to clean up passenger floor debris
CB399,bhai discount promo code checkout pe apply ho gaya par final invoice me convenience fee jod ke pura discount khatam kar diya,hinglish,cab_transport,question,negative,fare,unexpected_charge,low,none,moderate,Ensure advertised discount promo benefits are preserved
CB400,"Great fiber performance, symmetric speeds, responsive local field support, clean installation, thoroughly satisfied with connection.",english,cab_transport,appreciation,positive,ride,none,none,none,simple,none
CB401,The enterprise account manager assisted with setting up static IP addresses across our secondary office branch without delays.,english,cab_transport,appreciation,positive,driver,none,none,none,moderate,none
CB402,bhai incoming calls are blocked saying validity expired jabki account me 400 rupay main balance pada hai unreasonable policy,hinglish,cab_transport,complaint,negative,fare,unexpected_charge,medium,none,simple,Maintain fair transparent charges on passenger accounts
CB403,Can a subscriber request temporary relocation of home broadband to another apartment inside the same housing society without fees?,english,cab_transport,question,neutral,dropoff,none,none,none,simple,none
CB404,"The 5G internet speeds are impressive outdoors, though the handset battery drains rapidly while browsing on high-frequency bands.",english,cab_transport,complaint,mixed,vehicle,vehicle_problem,low,none,moderate,Ensure vehicle charging ports are functional for riders
CB405,Telecom operators should establish automated billing credits whenever fiber outages exceed four consecutive hours during work days.,english,cab_transport,suggestion,neutral,fare,none,none,none,moderate,Automate pro-rata fare credits for delayed trips
CB406,"Delivered in 24 hours, replacement dual-band gigabit router arrived safely boxed with pre-configured Wi-Fi credentials.",english,cab_transport,appreciation,positive,vehicle,none,none,none,simple,none
CB407,bhai customer support executive ne call disconnect kar di jab maine bar bar disconnect hone wale broadband ka refund manga incompetent staff,hinglish,cab_transport,complaint,negative,customer_support,poor_communication,high,mild,Ensure support agents resolve persistent refund requests,
CB408,"Clean router hardware, stable optical power readings, fast customer registration, and courteous field engineers make this provider commendable.",english,cab_transport,appreciation,positive,vehicle,none,none,none,moderate,none
CB409,bhai mobile app me data balance 10GB show hota hai par actual speed 64Kbps pe locked hai support koi help nahi karta,hinglish,cab_transport,complaint,negative,tracking,tracking_issue,medium,none,simple,Sync live vehicle tracking with actual road position
CB410,Does this telecom operator offer unmetered voice calls without any fair usage cap under standard unlimited prepaid plans?,english,cab_transport,question,neutral,fare,none,none,none,moderate,none
CB411,"The voice call quality is crisp on 4G, though mobile data speeds crawl to a halt whenever driving through suburban underpasses.",english,cab_transport,appreciation,mixed,navigation,wrong_route,low,none,moderate,Improve navigation through suburban roadway underpasses
CB412,"The field technician climbed the terrace, spliced the broken optical cable cleanly, and verified signal power levels on meter.",english,cab_transport,appreciation,positive,driver,none,none,none,moderate,none
CB413,bhai do baar prepaid recharge ka amount debit hua bank se par validity sirf ek baar extend hui refund kab doge,hinglish,cab_transport,complaint,negative,payment,payment_issue,medium,none,simple,Speed up resolution for duplicate ride fare debits
CB414,Provide an option on the mobile application to schedule temporary broadband speed boosts for downloading massive files.,english,cab_transport,suggestion,neutral,booking,none,none,none,moderate,Introduce on-demand scheduled express cab bookings
CB415,"Pristine fiber performance, low gaming latency, zero packet loss, and stable Wi-Fi coverage across all rooms.",english,cab_transport,appreciation,positive,ride,none,none,none,simple,none
CB416,bhai 6 din se fiber connection dead pada hai customer care bolta hai technician on the way hai daily jhooth bolte hain,hinglish,cab_transport,complaint,negative,pickup,driver_late,high,none,moderate,Provide truthful driver arrival ETAs during delays
CB417,Are all international roaming voice calls protected by standard end-to-end cryptographic encryption across foreign networks?,english,cab_transport,question,neutral,safety,none,none,none,moderate,none
CB418,"The broadband speed is fast during daytime, but latency to European cloud servers increases significantly during evening hours.",english,cab_transport,complaint,mixed,ride,ride_time,low,none,moderate,Optimize evening express routing on highway corridors
CB419,"Retail store executive verified identity documents rapidly, replaced the damaged nano SIM card, and activated it within ten minutes.",english,cab_transport,appreciation,positive,driver,none,none,none,simple,none
CB420,bhai mobile network me call lagate hi call failed error 21 aata hai bar bar network restart karna padta hai,hinglish,cab_transport,complaint,negative,app,app_issue,medium,none,moderate,Fix app connection errors during ride requests
CB421,Enable customers to report cellular dead zones directly through a map pin submission feature inside the self-care app.,english,cab_transport,suggestion,neutral,pickup,none,none,none,moderate,Implement in-app map pin reporting for difficult pickups
CB422,"Crisp voice clarity, fast call setup, zero dropped calls, and broad rural coverage make this cellular network dependable.",english,cab_transport,appreciation,positive,ride,none,none,none,moderate,none
CB423,bhai outdoor fiber cable tree branches me ulajh kar toot gayi 3 din se complaint pending hai koi dekhne nahi aaya,hinglish,cab_transport,complaint,negative,safety,safety,high,severe,Reroute transit paths away from hazardous road debris,
CB424,Can a subscriber request temporary suspension of monthly postpaid rental billing while traveling overseas for three months?,english,cab_transport,question,neutral,booking,none,none,none,simple,none
CB425,"The 4G mobile data speed is reliable for browsing, though signal strength drops noticeably inside basement parking garages.",english,cab_transport,informational,mixed,pickup,none,low,none,moderate,none
CB426,"Outstanding assistance at the telecom retail store, ported three prepaid numbers to family postpaid plan smoothly in twenty minutes.",english,cab_transport,appreciation,positive,driver,none,none,none,moderate,none
CB427,bhai recharge amount bank se kat gaya par mobile balance me reflect nahi hua 24 ghante se customer care phone nahi utha raha,hinglish,cab_transport,complaint,negative,payment,payment_issue,medium,none,moderate,Automate immediate failed fare transaction reversals
CB428,"The fiber connection offers low gaming ping, though the public dynamic IP address changes frequently during active work sessions.",english,cab_transport,complaint,mixed,tracking,tracking_issue,low,none,moderate,Stabilize vehicle tracking telemetry during trips
CB429,"Field engineer arrived promptly, replaced the faulty optical network terminal, and verified line parameters within half an hour.",english,cab_transport,appreciation,positive,driver,none,none,none,moderate,none
CB430,bhai customer care executive ne rude tone me baat ki aur issue sune bina call disconnect kar di useless support staff,hinglish,cab_transport,complaint,negative,customer_support,poor_communication,high,none,moderate,Enforce strict professional courtesy rules for call agents
CB431,Broadband service providers should provide an automated line health diagnostic check directly inside the mobile customer app.,english,cab_transport,suggestion,neutral,vehicle_condition,none,none,none,moderate,Add self-diagnostic vehicle inspection reports on app
CB432,"Quick and seamless optical fiber installation, drop wire laid cleanly, router configured, speed tests verified within ninety minutes.",english,cab_transport,appreciation,positive,pickup,none,none,none,simple,none
CB433,bhai underground fiber cable road excavation me cut ho gayi 2 din se pura area bina internet ke baitha hai zero updates,hinglish,cab_transport,complaint,negative,route,wrong_route,medium,none,simple,Provide daily detour updates during major road works
CB434,Does this home broadband package bundle dynamic IP protection against distributed denial of service attacks?,english,cab_transport,question,neutral,safety,none,none,none,moderate,none
CB435,"The fiber broadband speed is adequate for streaming, though latency increases noticeably when multiple household devices upload files.",english,cab_transport,complaint,mixed,ride,ride_time,low,none,moderate,Implement active queue management on vehicle dispatches
CB436,"Clean dual-band Wi-Fi coverage across all rooms, zero dead zones, optical power levels calibrated cleanly to negative 18dBm.",english,cab_transport,appreciation,positive,vehicle,none,none,none,simple,none
CB437,bhai postpaid bill me unexplained VAS charges add kar diye billing department query attend karne ko taiyar nahi hai,hinglish,cab_transport,complaint,negative,fare,unexpected_charge,medium,none,moderate,Audit and remove unauthorized ancillary trip charges
CB438,Allow subscribers to customize their daily data quota reset timing to align with personal night shift work routines.,english,cab_transport,suggestion,neutral,booking,none,none,none,moderate,Provide customizable scheduled ride repeat intervals
CB439,"Smooth fiber broadband renewal, payment processed via UPI, and the 300 Mbps bandwidth tier was restored within two minutes.",english,cab_transport,appreciation,positive,payment,none,none,none,simple,none
CB440,bhai outdoor fiber cable building ke entrance pe loose latak rahi hai accident hone ka danger hai careless installation,hinglish,cab_transport,complaint,negative,safety,safety,medium,none,moderate,Secure vehicle luggage racks and exterior attachments properly
CB441,Is there an annual fee discount if a subscriber prepays twelve months of residential fiber broadband rental in advance?,english,cab_transport,question,neutral,fare,none,none,none,moderate,none
CB442,"The mobile network coverage is decent across the township, but signal strength drops to emergency calls only inside elevators.",english,cab_transport,informational,mixed,pickup,none,low,none,moderate,none
CB443,Retail gallery staff guided me through configuring private APN settings on my dual-SIM handset to ensure seamless roaming data.,english,cab_transport,appreciation,positive,driver,none,none,none,moderate,none
CB444,bhai mobile app me bill payment receipts download nahi hoti error 404 show karta hai billing records access nahi ho rahe,hinglish,cab_transport,complaint,negative,app,app_issue,medium,none,simple,Fix broken download links on trip invoice portal
CB445,Telecom apps should allow users to test their real-time optical power level directly on the diagnostic settings screen.,english,cab_transport,suggestion,neutral,vehicle,none,none,none,moderate,Display vehicle battery and AC telemetry inside passenger app
CB446,"Flawless 5G performance, download speeds cross 400 Mbps consistently, streaming 4K video with zero buffering delay.",english,cab_transport,appreciation,positive,ride,none,none,none,moderate,none
CB447,bhai prepaid recharge validity 28 din kyu hoti hai full calendar month kyu nahi dete transparent loot macha rakhi hai,hinglish,cab_transport,complaint,negative,fare,high_fare,medium,none,moderate,Offer transparent flat-rate monthly ride passes
CB448,Can corporate customers request consolidated tax invoices with segregated departmental employee numbers for auditing?,english,cab_transport,question,neutral,fare,none,none,none,moderate,none
CB449,"The fiber connection offers excellent throughput, though the bundled landline phone instrument exhibits noticeable line hum.",english,cab_transport,complaint,mixed,vehicle,vehicle_problem,low,none,moderate,Maintain vehicle sound insulation properly
CB450,"Polite staff, swift SIM card replacement, zero wait times at retail store, highly satisfied with telecom services.",english,cab_transport,appreciation,positive,driver,none,none,none,simple,none
CB451,bhai mobile internet me upload speed barely 200Kbps aa rahi hai video conference meetings attend karna impossible ho gaya,hinglish,cab_transport,complaint,negative,ride,ride_time,high,none,simple,Improve peak hour vehicle transit speeds
CB452,Provide option to set custom daily spending ceilings for mobile data separate from voice balance.,english,cab_transport,suggestion,neutral,fare,none,none,none,moderate,Provide independent daily spending caps for rides
CB453,"Instant SMS updates for recharge confirmations, clear plan descriptions, exceptional telecom tracking.",english,cab_transport,appreciation,positive,booking,none,none,none,moderate,none
CB454,bhai unauthorized postpaid connection activate kar diya meri ID pe bina mere knowledge ke fraud management,hinglish,cab_transport,complaint,negative,safety,safety,high,mild,Enforce biometric verification on passenger accounts,
CB455,How can I get an official stamped certificate of my broadband connection address for passport verification?,english,cab_transport,question,neutral,customer_support,none,none,none,moderate,none
CB456,"The mobile network dashboard is user friendly, though locating the unbilled postpaid usage summary takes too long.",english,cab_transport,complaint,mixed,app,app_issue,low,none,moderate,Place unbilled fare summaries on home dashboard
CB457,Customer care desk reversed the erroneous roaming fee within twenty-four hours of lodging complaint.,english,cab_transport,appreciation,positive,customer_support,none,none,none,moderate,none
CB458,bhai router ka Wi-Fi radio bar bar switch off ho jata hai har aadhe ghante me restart karna padta hai defective box,hinglish,cab_transport,complaint,negative,vehicle,vehicle_problem,high,none,simple,Replace failing vehicle hardware promptly
CB459,Prompt customer support executive assisted with unblocking my temporarily locked eSIM profile in three minutes.,english,cab_transport,appreciation,positive,customer_support,none,none,none,moderate,none
CB460,bhai technician ne optical wire splice karte waqt wall pe ganda mark chhod diya careless workmanship,hinglish,cab_transport,complaint,negative,vehicle_cleanliness,unclean_vehicle,low,none,simple,Instruct drivers to handle passenger luggage cleanly
CB461,Can we select preferred notification channels like WhatsApp or SMS for telecom recharge alerts?,english,cab_transport,suggestion,neutral,app,none,none,none,moderate,Allow channel selection for trip alerts
CB462,"The 5G service was activated within an hour, though physical nano SIM delivery took two days.",english,cab_transport,informational,mixed,pickup,none,low,none,moderate,none
CB463,"Quick transfer, polite helpline support, seamless mobile network app, completely satisfied with services.",english,cab_transport,appreciation,positive,customer_support,none,none,none,simple,none
CB464,bhai customer care executive ne issue sune bina call transfer karke disconnect kar di irresponsible staff,hinglish,cab_transport,complaint,negative,customer_support,poor_communication,high,none,moderate,Monitor unauthorized call drop-offs by agents
CB465,Does the telecom provider offer doorstep physical SIM delivery for senior citizen customers?,english,cab_transport,question,neutral,driver,none,none,none,moderate,none
CB466,"Crisp voice clarity on VoLTE calls, swift call setup times, zero dropped calls, dependable network.",english,cab_transport,appreciation,positive,ride,none,none,none,moderate,none
CB467,bhai mobile app me data balance statement download karne jao to file corrupt ho jati hai fix this bug,hinglish,cab_transport,complaint,negative,app,app_issue,low,none,simple,Ensure generated trip receipt files are uncorrupted
CB468,Allow customers to schedule automatic monthly broadband recharge payments directly through the mobile app.,english,cab_transport,suggestion,neutral,payment,none,none,none,moderate,Enable automated recurring ride payments
CB469,"Superb experience porting number to new network, store executive was polite and verification was fast.",english,cab_transport,appreciation,positive,driver,none,none,none,simple,none
CB470,bhai fiber connection dead ho gaya account se 1000 cut gaye par internet restore nahi hua 3 din se,hinglish,cab_transport,complaint,negative,payment,payment_issue,high,none,simple,Speed up restoration for verified payment holds
CB471,Is there an estimated maintenance window during which broadband services remain offline on Sundays?,english,cab_transport,question,neutral,booking,none,none,none,moderate,none
CB472,"The mobile data offers fast browsing, though upload speeds drop significantly during evening hours.",english,cab_transport,informational,mixed,ride,none,low,none,moderate,none
CB473,"Super fast fiber broadband installation, line operational within three hours of booking, very impressed.",english,cab_transport,appreciation,positive,pickup,none,none,none,simple,none
CB474,bhai unauthorized roaming charge lag gaya 500 ka customer care phone pick hi nahi kar raha useless telecom,hinglish,cab_transport,complaint,negative,fare,unexpected_charge,high,mild,Ensure immediate phone pick-up for fare disputes,
CB475,Allow users to temporarily lower transaction limits on international roaming data packs during foreign travel.,english,cab_transport,suggestion,neutral,fare,none,none,none,moderate,Provide flexible trip fare limit controls
CB476,"Clean and pleasant retail store environment, customer desk executed SIM replacement within ninety seconds.",english,cab_transport,appreciation,positive,customer_support,none,none,none,simple,none
CB477,bhai porting code ka SMS mobile par 20 minute late aa raha hai validity expire ho jati hai bar bar,hinglish,cab_transport,complaint,negative,booking,booking_failure,medium,none,simple,Ensure real-time dispatch of booking OTP codes
CB478,Can we set custom notification sounds for data exhaustion warnings inside the self-care app?,english,cab_transport,question,neutral,app,none,none,none,moderate,none
CB479,"The mobile app is responsive, but downloading tax invoices requires redundant navigation steps.",english,cab_transport,complaint,mixed,app,app_issue,low,none,moderate,Simplify access path for tax invoices
CB480,"Delivered on time, replacement SIM card arrived in intact security envelope with clear activation steps.",english,cab_transport,appreciation,positive,pickup,none,none,none,simple,none
CB481,bhai call connect hote hi robotic audio aati hai aur receiver bolta hai aawaz cut rahi hai ghatiya quality,hinglish,cab_transport,complaint,negative,driver,poor_communication,medium,none,simple,Eliminate robotic audio distortion on driver communications
CB482,Offer round-up savings where spare change from recharge payments goes directly into a digital wallet deposit.,english,cab_transport,suggestion,neutral,payment,none,none,none,moderate,Introduce spare-change savings on fares
CB483,"Instant fiber bill settlement through UPI, available validity restored on dashboard in under thirty seconds.",english,cab_transport,appreciation,positive,payment,none,none,none,moderate,none
CB484,bhai mobile account me se quarterly charges kat liye bina kisi prior SMS notification ke,hinglish,cab_transport,complaint,negative,fare,unexpected_charge,low,none,moderate,Send prior notifications before debiting service fees
CB485,Where can I check if my residential broadband connection is eligible for high-speed fiber upgrades?,english,cab_transport,question,neutral,booking,none,none,none,moderate,none
CB486,"The mobile plan tariff is competitive, though administrative fees on postpaid conversion were higher than expected.",english,cab_transport,informational,mixed,fare,unexpected_charge,low,none,moderate,none
CB487,"Pristine digital onboarding, eSIM activation finished in under four minutes, very smooth workflow.",english,cab_transport,appreciation,positive,booking,none,none,none,moderate,none
CB488,bhai fiber router auto-recharge ho gaya account se par internet status offline show ho raha hai,hinglish,cab_transport,complaint,negative,tracking,tracking_issue,medium,none,simple,Ensure instantaneous vehicle sync upon booking
CB489,Enable dark mode on the mobile web self-care dashboard to reduce screen glare during nighttime browsing.,english,cab_transport,suggestion,neutral,app,none,none,none,moderate,Implement accessible dark theme on passenger app
CB490,"Smooth SIM card replacement, clean credentials issued, receipt printed clearly, completely satisfied with service.",english,cab_transport,appreciation,positive,driver,none,none,none,simple,none
CB491,bhai failed recharge ka refund 6 din se pending hai bank aur telecom ek dusre pe blame daal rahe hain,hinglish,cab_transport,complaint,negative,refund,refund_delay,high,none,moderate,Establish unified resolution for failed trip debits
CB492,Is there an option to schedule recurring monthly fiber broadband payments directly from savings accounts?,english,cab_transport,question,neutral,payment,none,none,none,moderate,none
CB493,"The mobile network offers great data speeds, though customer service helpline queues are longer than necessary.",english,cab_transport,appreciation,mixed,customer_support,support_delay,low,none,moderate,none
CB494,"Polite executive, fast account verification, clear guidelines, exceptional telecom store experience throughout.",english,cab_transport,appreciation,positive,driver,none,none,none,simple,none
CB495,bhai fiber broadband drop wire cut hone par complain ki thi 4 din ho gaye technician visit ka koi update nahi aaya,hinglish,cab_transport,complaint,negative,pickup,pickup_delay,medium,none,simple,Dispatch pickup drivers within 24 hours
CB496,Telecom providers should offer an instant lock switch for international roaming data directly on the mobile app home screen.,english,cab_transport,suggestion,neutral,safety,none,none,none,moderate,Add instant emergency lock switch on app home screen
CB497,"Steaming fast 5G mobile data speeds verified during late night hours, file downloads finished within ten seconds.",english,cab_transport,appreciation,positive,ride,none,none,none,moderate,none
CB498,bhai SIM replacement charge kat gaya account se jabki maine replacement request dali hi nahi thi,hinglish,cab_transport,complaint,negative,fare,unexpected_charge,medium,none,moderate,Require user approval before renewing paid ride passes
CB499,Can customers set independent daily data usage limits for tethered Wi-Fi hotspot versus mobile phone browsing?,english,cab_transport,question,neutral,booking,none,none,none,moderate,none
CB500,"Flawless broadband connection, instant optical sync, zero latency jitter, seamless internet browsing experience.",english,cab_transport,appreciation,positive,ride,none,none,none,moderate,none
CB501,The cab arrived at the designated pickup pin at 8:15 AM.,english,cab_transport,informational,neutral,pickup,none,none,none,simple,none
CB502,The driver took the outer ring road route towards the airport.,english,cab_transport,informational,neutral,route,none,none,none,simple,none
CB503,Toll tax of Rs 110 was added to the final ride invoice.,english,cab_transport,informational,neutral,toll,none,none,none,simple,none
CB504,The ride receipt has been sent to my registered email address.,english,cab_transport,informational,neutral,fare,none,none,none,simple,none
CB505,Vehicle assigned was a silver sedan with registration DL 01 AB 4321.,english,cab_transport,informational,neutral,vehicle,none,none,none,simple,none
CB506,The estimated time of arrival showed seven minutes on the map screen.,english,cab_transport,informational,neutral,waiting_time,none,none,none,simple,none
CB507,The trip ended near the metro station entrance gate number 2.,english,cab_transport,informational,neutral,ride,none,none,none,simple,none
CB508,Payment method was selected as cash before starting the journey.,english,cab_transport,informational,neutral,fare,none,none,none,simple,none
CB509,Driver asked for the four digit start OTP upon boarding the vehicle.,english,cab_transport,informational,neutral,driver,none,none,none,simple,none
CB510,Total distance traveled during this morning booking was 18 kilometers.,english,cab_transport,informational,neutral,ride,none,none,none,simple,none
CB511,Cab booking confirmation SMS turant receive ho gaya tha.,hinglish,cab_transport,informational,neutral,ride,none,none,none,simple,none
CB512,Driver ne pickup location par pahunch kar phone call kiya.,hinglish,cab_transport,informational,neutral,pickup,none,none,none,simple,none
CB513,Ride duration lagbhag 40 minute rahi heavy traffic ki wajah se.,hinglish,cab_transport,informational,neutral,ride,none,none,none,simple,none
CB514,Fare calculation me base fare aur distance rate included hai.,hinglish,cab_transport,informational,neutral,fare,none,none,none,simple,none
CB515,Driver ne car me AC standard temperature par set kiya hua tha.,hinglish,cab_transport,informational,neutral,vehicle,none,none,none,simple,none
CB516,Drop location main highway ke paas service lane me thi.,hinglish,cab_transport,informational,neutral,route,none,none,none,simple,none
CB517,Cab me luggage boot space open karke luggage place kiya gaya.,hinglish,cab_transport,informational,neutral,vehicle,none,none,none,simple,none
CB518,App me live GPS tracking screen par vehicle position move ho rahi thi.,hinglish,cab_transport,informational,neutral,ride,none,none,none,simple,none
CB519,Airport parking fee toll booth par receipt ke saath generate hui.,hinglish,cab_transport,informational,neutral,toll,none,none,none,simple,none
CB520,Ride end hone ke turant baad digital payment link display hua.,hinglish,cab_transport,informational,neutral,fare,none,none,none,simple,none
CB521,"I appreciate the driver arriving on time, but the car smelled strongly of stale cigarette smoke.",english,cab_transport,complaint,negative,vehicle,poor_vehicle_condition,medium,none,moderate,Enforce strict no-smoking policies inside cabs
CB522,"Thank you for the quick booking, however the driver refused to switch on the air conditioning despite hot weather.",english,cab_transport,complaint,negative,vehicle,ac_not_working,medium,none,moderate,Mandate AC operation on all sedan bookings
CB523,"The driver spoke courteously, but he took an unnecessary 5 km detour that inflated the final fare.",english,cab_transport,complaint,negative,route,wrong_route,medium,none,moderate,Recalculate fares based on app suggested route
CB524,"I understand traffic causes delays, but the driver repeatedly texted on his phone while driving on the highway.",english,cab_transport,complaint,negative,safety,rash_driving,high,none,moderate,Penalize mobile phone usage during active trips
CB525,"While I appreciate the ride availability, being charged Rs 150 cancellation fee when the driver did not move is unfair.",english,cab_transport,complaint,negative,cancellation,fare_dispute,medium,none,moderate,Auto-waive cancellation fees when driver remains stationary
CB526,"The vehicle was comfortable, yet the driver insisted on cash payment and argued when I offered UPI.",english,cab_transport,complaint,negative,fare,fare_dispute,medium,none,moderate,Brief drivers to accept digital modes without argument
CB527,"Thank you for assigning a cab promptly, but the seatbelts in the rear seat were completely non-functional.",english,cab_transport,complaint,negative,safety,poor_vehicle_condition,high,none,moderate,Conduct physical safety inspections of seatbelts
CB528,"I appreciate your customer support team, but my disputed toll surcharge has not been refunded after ten days.",english,cab_transport,complaint,negative,fare,fare_dispute,medium,none,moderate,Speed up incorrect toll refund resolution
CB529,"The driver drove smoothly, however dropping me 400 meters away from the pin in heavy rain was very inconvenient.",english,cab_transport,complaint,negative,driver,poor_vehicle_condition,medium,none,moderate,Ensure drop-offs at exact passenger destination
CB530,"I understand peak hour surges, yet charging three times the regular rate for a 2 km distance is excessive.",english,cab_transport,complaint,negative,fare,fare_dispute,medium,none,moderate,Cap maximum surge pricing multiplier
CB531,"Driver bhaiya ne time pe pick kiya, par car ke suspension bohot kharab the aur back pain ho gaya.",hinglish,cab_transport,complaint,negative,vehicle,poor_vehicle_condition,medium,none,moderate,Vehicles ki fitness check regular karein
CB532,"Shukriya cab dispatch karne ke liye, lekin driver ne beech raste me ride cancel karke utar diya.",hinglish,cab_transport,complaint,negative,cancellation,driver_cancellation,high,none,moderate,Mid trip passenger abandonment par driver ko ban karein
CB533,"Driver politely baat kar raha tha, par meter se zyada cash demand karna bilkul sahi nahi hai.",hinglish,cab_transport,complaint,negative,fare,fare_dispute,medium,none,moderate,Extra cash maangne par strict penalty lagayein
CB534,"App interface achha hai, par driver ne location par aaye bina fake 'passenger no show' mark kar diya.",hinglish,cab_transport,complaint,negative,driver,driver_cancellation,high,none,moderate,GPS proximity verify kare bina no-show allow na karein
CB535,"Thanks response ke liye, lekin car me AC bilkul chill nahi kar raha tha aur bohot suffocating tha.",hinglish,cab_transport,complaint,negative,vehicle,ac_not_working,medium,none,moderate,AC maintenance check mandate karein
CB536,Driver ne koi extra paise nahi mange aur safely destination par pahuncha diya.,hinglish,cab_transport,appreciation,positive,driver,none,none,none,simple,none
CB537,"Cab late nahi aayi, exact estimated time par pickup point par ready thi.",hinglish,cab_transport,appreciation,positive,pickup,none,none,none,simple,none
CB538,Gaadi me bilkul smell nahi thi aur AC perfectly chal raha tha.,hinglish,cab_transport,appreciation,positive,vehicle,none,none,none,simple,none
CB539,The driver did not rush or honk aggressively throughout the entire trip.,english,cab_transport,appreciation,positive,safety,none,none,none,simple,none
CB540,"No surge pricing was applied despite heavy rain, very fair billing.",english,cab_transport,appreciation,positive,fare,none,none,none,simple,none
CB541,Driver ne route change nahi kiya aur proper Google maps route follow kiya.,hinglish,cab_transport,appreciation,positive,route,none,none,none,simple,none
CB542,Bill me koi unauthorized toll charge add nahi kiya gaya tha.,hinglish,cab_transport,appreciation,positive,toll,none,none,none,simple,none
CB543,Driver ne abhi tak ride start nahi ki hai aur call disconnect ho gaya.,hinglish,cab_transport,informational,neutral,ride,none,none,none,simple,none
CB544,Airport entry lane me koi traffic jam nahi mila aaj subah.,hinglish,cab_transport,informational,neutral,route,none,none,none,simple,none
CB545,Driver pickup location par nahi aaya aur 20 minute wait karwake cancel kar diya.,hinglish,cab_transport,complaint,negative,cancellation,driver_cancellation,high,none,moderate,Driver cancellation penalize karein
CB546,Car ka AC bilkul kaam nahi kar raha tha aur driver ne window bhi open nahi ki.,hinglish,cab_transport,complaint,negative,vehicle,ac_not_working,medium,none,moderate,AC complaint par refund dein
CB547,Payment hone ke baad bhi driver cash lene se mana nahi kar raha tha aur argue kiya.,hinglish,cab_transport,complaint,negative,fare,fare_dispute,high,none,moderate,Online payment confirmation driver app par clear dikhayein
CB548,Driver ne luggage load karne me koi help nahi ki aur rudely baithne ko bola.,hinglish,cab_transport,complaint,negative,driver,poor_communication,medium,none,moderate,Drivers ko basic customer etiquette sikhayein
CB549,Support desk ne mera refund issue solve nahi kiya aur call disconnect kar diya.,hinglish,cab_transport,complaint,negative,fare,poor_customer_support,high,none,moderate,Support call abrupt disconnection prevent karein
CB550,Map route follow nahi kiya aur sunsaan raste par gaadi le gaya jo bilkul safe nahi tha.,hinglish,cab_transport,complaint,negative,safety,wrong_route,high,none,moderate,Route deviation safety alert auto-trigger karein
CB551,Why do drivers continuously ask for drop location and then cancel the ride?,english,cab_transport,complaint,negative,cancellation,driver_cancellation,high,none,moderate,Penalize drivers for destination discrimination
CB552,Why was a cancellation fee levied on me when the driver did not move for fifteen minutes?,english,cab_transport,complaint,negative,cancellation,fare_dispute,medium,none,moderate,Acknowledge stationary driver GPS telemetry
CB553,Is there any reason why AC is always extra charge in supposedly premium sedan cabs?,english,cab_transport,complaint,negative,vehicle,ac_not_working,medium,none,moderate,Enforce AC standard across all car categories
CB554,How many times does a customer have to raise a ticket before an overcharged fare is corrected?,english,cab_transport,complaint,negative,fare,poor_customer_support,high,none,moderate,Resolve overcharging complaints within 24 hours
CB555,Online payment hone par hi driver ride cancel kyu kar dete hain?,hinglish,cab_transport,complaint,negative,cancellation,driver_cancellation,high,none,moderate,Instant payout mechanism for drivers implement karein
CB556,Kharab gaadi bhej kar full fare charge karna kahan ka insaaf hai?,hinglish,cab_transport,complaint,negative,vehicle,poor_vehicle_condition,medium,none,moderate,Poor vehicle condition par fare discount dein
CB557,Can I add multiple drop points to an active ongoing ride through the app?,english,cab_transport,question,neutral,ride,none,none,none,simple,none
CB558,What is the policy for carrying small pet animals inside sedan cabs?,english,cab_transport,question,neutral,ride,none,none,none,simple,none
CB559,Night travel me inter-state border toll tax passenger ko alag se dena hota hai kya?,hinglish,cab_transport,question,neutral,toll,none,none,none,simple,none
CB560,Outstation round trip booking me driver ka night allowance included hota hai?,hinglish,cab_transport,question,neutral,fare,none,none,none,simple,none
CB561,"bhai driver ne shortcut leke airport 15 minute pehle pahuncha diya, maza aa gaya!",hinglish,cab_transport,appreciation,positive,driver,none,none,none,simple,none
CB562,"bhai cab ekdum brand new sedan thi, AC chilled aur music system bhi smooth tha.",hinglish,cab_transport,appreciation,positive,vehicle,none,none,none,simple,none
CB563,"bhai driver bohot humble aur respectful banda tha, bag uthane me turant help ki.",hinglish,cab_transport,appreciation,positive,driver,none,none,none,simple,none
CB564,bhai terminal 3 pickup point par cab enter karne ka koi alag parking charge hai kya?,hinglish,cab_transport,question,neutral,pickup,none,none,none,simple,none
CB565,bhai ride schedule feature subah 4 baje ke airport pickup ke liye reliable hai?,hinglish,cab_transport,question,neutral,ride,none,none,none,simple,none
CB566,bhai car me fastag balance check karne ka koi tareeqa hota hai driver ke pass?,hinglish,cab_transport,question,neutral,toll,none,none,none,simple,none
CB567,"bhai kya bakwas driver tha, rash driving karke signal tod raha tha continuously.",hinglish,cab_transport,complaint,negative,safety,rash_driving,high,mild,moderate,Reckless driving par driver ko block karein
CB568,"bhai teen driver ne lagatar ride cancel kar di, station par train chootne wali hai.",hinglish,cab_transport,complaint,negative,cancellation,driver_cancellation,high,none,moderate,Frequent cancellations par heavy penalty lagayein
CB569,"bhai driver polite tha par gaadi bohot gandi aur smelling thi, safai bilkul nahi thi.",hinglish,cab_transport,complaint,mixed,vehicle,poor_vehicle_condition,medium,none,moderate,Vehicle hygiene check karwayein
CB570,bhai ride time pe pahunchi but driver ne online payment lene me bohot drama kiya.,hinglish,cab_transport,complaint,mixed,fare,fare_dispute,medium,none,moderate,Cashless ride enforcement strict karein
CB571,mast ride,hinglish,cab_transport,appreciation,positive,ride,none,none,none,simple,none
CB572,bohot accha driver,hinglish,cab_transport,appreciation,positive,driver,none,none,none,simple,none
CB573,super smooth journey,english,cab_transport,appreciation,positive,ride,none,none,none,simple,none
CB574,sahi hai,hinglish,cab_transport,appreciation,positive,ride,none,none,none,simple,none
CB575,theek tha,hinglish,cab_transport,informational,neutral,ride,none,none,none,simple,none
CB576,average ride,english,cab_transport,informational,neutral,ride,none,none,none,simple,none
CB577,bekaar driver,hinglish,cab_transport,complaint,negative,driver,poor_communication,medium,none,simple,Driver etiquette improve karein
CB578,ride cancel ho gayi,hinglish,cab_transport,complaint,negative,cancellation,driver_cancellation,high,none,simple,Driver replacement arrange karein
CB579,bohot gandi gaadi,hinglish,cab_transport,complaint,negative,vehicle,poor_vehicle_condition,medium,none,simple,Cleaning mandate karein
CB580,ac band tha,hinglish,cab_transport,complaint,negative,vehicle,ac_not_working,medium,none,simple,AC compulsory karein
CB581,"bohot achha driver tha, bina kisi jhanjhat ke drop kiya.",hinglish,cab_transport,appreciation,positive,driver,none,none,none,simple,none
CB582,"bahot bekaar gaadi thi, pura rasta ajeeb sound aa rahi thi engine se.",hinglish,cab_transport,complaint,negative,vehicle,poor_vehicle_condition,medium,none,moderate,Vehicle fitness testing karwayein
CB583,Driver ne extra paise nai maange aur shi route se le gaya.,hinglish,cab_transport,appreciation,positive,driver,none,none,none,simple,none
CB584,"Cab time pe nhi aayi aur call bhi pick nhi kiya, bahot khraab service.",hinglish,cab_transport,complaint,negative,pickup,late_pickup,high,none,moderate,Punctual drivers dispatch karein
CB585,"Sedan cab ka standard fare calculate ho gaya receipt me, theek hai.",hinglish,cab_transport,informational,neutral,fare,none,none,none,simple,none
CB586,"The driver was exceptionally polite and arrived early, but the vehicle suspension made it an uncomfortable ride.",english,cab_transport,complaint,mixed,vehicle,poor_vehicle_condition,medium,none,moderate,Inspect suspension during routine fitness audits
CB587,"Cab booking was quick and seamless, however the surge pricing almost doubled the usual fare unexpectedly.",english,cab_transport,complaint,mixed,fare,fare_dispute,medium,none,moderate,Notify sudden surge price jumps clearly
CB588,"The car was pristine and air conditioning worked brilliantly, but the driver drove dangerously close to other vehicles.",english,cab_transport,complaint,mixed,safety,rash_driving,high,none,moderate,Monitor driving telemetry for tailgating
CB589,"Driver navigated traffic smartly to beat the rain, yet he demanded Rs 50 cash tip before opening the boot.",english,cab_transport,complaint,mixed,driver,fare_dispute,medium,none,moderate,Strictly prohibit demanding mandatory tips
CB590,"Ride reached destination without delay, but the app GPS kept glitching and showed an incorrect route map.",english,cab_transport,complaint,mixed,route,app_issue,low,none,moderate,Fix live navigation map synchronization
CB591,"Driver ne ride quickly accept kar li, lekin pickup location par aane me 25 minute laga diye.",hinglish,cab_transport,complaint,mixed,pickup,late_pickup,medium,none,moderate,Nearby drivers ko priority dispatch dein
CB592,"Gaadi comfortable thi aur safe drive kiya, par AC on karne par driver ne alag se 100 rupaye mange.",hinglish,cab_transport,complaint,mixed,vehicle,ac_not_working,medium,none,moderate,AC inclusion terms strictly enforce karein
CB593,"Fare discount coupon lag gaya tha, magar toll charge do baar invoice me calculate ho gaya.",hinglish,cab_transport,complaint,mixed,fare,fare_dispute,medium,none,moderate,Duplicate toll deduction check karein
CB594,"Driver baat karne me decent tha, par destination aane se pehle hi meter stop kar diya.",hinglish,cab_transport,complaint,mixed,driver,poor_communication,low,none,moderate,Accurate stop location ensure karein
CB595,"Pickup on time tha, although driver continuous loud phone calls par baat kar raha tha driving ke dauran.",hinglish,cab_transport,complaint,mixed,safety,rash_driving,medium,none,moderate,Driving ke waqt personal calls restrict karein
CB596,"Fantastic service, driver made me wait twenty minutes just to cancel right when he reached my gate.",english,cab_transport,complaint,negative,cancellation,driver_cancellation,high,none,moderate,Penalize doorstep ride cancellations
CB597,"Wonderful cab ride, enjoyed the sauna experience because the driver claimed AC burns too much gas.",english,cab_transport,complaint,negative,vehicle,ac_not_working,medium,none,moderate,Enforce AC compliance in peak summer
CB598,Great job charging me a cancellation penalty for having the audacity to book your cab.,english,cab_transport,complaint,negative,cancellation,fare_dispute,medium,none,moderate,Review automated cancellation fee disputes
CB599,Loved the scenic roller coaster experience as the driver swerved between three highway lanes at 100 kmph.,english,cab_transport,complaint,negative,safety,rash_driving,high,none,moderate,Install speed limiters on commercial cab fleet
CB600,"Superb navigation skills, turned a straightforward 15 minute drive into a 50 minute city sightseeing tour.",english,cab_transport,complaint,negative,route,wrong_route,medium,none,moderate,Cap fare when driver deviates from navigation
CB601,"I appreciate the driver arriving on time, but demanding an extra cash tip for turning on the AC was unacceptable.",english,cab_transport,complaint,negative,driver,ac_refusal,medium,none,moderate,none
CB602,"Thank you for assigning a clean car, however the driver took a much longer route without asking and increased the fare.",english,cab_transport,complaint,negative,route,long_route,medium,none,moderate,none
CB603,"With all due respect to the support team, closing my complaint ticket about overcharging without any refund is disappointing.",english,cab_transport,complaint,negative,support,ticket_closed,high,none,moderate,none
CB604,"I understand surge pricing during heavy rains, but a 4x multiplier for a 3 km ride is completely unreasonable.",english,cab_transport,complaint,negative,pricing,high_surge,medium,none,moderate,none
CB605,"The driver was polite during the trip, but he continuously talked on his phone through the speaker while driving at high speed.",english,cab_transport,complaint,negative,driver,phone_usage,high,none,moderate,none
CB606,"I value your reliable service in the city, but having three consecutive drivers cancel after accepting is very frustrating.",english,cab_transport,complaint,negative,driver,cancellation,high,none,moderate,none
CB607,"Thank you for offering ride vouchers, but the promo code consistently displays an invalid error at checkout.",english,cab_transport,complaint,negative,app,voucher_error,low,none,moderate,none
CB608,"While I acknowledge navigation apps can have errors, driving into a blocked one-way street caused me to miss my train.",english,cab_transport,complaint,negative,route,wrong_direction,high,none,moderate,none
CB609,"Respectfully, charging a cancellation fee when the driver did not move towards the pickup point for 15 minutes is unfair.",english,cab_transport,complaint,negative,pricing,unfair_cancellation_fee,high,none,moderate,none
CB610,"Driver sahab bohot tameez se baat kar rahe the, par gaadi me CNG khatam ho gayi aur highway pe aadha ghanta wait karwaya.",hinglish,cab_transport,complaint,negative,vehicle,cng_shortage,high,none,moderate,none
CB611,"Maine driver ko patiently wait karne diya, lekin destination aane par unhone online payment lene se saaf inkaar kar diya.",hinglish,cab_transport,complaint,negative,payment,cash_demand,high,none,moderate,none
CB612,"I appreciate your safety features, but the SOS button in the app failed to trigger any response when tested during an emergency.",english,cab_transport,complaint,negative,safety,sos_failure,high,none,complex,none
CB613,"With respect, auto-rickshaw meters are never calibrated properly and drivers refuse to go by the displayed distance.",english,cab_transport,complaint,negative,pricing,meter_tampering,medium,none,moderate,none
CB614,"Thank you for the quick vehicle dispatch, but the rear seatbelts were completely broken and tucked inside the cushion.",english,cab_transport,complaint,negative,vehicle,broken_seatbelt,high,none,moderate,none
CB615,"Support team ne politely call pe bola tha compensation milega, par 10 din ho gaye wallet me koi credit nahi aaya.",hinglish,cab_transport,complaint,negative,support,refund_pending,medium,none,moderate,none
CB616,"I understand airport toll charges apply, but adding airport entry fee on a city drop trip is an obvious billing error.",english,cab_transport,complaint,negative,pricing,toll_overcharge,medium,none,moderate,none
CB617,"Aapki cab booking interface kafi fast hai, par live GPS tracking 5 minute piche chalti hai jisse pickup miss ho jata hai.",hinglish,cab_transport,complaint,negative,app,gps_lag,medium,none,moderate,none
CB618,"The driver drove carefully, but the car smelled strongly of stale cigarette smoke and had dirty seat covers.",english,cab_transport,complaint,negative,vehicle,bad_smell,medium,none,moderate,none
CB619,"With all respect, your customer care helpline does not connect to any representative when a trip is active.",english,cab_transport,complaint,negative,support,no_live_support,high,none,moderate,none
CB620,"Maine bohot politely bola tha drop location gate number 2 par hai, fir bhi driver ne highway ke divider par utaar diya.",hinglish,cab_transport,complaint,negative,driver,wrong_drop,high,none,moderate,none
CB621,"I appreciate the convenience of scheduled rides, but cancelling the cab 5 minutes before scheduled pickup defeats the purpose.",english,cab_transport,complaint,negative,service,schedule_cancel,high,none,moderate,none
CB622,"Respectfully, an electric cab running out of battery midway through a flyover journey is an enormous safety hazard.",english,cab_transport,complaint,negative,vehicle,battery_dead,high,none,complex,none
CB623,"Aapka app design modern hai, par driver profile me car number aur actual aayi hui car ka number match nahi karta.",hinglish,cab_transport,complaint,negative,safety,car_mismatch,high,none,moderate,none
CB624,"Driver was courteous, but he refused to open the boot space claiming his personal luggage was kept inside.",english,cab_transport,complaint,negative,vehicle,boot_unavailable,medium,none,moderate,none
CB625,"I appreciate your rapid response on Twitter, but standard email grievances about driver misbehavior remain unanswered.",english,cab_transport,complaint,negative,support,unanswered_grievance,medium,none,moderate,none
CB626,"Driver ne politely call karke destination pucha, aur location sunte hi seedha trip cancel kar di.",hinglish,cab_transport,complaint,negative,driver,trip_rejection,medium,none,moderate,none
CB627,"Thank you for providing intercity service, but charging toll tax twice on the return trip is unjustified.",english,cab_transport,complaint,negative,pricing,double_toll,medium,none,moderate,none
CB628,"While the sedan was comfortable, the shock absorbers were so degraded that every pothole felt jarring.",english,cab_transport,complaint,negative,vehicle,bad_suspension,low,none,moderate,none
CB629,"With all due respect, deducting cancellation charges when the driver was 2 km away in the wrong direction is unacceptable.",english,cab_transport,complaint,negative,pricing,cancellation_fee,high,none,moderate,none
CB630,"Aapke driver ka nature acha tha, par gaadi ka AC cooling bilkul zero thi 42 degree garmi me.",hinglish,cab_transport,complaint,negative,vehicle,ac_not_working,medium,none,moderate,none
CB631,"I understand night driving requires caution, but driving at 20 kmph on an open expressway caused significant delays.",english,cab_transport,complaint,negative,driver,slow_driving,low,none,moderate,none
CB632,"Thank you for issuing an apology credit, but Rs 25 coupon does not make up for missing a domestic flight.",english,cab_transport,complaint,negative,support,insufficient_compensation,high,none,moderate,none
CB633,"Aapke support ne ticket resolve likh diya, jabki driver ne extra cash lekar app par payment pending mark kar diya tha.",hinglish,cab_transport,complaint,negative,payment,cash_dispute,high,none,moderate,none
CB634,"Respectfully, the estimated fare shown before booking was Rs 250 while the final billed amount exceeded Rs 420.",english,cab_transport,complaint,negative,pricing,fare_discrepancy,high,none,moderate,none
CB635,"The driver was soft-spoken, but he had poor night vision and struggled to see speed breakers on the road.",english,cab_transport,complaint,negative,driver,unsafe_driving,high,none,moderate,none
CB636,"Maine driver ko patiently rasta bataya, fir bhi unhone wrong turn le liya aur extra toll add ho gaya bill me.",hinglish,cab_transport,complaint,negative,route,wrong_route,medium,none,moderate,none
CB637,"I value safety above all, yet your driver did not wear a seatbelt and drove while holding his mobile phone.",english,cab_transport,complaint,negative,safety,traffic_violation,high,none,moderate,none
CB638,"Customer support agent was polite, but refused to waive the surge fee after a 40-minute pickup delay.",english,cab_transport,complaint,negative,support,surge_dispute,medium,none,moderate,none
CB639,"Aapki cab clean thi, par driver ne luggage load karne me koi help nahi ki aur bas baith ke dekhta raha.",hinglish,cab_transport,complaint,negative,driver,unhelpful_driver,low,none,moderate,none
CB640,"While I acknowledge fuel prices have increased, a 30 percent platform convenience fee on short rides is excessive.",english,cab_transport,complaint,negative,pricing,platform_fee,medium,none,moderate,none
CB641,Driver cancelled again.,english,cab_transport,complaint,negative,driver,cancellation,medium,none,simple,none
CB642,AC not working.,english,cab_transport,complaint,negative,vehicle,ac_issue,medium,none,simple,none
CB643,Overpriced ride.,english,cab_transport,complaint,negative,pricing,expensive,medium,none,simple,none
CB644,Gadi gandi thi.,hinglish,cab_transport,complaint,negative,vehicle,dirty_cab,low,none,simple,none
CB645,Driver rude tha.,hinglish,cab_transport,complaint,negative,driver,rude_driver,medium,none,simple,none
CB646,Cash demanded.,english,cab_transport,complaint,negative,payment,cash_demand,high,none,simple,none
CB647,Wrong route taken.,english,cab_transport,complaint,negative,route,wrong_route,medium,none,simple,none
CB648,Cab aayi hi nahi.,hinglish,cab_transport,complaint,negative,driver,no_show,high,none,simple,none
CB649,Horrible surge pricing.,english,cab_transport,complaint,negative,pricing,surge,high,none,simple,none
CB650,Unsafe rash driving.,english,cab_transport,complaint,negative,safety,rash_driving,high,none,simple,none
CB651,Late pickup.,english,cab_transport,complaint,negative,service,delay,medium,none,simple,none
CB652,Tyre punctured midway.,english,cab_transport,complaint,negative,vehicle,breakdown,high,none,simple,none
CB653,Smooth quiet ride.,english,cab_transport,appreciation,positive,service,none,none,none,simple,none
CB654,Superfast cab booking.,english,cab_transport,appreciation,positive,app,none,none,none,simple,none
CB655,Driver bohot polite tha.,hinglish,cab_transport,appreciation,positive,driver,none,none,none,simple,none
CB656,Clean car interior.,english,cab_transport,appreciation,positive,vehicle,none,none,none,simple,none
CB657,Chilled AC.,english,cab_transport,appreciation,positive,vehicle,none,none,none,simple,none
CB658,Mast ride thi.,hinglish,cab_transport,appreciation,positive,service,none,none,none,simple,none
CB659,Arrived on time.,english,cab_transport,appreciation,positive,driver,none,none,none,simple,none
CB660,Safe night driving.,english,cab_transport,appreciation,positive,safety,none,none,none,simple,none
CB661,Great driver behaviour.,english,cab_transport,appreciation,positive,driver,none,none,none,simple,none
CB662,Paisa vasool ride.,hinglish,cab_transport,appreciation,positive,pricing,none,none,none,simple,none
CB663,Ride completed.,english,cab_transport,informational,neutral,service,none,none,none,simple,none
CB664,Bill sent to email.,english,cab_transport,informational,neutral,payment,none,none,none,simple,none
CB665,Average cab.,english,cab_transport,informational,neutral,vehicle,none,none,none,simple,none
CB666,Theek thaak tha.,hinglish,cab_transport,informational,neutral,service,none,none,none,simple,none
CB667,Normal auto ride.,english,cab_transport,informational,neutral,service,none,none,none,simple,none
CB668,Bas pahuch gaye.,hinglish,cab_transport,informational,neutral,service,none,none,none,simple,none
CB669,Standard sedan.,english,cab_transport,informational,neutral,vehicle,none,none,none,simple,none
CB670,Drop reached.,english,cab_transport,informational,neutral,service,none,none,none,simple,none
CB671,Clean car slow driver.,english,cab_transport,complaint,mixed,driver,slow_driving,low,none,simple,none
CB672,Fast ride AC off.,english,cab_transport,complaint,mixed,vehicle,ac_off,low,none,simple,none
CB673,Acha tha par mehenga.,hinglish,cab_transport,complaint,mixed,pricing,expensive,low,none,simple,none
CB674,Good car bad route.,english,cab_transport,complaint,mixed,route,wrong_route,low,none,simple,none
CB675,Polite driver car dirty.,english,cab_transport,complaint,mixed,vehicle,dirty_car,low,none,simple,none
CB676,Driver ne location pr aane se mana kr diya aur call cut kiya.,hinglish,cab_transport,complaint,negative,driver,refusal,high,none,moderate,none
CB677,Bhot achha driver tha bilkul safe driving kiya unhone.,hinglish,cab_transport,appreciation,positive,driver,none,none,none,moderate,none
CB678,Gaadi me AC on nhi kiya bolte h extra paisa lgega.,hinglish,cab_transport,complaint,negative,vehicle,ac_charges,medium,none,moderate,none
CB679,Cab time pe milla koi wait nai krna pada office jldi pahuch gya.,hinglish,cab_transport,appreciation,positive,service,none,none,none,moderate,none
CB680,Map me route galat dikha rha tha driver bhatak gya raste me.,hinglish,cab_transport,complaint,negative,route,gps_error,medium,none,moderate,none
CB681,Bohot bura rha experience cab cancel krne ka charge kaat liya.,hinglish,cab_transport,complaint,negative,pricing,cancellation_fee,high,none,moderate,none
CB682,Gadi bilkul saaf suthri thi aur smell bhi achhi thi.,hinglish,cab_transport,appreciation,positive,vehicle,none,none,none,moderate,none
CB683,Payment online kiya tha pr driver bolta h cash he chahiye mujhe.,hinglish,cab_transport,complaint,negative,payment,cash_demand,high,none,moderate,none
CB684,Bhot jaldi pick up kiya cab ne booking k 2 minute baad aagyi.,hinglish,cab_transport,appreciation,positive,service,none,none,none,moderate,none
CB685,Car ka tyre puncture ho gya tha highway pr koi replacement nai milla.,hinglish,cab_transport,complaint,negative,vehicle,breakdown,high,none,moderate,none
CB686,Auto driver ne meter se chalne se mana kiya bhot khrab behavior tha.,hinglish,cab_transport,complaint,negative,driver,rude_driver,high,none,moderate,none
CB687,Ride smooth rhi rate bhi theek thaak tha koi extra charge nhi.,hinglish,cab_transport,appreciation,positive,pricing,none,none,none,moderate,none
CB688,Driver rash driving kr rha tha bhot dar lag rha tha raste me.,hinglish,cab_transport,complaint,negative,safety,rash_driving,high,none,moderate,none
CB689,Airport drop k liye cab book kiya tha driver time se pehle aaya.,hinglish,cab_transport,appreciation,positive,service,none,none,none,moderate,none
CB690,Surge charge bhot jyada laga rkha tha itna rent koi nai deta.,hinglish,cab_transport,complaint,negative,pricing,high_surge,medium,none,moderate,none
CB691,App me live location update nai ho rhi thi cab kaha h pta nai chala.,hinglish,cab_transport,complaint,negative,app,gps_lag,medium,none,moderate,none
CB692,Bhai gadi me AC mast chal rha tha garmi me relief mil gya.,hinglish,cab_transport,appreciation,positive,vehicle,none,none,none,moderate,none
CB693,Pickup point se 500 meter dur khada tha driver aage nai aaya.,hinglish,cab_transport,complaint,negative,driver,wrong_pickup,medium,none,moderate,none
CB694,Fare estimate dekha tha 200 pr final bill 350 huwa.,hinglish,cab_transport,complaint,negative,pricing,overcharge,high,none,moderate,none
CB695,Driver bhaiya bhot helpful the luggage pura unhone uthaya.,hinglish,cab_transport,appreciation,positive,driver,none,none,none,moderate,none
CB696,Gaadi me seatbelt khrab thi lock nai ho rhi thi.,hinglish,cab_transport,complaint,negative,vehicle,broken_seatbelt,medium,none,moderate,none
CB697,Cab tracking smooth h koi issue dekhne ko nai milta app me.,hinglish,cab_transport,appreciation,positive,app,none,none,none,moderate,none
CB698,Traffic tha raste me isliye 15 minute late huwa drop.,hinglish,cab_transport,informational,neutral,route,none,none,none,moderate,none
CB699,Bhot bekaar service h bar bar trip cancel kr dete h drivers.,hinglish,cab_transport,complaint,negative,driver,cancellations,high,none,moderate,none
CB700,Clean car thi aur driver ne politely rasta pucha mujhse.,hinglish,cab_transport,appreciation,positive,driver,none,none,none,moderate,none
CB701,Extra toll add kr diya bill me jo mene cross he nai kiya tha.,hinglish,cab_transport,complaint,negative,pricing,toll_fraud,high,none,moderate,none
CB702,Night ride safe rhi driver ne pura focus road pr rakha.,hinglish,cab_transport,appreciation,positive,safety,none,none,none,moderate,none
CB703,Customer support pe call kiya pr koi response nai milla unka.,hinglish,cab_transport,complaint,negative,support,no_response,medium,none,moderate,none
CB704,Auto ka meter theek chal rha tha koi jhanjhat nai hui.,hinglish,cab_transport,appreciation,positive,pricing,none,none,none,moderate,none
CB705,Luggage bohot jyada tha isliye boot space me dikkat aayi.,hinglish,cab_transport,complaint,mixed,vehicle,boot_space,low,none,moderate,none
CB706,The driver did not turn on the air conditioning despite hot weather.,english,cab_transport,complaint,negative,vehicle,ac_off,medium,none,moderate,none
CB707,Driver ne destination par gaadi rokne se mana kar diya.,hinglish,cab_transport,complaint,negative,driver,refusal,high,none,moderate,none
CB708,I did not receive any refund for the cancelled ride fee.,english,cab_transport,complaint,negative,pricing,refund_pending,high,none,moderate,none
CB709,Cab driver did not help with heavy luggage in the trunk.,english,cab_transport,complaint,negative,driver,unhelpful,low,none,moderate,none
CB710,Live location map par refresh nahi ho rahi thi pure raste.,hinglish,cab_transport,complaint,negative,app,gps_lag,medium,none,moderate,none
CB711,The vehicle was not clean and seat covers were soiled.,english,cab_transport,complaint,negative,vehicle,dirty_car,medium,none,moderate,none
CB712,Driver ne online payment accept nahi kiya aur cash manga.,hinglish,cab_transport,complaint,negative,payment,cash_demand,high,none,moderate,none
CB713,I did not authorize the extra toll charge included in my final invoice.,english,cab_transport,complaint,negative,pricing,toll_fraud,high,none,moderate,none
CB714,Customer care ne driver ki rash driving par koi action nahi liya.,hinglish,cab_transport,complaint,negative,support,inaction,high,none,moderate,none
CB715,The cab did not arrive at the scheduled pickup time.,english,cab_transport,complaint,negative,service,delay,high,none,moderate,none
CB716,Driver ne bina puche highway par toll route follow nahi kiya.,hinglish,cab_transport,complaint,negative,route,route_change,low,none,moderate,none
CB717,App is not allowing me to rate the driver after ride completion.,english,cab_transport,complaint,negative,app,rating_bug,low,none,moderate,none
CB718,Safety SOS alert did not trigger any call from customer support.,english,cab_transport,complaint,negative,safety,sos_failure,high,none,moderate,none
CB719,Gaadi me seatbelt properly lock nahi ho raha tha.,hinglish,cab_transport,complaint,negative,vehicle,broken_seatbelt,medium,none,moderate,none
CB720,The driver did not slow down near zebra crossings.,english,cab_transport,complaint,negative,safety,rash_driving,high,none,moderate,none
CB721,Wallet balance use karne ka option checkout pe visible nahi tha.,hinglish,cab_transport,complaint,negative,app,wallet_bug,low,none,moderate,none
CB722,Driver did not know the route and refused to use Google Maps.,english,cab_transport,complaint,negative,route,no_navigation,medium,none,moderate,none
CB723,Mera complaint ticket bina solution ke close nahi hona chahiye tha.,hinglish,cab_transport,complaint,negative,support,premature_closure,medium,none,moderate,none
CB724,I have not seen such terrible driving behavior in a commercial cab.,english,cab_transport,complaint,negative,driver,bad_behavior,high,none,moderate,none
CB725,Driver ne mask nahi pehna tha aur gaadi me smoke smell thi.,hinglish,cab_transport,complaint,negative,vehicle,smell,low,none,moderate,none
CB726,The car doors were not unlocking from the inside at the destination.,english,cab_transport,complaint,negative,safety,door_lock_fault,high,none,moderate,none
CB727,Refund confirmation mail aane ke baad bhi bank me credit nahi hua.,hinglish,cab_transport,complaint,negative,payment,refund_delay,high,none,moderate,none
CB728,Driver did not wait even for 2 minutes after arriving at location.,english,cab_transport,complaint,negative,driver,early_cancel,medium,none,moderate,none
CB729,Night charges calculate karte waqt promo code apply nahi ho raha.,hinglish,cab_transport,complaint,negative,pricing,promo_bug,low,none,moderate,none
CB730,The vehicle registration plate did not match the details shown in app.,english,cab_transport,complaint,negative,safety,plate_mismatch,high,none,moderate,none
CB731,"The cab was clean and air-conditioned, but the driver took an unnecessarily long route.",english,cab_transport,complaint,mixed,route,long_route,medium,none,moderate,none
CB732,"Pickup was fast within 3 minutes, but the driver demanded extra 100 rupees cash for luggage.",english,cab_transport,complaint,mixed,payment,cash_demand,high,none,moderate,none
CB733,"The sedan car was very comfortable, but the stereo music was blasting at full volume.",english,cab_transport,complaint,mixed,vehicle,loud_music,low,none,moderate,none
CB734,"Driver was very polite, but he drove so slowly that I reached my interview late.",english,cab_transport,complaint,mixed,driver,slow_driving,medium,none,moderate,none
CB735,"Pricing was very affordable, but the cab arrived 20 minutes after the estimated time.",english,cab_transport,complaint,mixed,service,delay,medium,none,moderate,none
CB736,"App interface is sleek, but live GPS tracking keeps freezing midway through the trip.",english,cab_transport,complaint,mixed,app,gps_lag,low,none,moderate,none
CB737,"Safety features are great, but the cancellation penalty policy is too aggressive.",english,cab_transport,complaint,mixed,pricing,penalty,medium,none,moderate,none
CB738,"Driver drove safely in heavy rain, but the rear window was leaking water onto the seat.",english,cab_transport,complaint,mixed,vehicle,water_leak,medium,none,moderate,none
CB739,"Support team refunded the fare quickly, but having to dispute every other ride is exhausting.",english,cab_transport,complaint,mixed,support,frequent_disputes,medium,none,moderate,none
CB740,"Booking was confirmed instantly, but the assigned driver called to ask my drop location and cancelled.",english,cab_transport,complaint,mixed,driver,cancellation,high,none,moderate,none
CB741,"Gadi bilkul brand new thi, par driver ka behavior kafi arrogant tha baat karne me.",hinglish,cab_transport,complaint,mixed,driver,rude_driver,medium,none,moderate,none
CB742,"AC cooling mast thi, lekin gaadi ke shock absorbers bohot kharab the har gaddha feel hua.",hinglish,cab_transport,complaint,mixed,vehicle,bad_suspension,low,none,moderate,none
CB743,"Time par drop kar diya, par raste me teen baar phone pe personal baatein karta raha.",hinglish,cab_transport,complaint,mixed,driver,phone_distraction,medium,none,moderate,none
CB744,"Rate kafi sasta tha, lekin car ke andar bohot gandi smell aa rahi thi.",hinglish,cab_transport,complaint,mixed,vehicle,bad_smell,low,none,moderate,none
CB745,"Driver ne rasta smoothly nikala, par destination aane par online payment lene me aana kani ki.",hinglish,cab_transport,complaint,mixed,payment,online_hesitation,low,none,moderate,none
CB746,"Cab jaldi book ho gayi, par auto driver ne meter chalane ke bajaye fixed 300 rupaye mange.",hinglish,cab_transport,complaint,mixed,pricing,meter_refusal,medium,none,moderate,none
CB747,"App me coupon lag gaya tha, par bill me toll charges bina receipt ke double jod diye.",hinglish,cab_transport,complaint,mixed,pricing,double_toll,medium,none,moderate,none
CB748,"Seats comfortable thi, par driver ne seatbelt lagane ko mana kar diya bolta hai zaroorat nahi.",hinglish,cab_transport,complaint,mixed,safety,seatbelt_negligence,medium,none,moderate,none
CB749,"Driver polite tha, par usko airport terminal ka rasta bilkul nahi pata tha maps ke bina.",hinglish,cab_transport,complaint,mixed,route,route_ignorance,low,none,moderate,none
CB750,"Booking fast hui, par luggage boot me rakhne ke liye driver ne mana kiya cylinder rakha tha.",hinglish,cab_transport,complaint,mixed,vehicle,boot_unavailable,low,none,moderate,none
CB751,Why should I pay a cancellation charge when the driver was driving in the opposite direction?,english,cab_transport,question,negative,pricing,unfair_cancellation_fee,high,none,moderate,none
CB752,Is it standard company policy for drivers to demand extra cash for turning on the AC?,english,cab_transport,question,negative,driver,ac_charges,medium,none,moderate,none
CB753,How am I expected to catch an early morning train when four drivers cancel consecutively?,english,cab_transport,question,negative,driver,cancellations,high,none,moderate,none
CB754,Why does the estimated fare double by the time the ride finishes?,english,cab_transport,question,negative,pricing,fare_hike,high,none,moderate,none
CB755,Can someone explain why toll was charged on an internal city route that has no toll plaza?,english,cab_transport,question,negative,pricing,toll_fraud,high,none,moderate,none
CB756,What is the use of SOS safety button if no emergency response team answers?,english,cab_transport,question,negative,safety,sos_failure,high,none,moderate,none
CB757,Is there any reason why drivers ask for drop location on phone before accepting?,english,cab_transport,question,negative,driver,location_refusal,medium,none,moderate,none
CB758,Driver ne 15 minute wait karwake cancel kar diya iska compensation kaun dega?,hinglish,cab_transport,question,negative,driver,cancellation_delay,high,none,moderate,none
CB759,Airport drop ke time gadi ka tyre puncture hone par company replacement kyu nahi bhejti?,hinglish,cab_transport,question,negative,service,breakdown_support,high,none,moderate,none
CB760,Kya garmi me AC chalane ke liye har baar ladai karni padegi driver se?,hinglish,cab_transport,question,negative,vehicle,ac_refusal,medium,none,moderate,none
CB761,Map par pickup 2 minute dikha raha tha par 20 minute kyu lage aane me?,hinglish,cab_transport,question,negative,service,delay,medium,none,moderate,none
CB762,Auto driver ne meter se chalne se mana kyu kiya kya koi checking nahi hoti?,hinglish,cab_transport,question,negative,pricing,meter_refusal,medium,none,moderate,none
CB763,Customer support ticket raise karne ke baad automated sorry ke alawa kuch milta hai kya?,hinglish,cab_transport,question,negative,support,automated_response,low,none,moderate,none
CB764,Driver ne rash driving karke signal toda agar police pakadti toh kaun zimmedar hota?,hinglish,cab_transport,question,negative,safety,rash_driving,high,none,moderate,none
CB765,Online payment hone ke baad driver cash ke liye argue kyu karta hai har baar?,hinglish,cab_transport,question,negative,payment,cash_demand,high,none,moderate,none
CB766,bhai sach me maza aa gaya cab time pe aayi aur AC bhi chilled tha loving it,hinglish,cab_transport,appreciation,positive,service,none,none,none,simple,none
CB767,yaar driver ne highway pe bol diya cash do varna aage nahi jaunga bohot bekaar,hinglish,cab_transport,complaint,negative,payment,cash_demand,high,none,simple,none
CB768,bhai pickup location gate number 1 pe hai bas wahi gaadi laga dena,hinglish,cab_transport,informational,neutral,route,none,none,none,simple,none
CB769,bhai ride smooth thi par surge charge bohot zyada tha weekend par,hinglish,cab_transport,complaint,mixed,pricing,surge,low,none,simple,none
CB770,yaar teen driver ne trip cancel kar di office pahuchne me late ho gaya,hinglish,cab_transport,complaint,negative,driver,cancellations,high,none,simple,none
CB771,bhai auto wale bhaiya ne meter se chala diya bina kisi jhanjhat ke super,hinglish,cab_transport,appreciation,positive,pricing,none,none,none,simple,none
CB772,yaar cab ka AC kharab tha poore raste paseene me bheeg gaye,hinglish,cab_transport,complaint,negative,vehicle,ac_issue,medium,none,simple,none
CB773,bhai electric cab thi bilkul silent ride maza aa gaya travelling me,hinglish,cab_transport,appreciation,positive,vehicle,none,none,none,simple,none
CB774,bas itna bata do invoice kab generate hoga reimbursement ke liye chahiye,hinglish,cab_transport,informational,neutral,pricing,none,none,none,simple,none
CB775,yaar driver rasta bhool gaya aur ghumata raha meter badhane ke liye,hinglish,cab_transport,complaint,negative,route,long_route,high,none,simple,none
CB776,bhai driver ne safely drop kiya aur luggage bhi utarwaya shandar,hinglish,cab_transport,appreciation,positive,driver,none,none,none,simple,none
CB777,please mera cancellation fee refund kar do driver khud nahi aaya tha bhai,hinglish,cab_transport,complaint,negative,pricing,unfair_cancellation_fee,high,none,simple,none
CB778,yaar gadi toh saf thi par driver bina bataye phone pe continuously laga hua tha,hinglish,cab_transport,complaint,mixed,driver,phone_usage,low,none,simple,none
CB779,bhai trip summary me total distance 14 km likha hai jo bilkul accurate hai,hinglish,cab_transport,informational,neutral,route,none,none,none,simple,none
CB780,acha offer mila ride discount coupon ka par peak hours me apply nahi hua,hinglish,cab_transport,complaint,mixed,pricing,coupon_restriction,low,none,simple,none
CB781,The trip started at 8:45 AM from sector 18 and completed at 9:30 AM at railway station.,english,cab_transport,informational,neutral,route,none,none,none,simple,none
CB782,Assigned vehicle was a white commercial sedan with registration DL01AB9988.,english,cab_transport,informational,neutral,vehicle,none,none,none,simple,none
CB783,The total trip distance recorded by GPS was 16.4 kilometers on the arterial road.,english,cab_transport,informational,neutral,route,none,none,none,simple,none
CB784,Final ride invoice of Rs 342 was charged to the linked digital wallet.,english,cab_transport,informational,neutral,pricing,none,none,none,simple,none
CB785,Pickup was completed from terminal 3 departure gate 4 at Indira Gandhi Airport.,english,cab_transport,informational,neutral,service,none,none,none,simple,none
CB786,Cab me passenger capacity 4 logo ki registered thi driver ke alawa.,hinglish,cab_transport,informational,neutral,vehicle,none,none,none,simple,none
CB787,Driver ka contact number aur OTP app me booking confirm hone par visible hua.,hinglish,cab_transport,informational,neutral,app,none,none,none,simple,none
CB788,Toll plaza par Fastag deduction 65 rupaye ka receipt me itemized dikhaya gaya hai.,hinglish,cab_transport,informational,neutral,pricing,none,none,none,simple,none
CB789,Ride route me Outer Ring Road ka flyover include kiya gaya tha destination tak.,hinglish,cab_transport,informational,neutral,route,none,none,none,simple,none
CB790,Trip completion ke baad digital receipt registered email par dispatch kar di gayi.,hinglish,cab_transport,informational,neutral,pricing,none,none,none,simple,none
CB791,"Great service, driver accepted the ride only to sit in a tea stall for 20 minutes.",english,cab_transport,complaint,negative,driver,no_show,high,none,moderate,none
CB792,Wonderful experience paying 4x surge only to get an auto with a broken passenger seat.,english,cab_transport,complaint,negative,vehicle,broken_seat,high,none,moderate,none
CB793,Thanks for charging a cancellation fee when the driver drove in the opposite direction.,english,cab_transport,complaint,negative,pricing,unfair_fee,high,none,moderate,none
CB794,"Loved the roller coaster ride on city roads, speed breakers are clearly meant to be jumped over.",english,cab_transport,complaint,negative,safety,rash_driving,high,none,moderate,none
CB795,"Kamaal ka AC tha cab me, bahar 40 degree tha aur andar 42 degree garmi lag rahi thi.",hinglish,cab_transport,complaint,negative,vehicle,ac_failure,high,none,moderate,none
CB796,"The sedan arrived fast, but the driver refused to turn on headlights on the dark highway.",english,cab_transport,complaint,mixed,safety,headlight_off,high,none,moderate,none
CB797,"Fare calculation was transparent, but the cab interior had candy wrappers on the floor.",english,cab_transport,complaint,mixed,vehicle,litter,low,none,moderate,none
CB798,Cab arrived at the designated parking bay number 7 as mentioned in the SMS alert.,english,cab_transport,informational,neutral,service,none,none,none,moderate,none
CB799,"Driver ne time pe drop kiya, par car me phone charger working condition me nahi tha.",hinglish,cab_transport,complaint,mixed,vehicle,charger_fault,low,none,moderate,none
CB800,App me drop location landmark ke sath save ho gaya bina kisi manual issue ke.,hinglish,cab_transport,informational,neutral,app,none,none,none,moderate,none
