id,text,language,service,behavior,sentiment,aspect,issue,severity,abuse,complexity,suggestion
BK001,UPI payment went through in two seconds at the local grocery store without any glitch.,english,banking_upi,appreciation,positive,upi,none,none,none,simple,none
BK002,"The mobile banking app has an intuitive dashboard, but finding the downloadable tax statement requires navigating too many obscure menus.",english,banking_upi,complaint,mixed,mobile_app,app_issue,low,none,complex,Simplify tax statement navigation in app
BK003,bhai ATM se cash nikala nahi par account se 5000 cut gaye ab tak reversal pending hai,hinglish,banking_upi,complaint,negative,atm,atm_cash_issue,high,none,moderate,Automate failed ATM cash reversals within 24 hours
BK004,What is the daily maximum limit for outward IMPS transactions on newly registered beneficiaries?,english,banking_upi,question,neutral,transaction_limit,none,none,none,moderate,none
BK005,Credit card bill payment instant update ho gaya aur SMS receipt bhi turant aa gayi.,hinglish,banking_upi,appreciation,positive,bill_payment,none,none,none,simple,none
BK006,Banks should provide an instant lock switch for contactless tap-and-pay transactions directly from the quick access notifications.,english,banking_upi,suggestion,neutral,security,none,none,none,moderate,Add quick toggle for NFC card payments
BK007,"swiped my debit card at the fuel station twice because POS showed timeout, ended up with duplicate billing",english,banking_upi,complaint,negative,debit_card,duplicate_payment,high,none,moderate,Enhance POS terminal timeout reconciliation
BK008,"I wouldn't call the digital KYC verification impossible, but uploading address proof failed four times before succeeding.",english,banking_upi,complaint,mixed,kyc,kyc_issue,low,none,complex,none
BK009,money debited via phonepe QR but shopkeeper terminal says payment declined complete hassle during rush hour,english,banking_upi,complaint,negative,qr_payment,payment_not_received,medium,none,moderate,Improve merchant terminal sync for QR payments
BK010,Transferred fifteen thousand rupees via NEFT at 11:30 AM and the funds reached beneficiary account around 12:15 PM.,english,banking_upi,informational,neutral,bank_transfer,none,none,none,simple,none
BK011,bhai 10 din se pending refund atka hua hai customer support wale bilkul chor aur nikamme hain,hinglish,banking_upi,complaint,negative,refund,refund_delay,high,severe,Resolve pending merchant refunds immediately,
BK012,Fingerprint biometric authentication on this updated banking app is remarkably fast and reliable.,english,banking_upi,appreciation,positive,mobile_app,none,none,none,simple,none
BK013,Can I link my NRE savings account to standard third-party UPI apps for domestic UPI payments?,english,banking_upi,question,neutral,account,none,none,none,moderate,none
BK014,electricity bill payment failed on app but money was deducted from savings account without transaction reference number,english,banking_upi,complaint,negative,bill_payment,payment_failed,high,none,moderate,Provide instant reference ID for failed bill payments
BK015,passbook printing machine at branch was out of ink and swallowed my passbook,english,banking_upi,complaint,negative,account,account_issue,medium,none,simple,Ensure branch automated kiosks are maintained
BK016,bhai mobile recharge kiya tha 299 ka balance kat gaya par pack activate nahi hua 6 ghante se,hinglish,banking_upi,complaint,negative,recharge,payment_pending,medium,none,moderate,Expedite operator recharge confirmations
BK017,"The net banking web portal looks outdated, but surprisingly executes bulk salary RTGS transfers flawlessly.",english,banking_upi,appreciation,mixed,internet_banking,none,none,none,moderate,none
BK018,Payment apps should display bank server downtime warnings before users initiate high-value transfers.,english,banking_upi,suggestion,neutral,service_speed,none,none,none,moderate,Display bank downtime alerts before initiating transfer
BK019,bhai credit card reward points redeem kiye the voucher code SMS pe receive hi nahi hua,hinglish,banking_upi,complaint,negative,credit_card,notification_delay,medium,none,moderate,Ensure automated dispatch of reward vouchers
BK020,"Branch staff was polite, assisted my elderly mother with updating physical KYC documents without making us wait.",english,banking_upi,appreciation,positive,customer_support,none,none,none,moderate,none
BK021,"Although the UPI payment eventually went through on the third attempt, the initial false failure alerts caused panic.",english,banking_upi,complaint,mixed,upi,payment_pending,low,none,complex,Improve accuracy of real-time payment status messages
BK022,unauthorized international transaction alert triggered at 2 AM even though international usage was disabled in app settings,english,banking_upi,complaint,negative,security,security_concern,high,none,moderate,Strictly enforce card control toggle switches
BK023,FD interest rate badhiya mila aur tenure khatam hone par seedha savings account me credit ho gaya.,hinglish,banking_upi,informational,positive,account,none,none,none,simple,none
BK024,Does the bank levy additional surcharge if I clear my utility bills using RuPay credit card on UPI?,english,banking_upi,question,neutral,credit_card,none,none,none,moderate,none
BK025,Pathetic useless bank app keeps crashing on face unlock idiot developers cannot even build basic authentication,english,banking_upi,complaint,negative,mobile_app,app_issue,medium,severe,Fix face unlock crash bug in app,
BK026,virtual debit card generate karna bahut aasan tha instantly e-commerce shopping ke liye ready ho gaya,hinglish,banking_upi,appreciation,positive,debit_card,none,none,none,simple,none
BK027,"I wouldn't say the customer helpline is useless, but listening to promotional IVR tunes for 15 minutes before reaching an agent is exhausting.",english,banking_upi,complaint,mixed,customer_support,customer_support_delay,low,none,complex,none
BK028,"Smooth cheque clearance, deposited clearing cheque at branch drop box yesterday morning and funds cleared today by noon.",english,banking_upi,appreciation,positive,deposit,none,none,none,moderate,none
BK029,kya ATM card block hone ke baad naya card dispatch status online track kar sakte hain?,hinglish,banking_upi,question,neutral,debit_card,none,none,none,simple,none
BK030,Customer care executive was extremely condescending and refused to file an official grievance ticket for unauthorized SMS charges.,english,banking_upi,complaint,negative,customer_support,poor_customer_support,medium,mild,Train customer service staff in grievance logging,
BK031,"Scanned roadside vendor QR code, amount deducted but payment shows processing since yesterday morning.",english,banking_upi,complaint,negative,qr_payment,payment_pending,medium,none,moderate,Reduce pending settlement windows for small merchant QR
BK032,Salary account got debited with 250 rupees as annual debit card fee despite promise of zero charges forever during corporate onboarding.,english,banking_upi,complaint,negative,debit_card,wrong_charge,medium,none,complex,Adhere to zero-fee commitments on corporate payroll accounts
BK033,"The loan repayment auto-debit works punctually, although the confirmation receipt takes three working days to generate.",english,banking_upi,appreciation,mixed,account,notification_delay,low,none,complex,Issue instantaneous auto-debit clearance receipts
BK034,bhai international debit card enable kiya tha app me fir bhi foreign website pe card decline ho raha hai,hinglish,banking_upi,complaint,negative,debit_card,card_declined,medium,none,moderate,Enable international 3D secure protocols reliably
BK035,"Seamless UPI Lite setup, small vegetable payments under 500 happen in a split second without entering PIN.",english,banking_upi,appreciation,positive,upi,none,none,none,moderate,none
BK036,kya savings account ka monthly average balance limit waive karne ka koi option hai for students?,hinglish,banking_upi,question,neutral,account,none,none,none,moderate,none
BK037,"Branch manager intervened immediately when the cash deposit kiosk jammed with twenty thousand rupees, ensuring credit within thirty minutes.",english,banking_upi,appreciation,positive,customer_support,none,none,none,complex,none
BK038,The clean user interface of the mobile app makes mutual fund SIP tracking very straightforward.,english,banking_upi,appreciation,positive,mobile_app,none,none,none,moderate,none
BK039,"Received fishy SMS claiming bank account blocked with an apk download link, clearly spoofed sender ID and poor bank vigilance.",english,banking_upi,complaint,negative,security,security_concern,high,none,moderate,Report phishing SMS headers to telecom regulators
BK040,amt deduct ho gya but recever ko nhi mila 2 din se stuck h,hinglish,banking_upi,complaint,negative,upi,payment_not_received,medium,none,simple,Speed up inter-bank settlement status updates
BK041,"While the contactless credit card tap works like a charm at supermarkets, merchant reward points accrued are rarely credited accurately.",english,banking_upi,complaint,mixed,credit_card,wrong_charge,low,none,complex,Audit monthly merchant reward point calculations
BK042,Can customer support provide the exact UTR reference number for an external NEFT transaction initiated on Sunday?,english,banking_upi,question,neutral,bank_transfer,none,none,none,moderate,none
BK043,quarterly average balance maintenance penalty 700 rupay kat liye bina warning message bheje unfair loot macha rakhi hai,hinglish,banking_upi,complaint,negative,account,wrong_charge,medium,mild,Send alert notifications before levying balance penalties,
BK044,Everything was working smoothly until the newly ordered contactless debit card was dispatched to my decade-old registered address.,english,banking_upi,complaint,mixed,debit_card,card_issue,medium,none,moderate,Prompt address confirmation before card dispatch
BK045,Banks should allow disabling physical ATM magnetic strip reading while keeping EMV chip transactions active for security.,english,banking_upi,suggestion,neutral,security,none,none,none,moderate,Provide separate magstripe toggle switch
BK046,mobile banking app frequently throws server busy error during peak morning hours between 9 and 11 AM,english,banking_upi,complaint,negative,mobile_app,app_issue,medium,none,simple,Upgrade cloud server capacity during morning peak hours
BK047,bhaiya helpline pe bohot acche se samjhaya ki unauthorized OTP share nahi karna chahiye thank you,hinglish,banking_upi,appreciation,positive,customer_support,none,none,none,moderate,none
BK048,Is it mandatory to complete video KYC within 72 hours of opening a zero balance digital savings account?,english,banking_upi,question,neutral,kyc,none,none,none,moderate,none
BK049,"Money transfer was fast, customer helpline response wasn't.",english,banking_upi,complaint,mixed,customer_support,customer_support_delay,medium,none,simple,Improve phone support staffing
BK050,terrible experience trying to block stolen card on IVR system kept looping without disconnecting card senseless nonsense,hinglish,banking_upi,complaint,negative,security,security_concern,high,mild,Provide immediate one-press card block option on IVR,
BK051,Recharged DTH connection via UPI and channel access resumed within twenty seconds.,english,banking_upi,appreciation,positive,recharge,none,none,none,simple,none
BK052,bhai UPI PIN 3 baar galat enter ho gaya tha ab 24 ghante tak reset nahi ho raha system bilkul rigid hai,hinglish,banking_upi,complaint,negative,upi,account_issue,medium,none,moderate,Allow secure instant PIN reset via Aadhaar OTP
BK053,"Honestly, I expected tedious bureaucracy, but opening a fixed deposit account digitally took less than two minutes.",english,banking_upi,appreciation,mixed,account,none,none,none,complex,none
BK054,App shows fingerprint biometric enabled but insists on entering six-digit MPIN after every device restart.,english,banking_upi,complaint,negative,mobile_app,app_issue,low,none,moderate,Preserve biometric settings across app reboots
BK055,kya outstation ATM se cash withdrawal karne par extra transaction charges lagte hain beyond 5 free attempts?,hinglish,banking_upi,question,neutral,atm,none,none,none,moderate,none
BK056,"ATM dispensed torn and taped five hundred rupee banknotes, branch counter refused to exchange them stating third-party ATM agency fault.",english,banking_upi,complaint,negative,atm,atm_cash_issue,high,none,moderate,Inspect cash cassette currency quality before loading ATMs
BK057,"Credit card fraud detection team called within three minutes of an anomalous foreign hotel booking to verify authorization, outstanding protection.",english,banking_upi,appreciation,positive,security,none,none,none,moderate,none
BK058,Mobile banking platforms should show a cumulative monthly expenditure graph categorized automatically by merchant codes.,english,banking_upi,suggestion,neutral,mobile_app,none,none,none,moderate,Include automated merchant spending categorization
BK059,standing instruction for home loan EMI failed without notice and bank charged penal bounce fee useless technical team,english,banking_upi,complaint,negative,account,wrong_charge,medium,mild,Provide grace window for automated SI clearing glitches,
BK060,"The savings account interest rate is quite competitive, though obtaining an official physical interest certificate required visiting the home branch.",english,banking_upi,appreciation,mixed,account,account_issue,low,none,moderate,Enable instant download of interest certificates online
BK061,refund??? abhi tk bank account me nhi aya 7 din ho gye merchant bol rha bank se pucho,hinglish,banking_upi,question,negative,refund,refund_delay,medium,none,simple,Provide clear inter-bank refund tracking reference
BK062,E-statement PDF received on email was neatly password protected and arrived on the first day of the calendar month.,english,banking_upi,appreciation,positive,notification,none,none,none,simple,none
BK063,In-app virtual support assistant kept pasting canned responses regarding UPI mandates without letting me speak to an operator.,english,banking_upi,complaint,negative,customer_support,poor_customer_support,medium,none,moderate,Offer human handover option in virtual chat assistant
BK064,account statement me 50 rupay SMS alert charges kat liye jabki pure mahine me sirf 2 SMS aaye the,hinglish,banking_upi,complaint,negative,notification,wrong_charge,low,none,moderate,Rationalize SMS alert pricing to actual delivery volume
BK065,Are credit card balance transfers to savings accounts eligible for interest-free grace periods?,english,banking_upi,question,neutral,credit_card,none,none,none,moderate,none
BK066,"Branch representative insisted on buying expensive ULIP insurance policy just to issue a basic locker key, unethical behavior.",english,banking_upi,complaint,negative,customer_support,poor_customer_support,high,none,moderate,Prohibit forced cross-selling of insurance at branches
BK067,The newly issued debit card has a sleek minimalist matte design and tap-and-pay works seamlessly across all supermarket terminals.,english,banking_upi,appreciation,positive,debit_card,none,none,none,moderate,none
BK068,bhai FASTag auto-recharge ho gaya bank account se par toll plaza pe blacklist dikha raha tha,hinglish,banking_upi,complaint,negative,recharge,payment_pending,medium,none,moderate,Sync FASTag wallet balances with toll servers instantly
BK069,"The loan processing was approved remarkably fast, although the disbursement email lacked clear breakdown of processing fee deductions.",english,banking_upi,complaint,mixed,account,incorrect_description,low,none,complex,Provide itemized loan deduction breakups in approval letter
BK070,How long does it take for money debited during a failed UPI transaction to auto-reverse as per RBI T+1 guidelines?,english,banking_upi,question,neutral,refund,none,none,none,moderate,none
BK071,"Broadband bill payment debited twice because first attempt showed loading circle indefinitely, duplicate charge of two thousand rupees.",english,banking_upi,complaint,negative,bill_payment,duplicate_payment,high,none,moderate,Prevent duplicate payment triggers during network lags
BK072,debit card works fine at merchant stores but international online transactions fail on payment gateway,english,banking_upi,complaint,mixed,debit_card,card_declined,low,none,simple,Improve 3D secure compatibility for foreign gateways
BK073,bhai phonepe pe electricity bill bhara 5 second me receipt mil gayi super fast service,hinglish,banking_upi,appreciation,positive,bill_payment,none,none,none,simple,none
BK074,Banking apps should allow users to schedule recurring monthly UPI payments without mandating debit card authentication.,english,banking_upi,suggestion,neutral,upi,none,none,none,moderate,Enable Aadhaar OTP authentication for UPI mandates
BK075,ATM machine ne card bahar phenk diya aur screen par out of service likh ke aa gaya paise nahi mile,hinglish,banking_upi,complaint,negative,atm,atm_cash_issue,medium,none,simple,Regularly service hardware card dispensers
BK076,"Transferred fifty thousand rupees via IMPS to vendor, transaction marked success but recipient bank claims zero trace of funds after 48 hours.",english,banking_upi,complaint,negative,bank_transfer,transfer_delay,high,none,moderate,Track missing inter-bank IMPS credits actively
BK077,"The bank manager personally resolved my signature mismatch issue and updated records within ten minutes, excellent service.",english,banking_upi,appreciation,positive,customer_support,none,none,none,moderate,none
BK078,Does this credit card offer zero foreign currency markup charges on international overseas POS card swipes?,english,banking_upi,question,neutral,credit_card,none,none,none,moderate,none
BK079,"I wouldn't say the physical branch visit was completely unhelpful, but standing in three separate queues for a simple address change is primitive.",english,banking_upi,complaint,mixed,customer_support,account_issue,low,none,complex,none
BK080,fraudulent phishing caller had my exact account balance and card details useless bank leaking customer data to criminals,english,banking_upi,complaint,negative,security,security_concern,high,severe,Investigate internal data leaks regarding customer balances,
BK081,"Delivered my replacement platinum chip debit card within three days of online request via courier, very swift.",english,banking_upi,appreciation,positive,debit_card,none,none,none,simple,none
BK082,app me transaction statement download karne jao to file corrupted show hoti hai fix this bug,hinglish,banking_upi,complaint,negative,mobile_app,app_issue,medium,none,simple,Ensure generated PDF statements are valid
BK083,"The credit card mobile app interface is clean and snappy, though reward redemption catalogs are overpriced and disappointing.",english,banking_upi,appreciation,mixed,credit_card,none,none,none,complex,none
BK084,Are cash withdrawal charges levied if I use my bank debit card at another affiliated bank ATM kiosk?,english,banking_upi,question,neutral,atm,none,none,none,moderate,none
BK085,bhai cheque deposit kiya tha drop box me 4 din pehle abhi tak clearing update nahi aaya,hinglish,ecommerce,complaint,mixed,deposit,transfer_delay,low,none,moderate,Process cheque clearing drop boxes on daily schedules
BK086,Instant UPI auto-pay for monthly water utility bill executed seamlessly with clear push notification delivered instantly.,english,banking_upi,appreciation,positive,bill_payment,none,none,none,simple,none
BK087,Please introduce an emergency hotlisting icon directly on the initial login splash screen of the mobile banking application.,english,banking_upi,suggestion,neutral,security,none,none,none,moderate,Add one-tap card block on app login screen
BK088,worst banking service ever ATM deducted 10000 rupees without dispensing a single note and nodal officer ignored email,english,banking_upi,complaint,negative,atm,atm_cash_issue,high,mild,Escalate ATM reconciliation tickets directly to nodal desk,
BK089,ordered personalized metallic debit card received ordinary plastic card with misspelled name,hinglish,banking_upi,complaint,negative,debit_card,card_issue,medium,none,simple,Verify embossed names against KYC documents
BK090,"A pleasant banking experience today, successfully updated nominee details through net banking portal without branch paperwork.",english,banking_upi,informational,positive,internet_banking,none,none,none,simple,none
BK091,bhai credit card bill payment ho gaya time pe par reward points balance me reflect nahi hue,hinglish,banking_upi,suggestion,mixed,credit_card,none,low,none,moderate,Speed up reward point accrual cycles
BK092,Why did the automated IVR line debit twenty-five rupees for generating a duplicate account statement over the phone?,english,banking_upi,question,negative,account,wrong_charge,low,none,moderate,Disclose phone banking statement fees beforehand
BK093,The security protocols on the net banking portal with time-based virtual tokens and masked accounts give immense peace of mind.,english,banking_upi,appreciation,positive,security,none,none,none,moderate,none
BK094,bhai net banking password expire ho gaya aur reset link pe click karne par server internal error deta hai,hinglish,banking_upi,complaint,negative,internet_banking,login_issue,medium,none,moderate,Fix net banking password reset server script
BK095,"Not exactly the most responsive customer grievance department, but eventually they reversed the wrongful quarterly maintenance fine.",english,banking_upi,informational,mixed,customer_support,wrong_charge,low,none,complex,none
BK096,card cloned and used for fraudulent online purchases worth 40000 without sending OTP to my mobile number,english,banking_upi,complaint,negative,security,security_concern,high,none,moderate,Block transactions bypassing mandatory 2-factor OTP
BK097,cheque book request dali thi mobile app pe par track karne ka koi option nahi dikha raha,hinglish,banking_upi,complaint,negative,account,account_issue,low,none,moderate,Provide tracking links for dispatched cheque books
BK098,Can I link two different savings accounts with separate phone numbers to a single unified mobile banking login ID?,english,banking_upi,question,neutral,mobile_app,none,none,none,moderate,none
BK099,"Exemplary assistance at the corporate desk, foreign remittance inward wire credited and FIRC issued within four hours.",english,banking_upi,appreciation,positive,bank_transfer,none,none,none,simple,none
BK100,bhai bank charges 150 rupay kat liye consolidated charges ke naam pe bina koi breakdown diye,hinglish,banking_upi,complaint,negative,account,wrong_charge,medium,none,moderate,Provide transparent line-item fee breakdowns in passbook
BK101,"Biometric fingerprint authentication stopped working after the latest iOS update, forcing manual password entry every single login.",english,banking_upi,complaint,negative,mobile_app,login_issue,medium,none,moderate,Optimize iOS biometric authentication compatibility
BK102,savings account interest credited on the exact final date of the quarter with comprehensive tax deduction breakdown.,english,banking_upi,appreciation,positive,account,none,none,none,simple,none
BK103,bhai debit card renewal ke liye 300 rupay charge kar liye bina permission naya card bheje,hinglish,banking_upi,complaint,negative,debit_card,wrong_charge,medium,none,simple,Seek customer consent before dispatching paid renewed cards
BK104,Please mention the clearing cut-off times for inter-bank RTGS and NEFT transfers prominently on the fund transfer page.,english,banking_upi,suggestion,neutral,bank_transfer,none,none,none,moderate,Display RTGS/NEFT settlement cut-off timings clearly
BK105,Where do I submit form 15G digitally through the app to prevent unnecessary TDS deduction on senior citizen fixed deposits?,english,banking_upi,question,neutral,account,none,none,none,moderate,none
BK106,"Super quick turnaround, requested cheque book online on Monday afternoon, delivered securely via Speed Post on Wednesday noon.",english,banking_upi,appreciation,positive,account,none,none,none,simple,none
BK107,"The automated cash deposit machine accepted fifty banknotes but credited forty-eight, leaving me two thousand rupees short without receipt proof.",english,banking_upi,complaint,negative,deposit,deposit,high,none,moderate,Ensure deposit machine dispenses dispute slips on count variance
BK108,bhai credit card limit enhancement ka SMS aaya tha par app pe click karte hi error aata hai,hinglish,banking_upi,complaint,negative,credit_card,app_issue,medium,none,simple,Fix promotional link routing in mobile app
BK109,"While the online FD creation is instant and smooth, obtaining the physical FD certificate PDF takes an oddly long time.",english,banking_upi,complaint,mixed,account,none,low,none,complex,Enable instantaneous download of FD advice PDF
BK110,The phone banking agent patiently listened to my card dispute and initiated an immediate temporary credit while investigating.,english,banking_upi,appreciation,positive,customer_support,none,none,none,moderate,none
BK111,"UPI transaction reversal credited back within two minutes of merchant checkout timeout, impressive settlement efficiency.",english,banking_upi,appreciation,positive,refund,none,none,none,moderate,none
BK112,credit card swipe machine payment accept kar li par merchant receipt print nahi hui confusing situation,hinglish,banking_upi,complaint,negative,payment,payment_issue,medium,none,simple,Provide digital receipt confirmation on merchant POS errors
BK113,Why is an additional convenience fee charged when paying pipeline gas utility bills through the bank payment portal?,english,banking_upi,question,negative,bill_payment,wrong_charge,medium,none,moderate,Eliminate convenience fees on basic utility payments
BK114,Allow customers to set temporary custom transaction caps for international e-commerce purchases directly from the banking dashboard.,english,banking_upi,suggestion,neutral,security,none,none,none,moderate,Add temporary dynamic transaction spending caps
BK115,"Mobile app navigation wasn't terrible, but finding the hidden toggle to disable unsolicited marketing calls took significant digging.",english,banking_upi,complaint,mixed,mobile_app,app_issue,low,none,moderate,none
BK116,bhai loan EMI advance pay kar di thi fir bhi auto-debit trigger ho gaya aur account negative me chala gaya,hinglish,banking_upi,complaint,negative,account,account_issue,high,none,simple,Halt auto-debit if loan installment was pre-paid
BK117,"Prompt SMS notifications for every debit, even for microscopic 10 rupee tea vendor UPI transactions, ensures absolute tracking.",english,banking_upi,appreciation,positive,notification,none,none,none,moderate,none
BK118,recovery agent threatened my family members over a disputed billing cycle totally illegal harassment by bank associates,english,banking_upi,complaint,negative,credit_card,poor_customer_support,high,severe,Enforce RBI fair practices code on debt recovery,
BK119,Can I link my international overseas mobile number to receive security OTPs for Indian net banking access?,english,banking_upi,question,neutral,security,none,none,none,moderate,none
BK120,digital account opening paperless ho gaya aadhaar OTP se account number 5 minute me active tha,hinglish,banking_upi,appreciation,positive,account,none,none,none,simple,none
BK121,"The loan interest calculation appears accurate, although the breakdown of taxes on annual processing charges remains somewhat ambiguous.",english,banking_upi,informational,mixed,account,incorrect_description,low,none,moderate,none
BK122,fraudsters drained savings account using SIM swap attack bank security systems failed to flag simultaneous IP changes useless security,english,banking_upi,complaint,negative,security,security_concern,high,severe,Implement automated IP anomaly triggers for high-value transfers,
BK123,Include an option to generate disposable single-use virtual debit card numbers for untrusted online merchant checkouts.,english,banking_upi,suggestion,neutral,security,none,none,none,moderate,Introduce single-use virtual card generator
BK124,zero balance salary account has served me reliably for five years without unnecessary maintenance deductions.,english,banking_upi,appreciation,positive,account,none,none,none,simple,none
BK125,bhai cheque deposit machine me cheque daala receipt mili par account me 5 din se credit nahi hua,hinglish,banking_upi,complaint,negative,deposit,transfer_delay,medium,none,simple,Standardize cheque machine clearing timelines
BK126,Is there a penalty if savings account balance drops below minimum threshold for less than 48 hours?,english,banking_upi,question,neutral,account,none,none,none,moderate,none
BK127,"I received someone else's sensitive monthly credit card statement PDF on my email, severe breach of customer privacy.",english,banking_upi,complaint,negative,notification,security_concern,high,none,moderate,Audit automated email statement dispatch algorithms
BK128,"Smooth net banking fund transfer, added new beneficiary and completed transfer within cooling period without delays.",english,banking_upi,appreciation,positive,internet_banking,none,none,none,simple,none
BK129,bhaiya ATM security guard ne cash nikalne me help ki bohot helpful aur respectful staff tha,hinglish,banking_upi,appreciation,positive,atm,none,none,none,simple,none
BK130,"The mobile app works well for balance inquiries, although the transaction search filter fails to load records older than ninety days.",english,banking_upi,appreciation,mixed,mobile_app,app_issue,low,none,complex,Extend mobile transaction history archive range
BK131,phone banking representative hung up the call while I was disputing a duplicate charge on my credit card statement,english,banking_upi,complaint,negative,customer_support,poor_customer_support,high,none,moderate,Monitor abrupt agent call terminations
BK132,kya joint account holders me se ek person independently digital banking login access kar sakta hai?,hinglish,banking_upi,question,neutral,account,none,none,none,moderate,none
BK133,"Fast and reliable UPI transfers, scanned ten different vendor QR codes in local market today without a single timeout.",english,banking_upi,appreciation,positive,qr_payment,none,none,none,moderate,none
BK134,"bank charges 18 percent GST on top of minimum balance penalty, completely bleeding struggling account holders dry",english,banking_upi,complaint,negative,account,high_charge,high,none,moderate,Cap excessive minimum balance penalties
BK135,bhai mobile app bar bar session timed out bol ke log out kar deta hai 30 second bhi screen open nahi rehti,hinglish,banking_upi,complaint,negative,mobile_app,app_issue,medium,none,moderate,Adjust mobile app session timeout duration reasonably
BK136,Financial institutions should offer an integrated carbon footprint tracker based on electronic credit card retail expenditures.,english,banking_upi,suggestion,neutral,credit_card,none,none,none,moderate,Introduce carbon spending footprint insights
BK137,"Crisp and sharp ATM bill dispensation, fresh notes received without paper tears or folded corners.",english,banking_upi,appreciation,positive,atm,none,none,none,moderate,none
BK138,How do I update the registered communication mobile number if the old SIM card is completely deactivated?,english,banking_upi,question,neutral,account,none,none,none,simple,none
BK139,saving account interest rate was okay okay type not very attractive compared to small finance banks,hinglish,banking_upi,complaint,mixed,account,none,low,none,simple,none
BK140,The branch teller was very courteous and processed my demand draft within five minutes of submitting the slip.,english,banking_upi,appreciation,positive,customer_support,none,none,none,moderate,none
BK141,bhai debit card ATM machine me fas gaya power cut ki wajah se card bahar nikalne ka koi provision nahi hai,hinglish,banking_upi,complaint,negative,atm,atm_cash_issue,medium,none,simple,Install power backup mechanisms in ATM card slots
BK142,Never opening an account with this bank again rogue staff opened credit card insurance without consent shameless cheats,english,banking_upi,complaint,negative,customer_support,account_issue,high,severe,Strictly audit non-consensual financial product issuance,
BK143,Is Aadhaar authentication legally accepted as valid sole address verification for updating branch records?,english,banking_upi,question,neutral,kyc,none,none,none,moderate,none
BK144,Monthly credit card statement arrived cleanly formatted with separate categorization for online and international purchases.,english,banking_upi,appreciation,positive,credit_card,none,none,none,simple,none
BK145,"Transfer was instant via IMPS, but the SMS alert arrived four hours later, creating severe confusion for the beneficiary.",english,banking_upi,complaint,mixed,notification,notification_delay,low,none,moderate,Align SMS dispatch triggers with real-time IMPS clearing
BK146,bhai grievance email bheja tha 10 din ho gaye koi acknowledge receipt ya ticket number generate kyu nahi hua?,hinglish,banking_upi,question,negative,customer_support,customer_support_delay,low,none,moderate,Generate automatic tracking IDs for grievance emails
BK147,"Great digital banking app overall, though the biometric login toggle resets every time the app updates.",english,banking_upi,informational,mixed,mobile_app,login_issue,low,none,simple,none
BK148,Customer service helpline kept my call on hold for twenty-five minutes before automatically disconnecting the line.,english,banking_upi,complaint,negative,customer_support,customer_support_delay,medium,none,moderate,Reduce phone queue wait durations
BK149,credit card upgrade instant approve ho gaya limit bhi double kar di bank ne,hinglish,banking_upi,appreciation,positive,credit_card,none,none,none,simple,none
BK150,Digital payment apps should show recipient's full legal verified bank account name before finalizing QR payments.,english,banking_upi,suggestion,neutral,qr_payment,none,none,none,moderate,Display recipient verified account name on QR scan
BK151,bhai FASTag wallet recharge fail ho gaya account se 1000 kat gaye par balance zero hi dikha raha hai,hinglish,banking_upi,complaint,negative,recharge,payment_failed,medium,none,simple,Speed up wallet balance synchronization after debit
BK152,"The savings bank interest rate is modest, but zero maintenance balance requirement on salary accounts provides peace of mind.",english,banking_upi,appreciation,positive,account,none,none,none,moderate,none
BK153,Can I configure auto-recharge on my metro rail travel smartcard using UPI recurring mandates?,english,banking_upi,question,neutral,upi,none,none,none,moderate,none
BK154,"The mobile banking user interface is modern, but the transaction limits for newly registered payees are ridiculously restrictive.",english,banking_upi,complaint,mixed,transaction_limit,transaction_limit,low,none,simple,none
BK155,bhai UPI PIN enter karne ke baad screen freeze ho gayi paise kat gaye par shopkeeper ko credit nahi mila,hinglish,banking_upi,complaint,negative,upi,payment_not_received,high,none,moderate,Prevent UI freeze during UPI PIN processing
BK156,App interface is clean and biometric fingerprint login takes less than half a second.,english,banking_upi,appreciation,positive,mobile_app,none,none,none,moderate,none
BK157,"terrible online portal, net banking locks user ID permanently after just two inadvertent typo attempts in password",english,banking_upi,complaint,negative,internet_banking,login_issue,medium,none,moderate,Allow three failed attempts before locking internet banking
BK158,bhai IMPS transfer kiya tha friend ko 10 second me funds credit ho gaye super fast,hinglish,banking_upi,appreciation,positive,bank_transfer,none,none,none,simple,none
BK159,Does this bank provide paperless digital locker access authorization through facial biometrics in branch premises?,english,banking_upi,question,neutral,account,none,none,none,complex,none
BK160,"Branch executive was extremely rude, threw the deposit slip back because the branch code was filled in small letters.",english,banking_upi,complaint,negative,customer_support,poor_customer_support,low,none,moderate,Educate frontline staff on customer courtesy
BK161,"The credit card contactless tap functions reliably, but the plastic card body is thin and feels remarkably cheap.",english,banking_upi,complaint,mixed,debit_card,card_issue,low,none,moderate,Issue sturdier PVC card substrates
BK162,"fixed deposit booking process online takes under two minutes, complete certificate generated instantly.",english,banking_upi,appreciation,positive,account,none,none,none,simple,none
BK163,bhai bill payment kiya par reward coins credit nahi hue terms and conditions me to promised tha cheat log,hinglish,banking_upi,complaint,negative,bill_payment,wrong_charge,medium,mild,Ensure transparent fulfillment of reward terms,
BK164,Provide an option on the mobile app to temporarily disable international ATM cash withdrawals while keeping domestic access active.,english,banking_upi,suggestion,neutral,security,none,none,none,moderate,Allow independent international ATM toggles
BK165,How do I generate an official signed bank verification letter for international student visa processing?,english,banking_upi,question,neutral,customer_support,none,none,none,simple,none
BK166,"Super swift foreign inward remittance, dollars converted at transparent inter-bank forex rates and credited within 24 hours.",english,banking_upi,appreciation,positive,bank_transfer,none,none,none,moderate,none
BK167,bhai ATM se paise nahi nikle par mobile pe debit SMS aa gaya 4 din se branch wale ek doosre pe daal rahe hain,hinglish,banking_upi,complaint,negative,atm,atm_cash_issue,medium,none,moderate,Coordinate ATM cash dispute resolution across branches
BK168,"The passbook printing kiosk is useful, though line spacing on physical pages is occasionally unaligned.",english,banking_upi,informational,neutral,account,none,none,none,simple,none
BK169,"debit card replacement arrived with scratched magnetic strip, terminal rejected the card during POS swipe",english,banking_upi,complaint,negative,debit_card,card_issue,medium,none,moderate,Enclose replacement cards in protective envelopes
BK170,Branch official handled the senior citizen pension account transition smoothly without requiring multiple physical visits.,english,banking_upi,appreciation,positive,customer_support,none,none,none,complex,none
BK171,bhai net banking me new beneficiary add karne ke baad cooling period 24 ghante kyu rakhte ho urgent transfer me?,hinglish,banking_upi,question,neutral,bank_transfer,transaction_limit,low,none,moderate,none
BK172,"Although the credit card limit was upgraded instantly, the annual membership charge was debited without prior notification.",english,banking_upi,complaint,mixed,credit_card,wrong_charge,low,none,complex,Notify cardholders before levying annual fee upgrades
BK173,Customer support desk reversed the fraudulent debit card charge within three working days after submitting dispute form.,english,banking_upi,appreciation,positive,customer_support,none,none,none,moderate,none
BK174,bhai UPI PIN reset kiya aadhaar OTP se par bank system bolta hai try again after 24 hours totally useless,hinglish,banking_upi,complaint,negative,upi,upi_issue,high,none,simple,Stabilize Aadhaar OTP UPI PIN reset pipeline
BK175,Banks should provide an automated recurring monthly spending summary sent via WhatsApp directly to registered numbers.,english,banking_upi,suggestion,neutral,notification,none,none,none,moderate,Deliver monthly expense summaries via WhatsApp
BK176,Is the interest earned on domestic tax-saver 5-year fixed deposits compounded quarterly or semi-annually?,english,banking_upi,question,neutral,account,none,none,none,moderate,none
BK177,"Easiest digital account setup ever, video KYC completed in four minutes, virtual debit card generated instantly.",english,banking_upi,appreciation,positive,kyc,none,none,none,simple,none
BK178,bhai credit card bill payment time pe kiya tha fir bhi late fee charge kar di credit limit se useless system,hinglish,banking_upi,complaint,negative,credit_card,wrong_charge,high,none,moderate,Reconcile bill payments based on payment timestamp
BK179,"The mobile app works smoothly for balance inquiries, but generating the official account statement PDF takes unusually long.",english,banking_upi,complaint,mixed,mobile_app,app_issue,low,none,moderate,Speed up statement PDF generation
BK180,utter rubbish customer support nodal officer ignored formal complaints regarding stolen card unauthorized transactions useless company,english,banking_upi,complaint,negative,customer_support,poor_customer_support,high,severe,Enforce prompt nodal officer complaint redressal,
BK181,"Cash deposit kiosk at branch worked flawlessly, counted forty mixed denomination notes accurately and printed receipt.",english,banking_upi,appreciation,positive,deposit,none,none,none,moderate,none
BK182,kya credit card statement me registered residential address change karne ke liye electricity bill mandatory hai?,hinglish,banking_upi,question,neutral,credit_card,none,none,none,simple,none
BK183,"ATM room was air-conditioned, well lit, and cash dispensed within fifteen seconds of PIN entry.",english,banking_upi,appreciation,positive,atm,none,none,none,simple,none
BK184,"transfer of twenty thousand via NEFT took twenty-four hours to reflect in recipient account, unacceptable delay for modern banking",english,banking_upi,complaint,negative,bank_transfer,transfer_delay,medium,none,moderate,Accelerate NEFT batch processing turnaround
BK185,bhai loan application me hidden processing charges jod diye jo executive ne pehle disclose nahi kiye the dhokha hai,hinglish,banking_upi,complaint,negative,account,wrong_charge,high,mild,Disclose all loan fees upfront before processing,
BK186,Can net banking users set customized daily transfer limits for separate family member beneficiary accounts?,english,banking_upi,suggestion,neutral,transaction_limit,none,none,none,moderate,Allow beneficiary-specific daily transfer caps
BK187,"The savings account has attractive features, but the mandatory physical branch visit for updating signature is completely obsolete.",english,banking_upi,appreciation,mixed,account,account_issue,low,none,complex,none
BK188,placed bill payment request on Friday night and receipt generated instantly on utility company portal.,english,banking_upi,informational,positive,bill_payment,none,none,none,simple,none
BK189,bhaiya ne branch me bina queue ke senior citizen passbook print karke di bohot nek insaan hain,hinglish,banking_upi,appreciation,positive,customer_support,none,none,none,moderate,none
BK190,Why is convenience tax charged on municipal tax payments made via net banking portal?,english,banking_upi,question,neutral,bill_payment,none,none,none,moderate,none
BK191,Failed ATM withdrawal deducted fifteen thousand rupees and the automated ticket was closed without crediting the customer.,english,banking_upi,complaint,negative,atm,atm_cash_issue,high,none,moderate,Never close ATM dispute tickets without fund verification
BK192,"Seamless tap to pay on point of sale terminals, payment completed in under three seconds with immediate push notification.",english,banking_upi,appreciation,positive,debit_card,none,none,none,moderate,none
BK193,bhai mobile banking app accha hai par face unlock baar baar fail hota hai PIN daalna padta hai,hinglish,banking_upi,complaint,mixed,mobile_app,login_issue,medium,none,simple,Improve biometric face unlock accuracy in app
BK194,Please give an option to download official bank account confirmation letters directly with digital QR verification.,english,banking_upi,suggestion,neutral,account,none,none,none,moderate,Provide QR-verified digital account letters
BK195,I wouldn't recommend this credit card if you are looking for hassle-free reward redemption without arbitrary processing fees.,english,banking_upi,complaint,negative,credit_card,wrong_charge,low,none,moderate,none
BK196,bhai failed UPI payment ka paisa kab refund hoga? 4 din ho gaye merchant mana kar raha hai,hinglish,banking_upi,question,negative,refund,refund_delay,medium,none,moderate,Automate faster failed UPI refund settlements
BK197,"Great cashback during festive online shopping sale, eighty rupees credited directly into primary savings account.",english,banking_upi,appreciation,positive,account,none,none,none,simple,none
BK198,"The physical debit card looks stylish with matte finish, but the contactless chip often requires two or three taps on POS machines.",english,banking_upi,complaint,mixed,debit_card,card_issue,low,none,moderate,Improve contactless NFC chip antenna sensitivity
BK199,"helpline executive demanded OTP over the phone claiming account verification, almost got scammed by fraudulent bank contractor",english,banking_upi,complaint,negative,security,security_concern,medium,severe,Prohibit internal staff from requesting customer OTPs,
BK200,"Video KYC agent was polite, conducted document verification within three minutes, account approved in an hour.",english,banking_upi,appreciation,positive,kyc,none,none,none,moderate,none
BK201,bhai kya banking app me debit card temporary switch-off karne ka option home screen pe de sakte ho?,hinglish,banking_upi,suggestion,neutral,mobile_app,none,none,none,moderate,Put card on/off toggle switch on home screen
BK202,"The fixed deposit returns are predictable and secure, but the penalty for premature partial liquidation is disproportionately steep.",english,banking_upi,complaint,mixed,account,wrong_charge,low,none,moderate,Lower premature FD withdrawal penalty rates
BK203,"Customer database leaked my mobile number to loan telemarketers, receiving twenty unsolicited credit card sales calls daily.",english,banking_upi,complaint,negative,security,security_concern,high,none,moderate,Enforce strict customer privacy protocols against telemarketing
BK204,"Fast dispute resolution, unauthorized debit card transaction of eight thousand rupees reversed within twenty-four hours.",english,banking_upi,appreciation,positive,customer_support,none,none,none,simple,none
BK205,bhai cheque deposit slip fill karke box me daali thi cheque reject kar diya bina koi reason bataye,hinglish,banking_upi,complaint,negative,deposit,deposit,medium,none,simple,Provide clear bounce reasons for rejected cheques
BK206,Does this banking app support scheduled recurring deposits directly from salary accounts?,english,banking_upi,question,neutral,account,none,none,none,moderate,none
BK207,"Honestly, the digital savings account opening was surprisingly smooth, completed entire process without stepping outside my room.",english,banking_upi,appreciation,positive,account,none,none,none,moderate,none
BK208,bhai net banking portal login screen pe captcha solve karne ke baad bhi invalid captcha bolta hai fix this,hinglish,banking_upi,complaint,negative,internet_banking,login_issue,medium,none,moderate,Fix captcha verification loop on net banking
BK209,Apps should let users set separate daily limits for contactless tap-and-pay and online e-commerce transactions.,english,banking_upi,suggestion,neutral,security,none,none,none,moderate,Provide separate limit controls for tap vs online transactions
BK210,"The credit card reward points program sounds grand in advertisements, but one point is valued at barely fifteen paise upon checkout.",english,banking_upi,complaint,negative,credit_card,incorrect_description,low,none,moderate,none
BK211,"Quick and polite service, branch staff updated my home address records on KYC portal within ten minutes.",english,banking_upi,appreciation,positive,kyc,none,none,none,simple,none
BK212,bhai debit card renewal charges 350 rupay kat liye bina inform kiye jabki card abhi expire bhi nahi hua tha,hinglish,banking_upi,complaint,negative,debit_card,wrong_charge,high,none,moderate,Obtain consent prior to charging renewal fees
BK213,Can I use international credit cards to clear municipal water utility bills on the state BBPS portal?,english,banking_upi,question,neutral,bill_payment,none,none,none,moderate,none
BK214,"Mobile banking app is feature-rich, but loading times between screens during peak evening hours are noticeably sluggish.",english,banking_upi,complaint,mixed,mobile_app,app_issue,medium,none,moderate,Optimize server response time during evening peak
BK215,"Disgusting fraud vulnerability, SIM swap scammer accessed my net banking without bank sending warning notification to registered email.",english,banking_upi,complaint,negative,security,security_concern,high,severe,Send mandatory alerts to email during SIM changes,
BK216,bhai mobile app se direct fixed deposit tod ke savings me transfer ho gaya 1 minute me superb speed,hinglish,banking_upi,appreciation,positive,account,none,none,none,simple,none
BK217,Customer care desk closed my disputed debit charge complaint stating merchant delivered product without providing any evidence.,english,banking_upi,complaint,negative,customer_support,poor_customer_support,medium,none,moderate,Require merchant delivery proof before closing disputes
BK218,Include an option to download tax deduction certificates in Excel format alongside existing PDF files.,english,banking_upi,suggestion,neutral,account,none,none,none,moderate,Enable Excel format downloads for tax certificates
BK219,Is there a cap on the number of free cash withdrawals permitted at home branch ATMs per month?,english,banking_upi,question,neutral,atm,none,none,none,moderate,none
BK220,"The cashback on fuel swipes is credited reliably, though surcharge waiver takes forty-eight hours to reflect.",english,banking_upi,appreciation,mixed,credit_card,none,none,none,complex,none
BK221,bhai debit card lock kiya tha app me par contactless tap POS pe transaction chal gaya security bilkul joke hai,hinglish,banking_upi,complaint,negative,security,security_concern,high,mild,Ensure card lock instantaneously halts contactless transactions,
BK222,Corporate payroll salary credited exactly on the last calendar day of the month with detailed SMS receipt.,english,banking_upi,appreciation,positive,account,none,none,none,moderate,none
BK223,"ATM swallowed twenty thousand cash during deposit transaction, printed jam slip, helpline refuses to register complaint without branch visit.",english,banking_upi,complaint,negative,deposit,deposit,high,none,moderate,Allow immediate helpline complaint registration for ATM jams
BK224,bhai net banking me transaction history download karne par 504 gateway timeout error kyu aa raha hai?,hinglish,banking_upi,question,negative,internet_banking,app_issue,medium,none,moderate,Fix gateway timeout errors during statement downloads
BK225,"The personal loan approval took only five minutes on the portal, but processing charges were steeper than anticipated.",english,banking_upi,complaint,mixed,account,wrong_charge,low,none,simple,none
BK226,"Super smooth UPI QR scan at toll booth, transaction cleared in two seconds flat without holding up behind vehicles.",english,banking_upi,appreciation,positive,qr_payment,none,none,none,simple,none
BK227,bhai ATM transaction fail hone ke baad bhi mini-statement charges 20 rupay deduct kar liye account se,hinglish,banking_upi,complaint,negative,atm,wrong_charge,low,none,simple,Waive charges for mini-statements on failed visits
BK228,Online banking portals should provide high-contrast dark theme mode to assist users with visual sensitivities.,english,banking_upi,suggestion,neutral,internet_banking,none,none,none,moderate,Implement accessible dark theme on web banking
BK229,Bank manager guided me patiently through updating joint survivor nomination records on my deceased grandfather's account.,english,banking_upi,appreciation,positive,customer_support,none,none,none,moderate,none
BK230,"The debit card EMV chip failed to authenticate at three separate supermarket checkout counters, completely embarrassing incident.",english,banking_upi,complaint,negative,debit_card,card_issue,medium,none,moderate,Replace defective EMV chips with high-durability hardware
BK231,bhai kya credit card reward points ko directly statement cash balance me convert kar sakte hain?,hinglish,banking_upi,question,neutral,credit_card,none,low,none,moderate,none
BK232,"Recharge executed immediately, but the telecom provider received request twice and debited payment twice from bank.",english,banking_upi,complaint,mixed,recharge,duplicate_payment,low,none,moderate,Prevent duplicate push requests to telecom billers
BK233,"Instant credit card virtual generation, card number and CVV visible in app within three minutes of approval.",english,banking_upi,appreciation,positive,credit_card,none,none,none,moderate,none
BK234,bhai customer support agent ne call disconnect kar di jab maine disputed ATM transaction ka UTR manga idiot,hinglish,banking_upi,complaint,negative,customer_support,poor_customer_support,medium,severe,Record and penalize abrupt agent call drop-offs,
BK235,Please allow customers to block specific merchant auto-debit mandates directly from the mobile app without paperwork.,english,banking_upi,suggestion,neutral,mobile_app,none,none,none,moderate,Add one-tap mandate cancellation in app
BK236,Bank charged 500 rupees penalty for non-maintenance of minimum balance on a government zero-balance Jan Dhan account illegal looting,english,banking_upi,complaint,negative,account,wrong_charge,high,severe,Cease balance penalties on mandated basic accounts,
BK237,"Payment went through within three seconds via UPI Lite without prompting for PIN, perfect for small grocery stops.",english,banking_upi,appreciation,positive,upi,none,none,none,simple,none
BK238,kya outstation branch me jakar cash withdraw karne par daily ceiling limits kam hoti hain?,hinglish,banking_upi,question,neutral,cash_withdrawal,none,none,none,moderate,none
BK239,"The banking portal has broad functionality, though the interface feels cluttered and requires several clicks to locate NEFT options.",english,banking_upi,appreciation,mixed,internet_banking,none,none,none,moderate,Declutter net banking navigation layout
BK240,bhai credit card bill pe 50 rupay finance charge laga diya jabki bill date se pehle pura payment kar diya tha,hinglish,banking_upi,complaint,mixed,credit_card,wrong_charge,low,none,moderate,none
BK241,"Attempted to withdraw ten thousand rupees from ATM, machine made counting sounds, debited account, but dispensed zero currency.",english,banking_upi,complaint,negative,atm,atm_cash_issue,high,none,moderate,Calibrate ATM currency dispensing rollers
BK242,"Clean and comprehensive annual statement PDF received on email, categorized spending neatly by monthly expenditure heads.",english,banking_upi,appreciation,positive,notification,none,none,none,moderate,none
BK243,Can we register multiple nominee names with custom percentage allocation on fixed deposit accounts online?,english,banking_upi,question,neutral,account,none,none,none,moderate,none
BK244,bhai international debit card manga tha standard domestic card courier kar diya fir se 7 din wait karo,hinglish,banking_upi,complaint,negative,debit_card,card_issue,medium,none,simple,Dispatch requested card variants accurately
BK245,"Not terrible at all, but receiving SMS alerts for marketing loan offers while failing to get OTPs promptly is irritating.",english,banking_upi,informational,mixed,notification,notification_delay,low,none,moderate,none
BK246,Branch staff welcomed senior citizens warmly and assisted in filling complex pension life certificate forms promptly.,english,banking_upi,appreciation,positive,customer_support,none,none,none,moderate,none
BK247,bhai net banking app me biometrics enable karne par error 999 aa raha hai login nahi ho raha,hinglish,banking_upi,complaint,negative,mobile_app,login_issue,medium,none,simple,Resolve biometric error 999 in banking app
BK248,Banking systems should automatically freeze account transactions if multiple foreign location logins occur within an impossible timeframe.,english,banking_upi,suggestion,neutral,security,none,none,none,moderate,Implement geo-velocity automated account security locks
BK249,Zero-fee foreign currency markup debit card functioned flawlessly during overseas transit layover in Singapore.,english,banking_upi,appreciation,positive,debit_card,none,none,none,simple,none
BK250,bhai cheque deposit slip ki counterfoil pe cashier ne stamp nahi lagayi baad me prove kaise karenge?,hinglish,banking_upi,complaint,negative,deposit,deposit,medium,none,moderate,Mandate branch cashier stamping on deposit slips
BK251,"The UPI transfer was prompt, though the merchant name shown on my passbook was an incomprehensible legal entity code.",english,banking_upi,complaint,mixed,upi,incorrect_description,low,none,moderate,Show recognizable retail merchant brand names in passbook
BK252,Why does the mobile app require camera permissions to simply check savings account balance statement?,english,banking_upi,question,negative,mobile_app,app_issue,low,none,moderate,Restrict camera permissions to QR scanner module only
BK253,"Flawless broadband payment execution through integrated BBPS utility module, receipt saved directly into phone gallery.",english,banking_upi,appreciation,positive,bill_payment,none,none,none,moderate,none
BK254,bhai unauthorized UPI transaction ho gayi 5000 ki phone lock hone ke bawajood security zero hai tumhari,hinglish,banking_upi,complaint,negative,security,security_concern,high,mild,Investigate offline unauthorized UPI exploits,
BK255,"I wouldn't say the ATM service is terrible, but the receipt printer being permanently out of paper across machines is annoying.",english,banking_upi,complaint,mixed,atm,atm_cash_issue,low,none,moderate,none
BK256,Banking platforms should allow customers to generate zero-value temporary test UPI handles for untrusted third-party apps.,english,banking_upi,suggestion,neutral,upi,none,none,none,moderate,Introduce temporary masked UPI aliases
BK257,"Branch relationship manager followed up patiently, ensured my home loan balance transfer completed with minimal stamp duty charges.",english,banking_upi,appreciation,positive,customer_support,none,none,none,moderate,none
BK258,bhai credit card duplicate bill generate ho gaya same cycle me dono bar payment maang rahe hain,hinglish,banking_upi,complaint,negative,credit_card,duplicate_payment,medium,none,simple,Prevent duplicate statement billing generation
BK259,Is it permissible to submit a registered rent agreement alongside utility bill for physical branch KYC updates?,english,banking_upi,question,neutral,kyc,none,none,none,moderate,none
BK260,"Crisp banknote delivery at airport ATM kiosk, fast transactions, zero queues, very pleasant terminal experience.",english,banking_upi,appreciation,positive,atm,none,none,none,moderate,none
BK261,pathetic customer care executive kept repeating automated script regarding debit card dispute without resolving my issue useless idiot,english,banking_upi,complaint,negative,customer_support,poor_customer_support,high,severe,Train support staff to address specific transaction disputes,
BK262,bhai net banking portal se IMPS transfer fail ho gaya par balance me se deduction instantly ho gayi,hinglish,banking_upi,complaint,negative,bank_transfer,payment_failed,high,none,simple,Revert failed IMPS debits instantaneously
BK263,"Payment went through within two seconds, considering peak festive evening network congestion across commercial bank servers.",english,banking_upi,appreciation,positive,upi,none,none,none,moderate,none
BK264,"The interest on fixed deposits is credited punctually every quarter, though the annual TDS certificates lack downloadable Excel summaries.",english,banking_upi,appreciation,mixed,account,none,low,none,complex,Provide Excel downloads for quarterly TDS summaries
BK265,Can we change registered primary mobile number directly through ATM machine using debit card PIN authentication?,english,banking_upi,question,neutral,account,none,none,none,moderate,none
BK266,"Rider at toll booth scanned vehicle FASTag barcode, transaction cleared instantly without causing traffic tailbacks.",english,banking_upi,appreciation,positive,recharge,none,none,none,moderate,none
BK267,bhai passbook printing kiosk machine bar bar passbook swallow karke error 404 screen par display karti hai,hinglish,banking_upi,complaint,negative,account,account_issue,medium,none,moderate,Service passbook printing machine bar scanners
BK268,Allow users to set custom cooling period durations when adding high-value bank transfer beneficiaries online.,english,banking_upi,suggestion,neutral,security,none,none,none,complex,Introduce customizable beneficiary cooling timeframes
BK269,"Super crisp and reliable cash deposit kiosk, accepted forty mixed denomination currency notes without a single rejected slip.",english,banking_upi,appreciation,positive,deposit,none,none,none,simple,none
BK270,bhai bank ne account me se 118 rupay debit kar liye bina bataye kis cheez ke charges hain ye?,hinglish,banking_upi,question,negative,account,wrong_charge,medium,none,moderate,Clarify arbitrary fee line items in transaction text
BK271,"The tap and pay contactless credit card functions reliably, but the plastic card lamination began peeling along edges within two months.",english,banking_upi,complaint,mixed,credit_card,card_issue,low,none,moderate,Use heat-sealed protective layers on payment cards
BK272,Branch official rejected senior citizen pension certificate because passport photograph had a blue background instead of white ridiculous harassment.,english,banking_upi,complaint,negative,customer_support,poor_customer_support,medium,mild,Standardize photo guidelines reasonably for pensioners,
BK273,Authentic zero-forex markup credit card performed flawlessly during transactions across airport transit hubs in Europe.,english,banking_upi,appreciation,positive,credit_card,none,none,none,moderate,none
BK274,bhai ATM se 500 ka note fati hui halat me nikla tape laga hua tha shopkeeper lene se mana kar raha hai,hinglish,banking_upi,complaint,negative,atm,atm_cash_issue,medium,none,simple,Ensure ATM currency cassettes exclude taped notes
BK275,Are senior citizens entitled to higher interest rates on recurring deposits started through the mobile application?,english,banking_upi,question,neutral,account,none,none,none,moderate,none
BK276,"Money transfer took five hours via NEFT, but the recipient confirmed safe receipt with matching UTR tracking code.",english,banking_upi,informational,mixed,bank_transfer,transfer_delay,low,none,moderate,none
BK277,"Account opening process finished in under eight minutes via biometric Aadhaar e-KYC kiosk, very satisfactory service.",english,banking_upi,appreciation,positive,kyc,none,none,none,simple,none
BK278,bhai UPI server busy ka message aata hai bar bar jab bhi grocery store pe bill pay karna hota hai,hinglish,banking_upi,complaint,negative,upi,upi_issue,medium,none,moderate,Increase UPI switch capacity for grocery payment hours
BK279,Include an option to disable magnetic stripe card transactions completely while keeping contactless EMV active.,english,banking_upi,suggestion,neutral,security,none,none,none,moderate,Provide explicit magstripe disabling switch
BK280,"The mobile app offers wide functionality, though navigation between recurring deposits and savings portfolios is somewhat unintuitive.",english,banking_upi,appreciation,mixed,mobile_app,none,low,none,moderate,Streamline portfolio navigation inside app
BK281,"Worst bank service ever, branch debit card renewal team sent my card to wrong city address and refused compensation.",english,banking_upi,complaint,negative,debit_card,card_issue,high,severe,Compensate customers for misdirected card deliveries,
BK282,bhai customer support agent ne politely signature mismatch rectify karwaya aur cheque clear ho gaya,hinglish,banking_upi,appreciation,positive,customer_support,none,none,none,simple,none
BK283,Why did the customer helpline representative disconnect call before providing complaint registration tracking ID?,english,banking_upi,question,negative,customer_support,poor_customer_support,high,none,moderate,Mandate automatic SMS dispatch of complaint IDs
BK284,Utility payment debited from account but electricity department portal displays bill as outstanding with penal late surcharge.,english,banking_upi,complaint,negative,bill_payment,payment_not_received,high,none,moderate,Ensure real-time sync with electricity board systems
BK285,The foreign inward wire transfer was completed with accurate exchange conversion rates and minimal correspondent bank fees.,english,banking_upi,appreciation,positive,bank_transfer,none,none,none,moderate,none
BK286,bhai credit card transaction pe convenience fee charge ki jabki platform ne free checkout advertise kiya tha,hinglish,banking_upi,complaint,negative,credit_card,wrong_charge,medium,none,moderate,Ensure advertised fee waivers match billing records
BK287,"Funds transfer via IMPS was completed within minutes, though the transaction confirmation SMS arrived sixty minutes later.",english,banking_upi,informational,mixed,notification,notification_delay,low,none,moderate,none
BK288,Offer an option to receive critical banking OTP messages via official WhatsApp channel during international roaming.,english,banking_upi,suggestion,neutral,security,none,none,none,moderate,Deliver OTPs via verified WhatsApp during roaming
BK289,"Outstanding biometric authentication on this mobile banking build, unlocks seamlessly using Android fingerprint scanner.",english,banking_upi,appreciation,positive,mobile_app,none,none,none,simple,none
BK290,bhai bank account me se quarterly average balance penalty kat li jabki mera account salary account hai kyu?,hinglish,banking_upi,question,negative,account,wrong_charge,high,none,moderate,Prevent erroneous penalties on active payroll accounts
BK291,"The loan installment payment went through smoothly, but the updated outstanding principal statement failed to update in real-time.",english,banking_upi,complaint,mixed,account,account_issue,low,none,moderate,Update principal balance statements instantly
BK292,Bank official explained the differences between various sovereign gold bond tranches patiently without rushing.,english,banking_upi,appreciation,positive,customer_support,none,none,none,moderate,none
BK293,fraudulent unauthorized transaction of forty thousand rupees debited without OTP bank customer support refused to file FIR report useless staff,english,banking_upi,complaint,negative,security,security_concern,high,severe,Assist fraud victims with institutional police reporting,
BK294,bhai cheque deposit machine me cheque reject ho gaya par receipt pe koi clear rejection reason nahi likha,hinglish,banking_upi,complaint,negative,deposit,deposit,medium,none,simple,Print explicit rejection diagnostics on cheque receipts
BK295,Does this corporate credit card allow setting separate merchant category restrictions for subordinate staff members?,english,banking_upi,question,neutral,credit_card,none,none,none,moderate,none
BK296,"Instant generation of digital debit card with customizable daily limits, perfectly suited for secure e-commerce shopping.",english,banking_upi,appreciation,positive,debit_card,none,none,none,simple,none
BK297,bhai branch manager ne loan clearance certificate dene ke liye 15 din ka chakkar lagwaya corrupt lazy staff,hinglish,banking_upi,complaint,negative,customer_support,poor_customer_support,high,mild,Automate digital loan closure certificates,
BK298,Banking portals should allow setting automated monthly transfers to charity organizations with integrated tax exemption receipts.,english,banking_upi,suggestion,neutral,bank_transfer,none,none,none,moderate,Integrate 80G tax receipts for recurring donations
BK299,"The debit card functions reliably for daily purchases, but the daily cash withdrawal ceiling at ATMs is unnecessarily low.",english,banking_upi,complaint,mixed,debit_card,transaction_limit,low,none,moderate,Provide customizable ATM cash withdrawal caps
BK300,"Smooth digital banking experience, fixed deposit advice PDF downloaded immediately with clear maturity valuation.",english,banking_upi,appreciation,positive,account,none,none,none,simple,none
BK301,bhai mobile banking app me update hone ke baad transfer button grayed out kyu aa raha hai?,hinglish,banking_upi,question,negative,mobile_app,app_issue,medium,none,moderate,Resolve disabled transfer button bug in app update
BK302,"ATM cash dispenser motor made grinding noises and failed to deliver currency notes, leaving my account debited by ten thousand.",english,banking_upi,complaint,negative,atm,atm_cash_issue,high,none,moderate,Schedule emergency maintenance on failing ATM dispensers
BK303,"Comfortable mobile banking layout, transaction categorization graphs help keep personal monthly budgets well under control.",english,banking_upi,appreciation,positive,mobile_app,none,none,none,moderate,none
BK304,bhai NEFT transfer kiya tha subah 9 baje shaam ke 6 baj gaye abhi tak beneficiary ko nahi mila,hinglish,banking_upi,complaint,negative,bank_transfer,transfer_delay,medium,none,simple,Ensure timely clearing of business hour NEFT batches
BK305,"Not the most modern physical bank branch, but the desk officers are remarkably efficient with demand draft issuance.",english,banking_upi,appreciation,mixed,customer_support,none,none,none,moderate,none
BK306,Can we link an existing international telephone number to receive UPI transaction authentication alerts directly?,english,banking_upi,suggestion,neutral,upi,none,none,none,moderate,Enable international phone integration for UPI alerts
BK307,Customer desk resolved my forgotten net banking login credentials within five minutes of submitting identity proof.,english,banking_upi,appreciation,positive,customer_support,none,none,none,moderate,none
BK308,bhai credit card contactless tap transaction fail hua par account se amount cut ho gaya,hinglish,banking_upi,complaint,negative,credit_card,payment_failed,medium,none,simple,Reconcile contactless POS debits promptly
BK309,Why do cash withdrawal transactions at third-party ATMs attract charges even when monthly free quota remains unutilized?,english,banking_upi,question,negative,atm,wrong_charge,medium,none,moderate,Accurately monitor inter-bank free ATM quota limits
BK310,"Sturdy chip on newly issued global debit card, works smoothly across physical and digital terminals without issues.",english,banking_upi,appreciation,positive,debit_card,none,none,none,moderate,none
BK311,"The UPI app works swiftly for basic transfers, but resolving transactions stuck in processing state is remarkably cumbersome.",english,banking_upi,complaint,mixed,upi,payment_pending,medium,none,complex,Introduce one-click auto-refund claim for stuck UPI
BK312,bhai customer support agent ne call disconnect karke ticket close kar di bina ATM dispute resolve kiye,hinglish,banking_upi,complaint,negative,customer_support,poor_customer_support,high,mild,Prevent ticket resolution without customer sign-off,
BK313,"Delivery of physical passbook was swift, clean laser printing of previous quarterly entries without missing lines.",english,banking_upi,appreciation,positive,account,none,none,none,simple,none
BK314,bhai kya UPI transaction limit ko security reasons ki wajah se 10000 pe freeze kiya ja sakta hai?,hinglish,banking_upi,question,neutral,upi,none,none,none,simple,none
BK315,"Account interest rates are competitive, but levying fees for requesting physical balance confirmation certificates feels excessive.",english,banking_upi,complaint,mixed,account,wrong_charge,low,none,moderate,Provide free digital balance certificates
BK316,Allow customers to schedule credit card bill settlements automatically on the exact due date to preserve liquidity.,english,banking_upi,suggestion,neutral,credit_card,none,none,none,moderate,Add exact-due-date auto-pay scheduling
BK317,Soft-spoken bank relationship manager handled my term deposit renewal effortlessly without unnecessary sales pitching.,english,banking_upi,appreciation,positive,customer_support,none,none,none,moderate,none
BK318,bhai FASTag scan nahi hua toll plaza pe aur 2x cash penalty deni padi jabki account me balance tha,hinglish,banking_upi,complaint,negative,recharge,payment_issue,medium,none,simple,Enhance RFID tag readability with toll plazas
BK319,Is there any annual fee exemption on platinum credit cards if annual retail expenditure crosses one lakh rupees?,english,banking_upi,question,neutral,credit_card,none,none,none,simple,none
BK320,"The mobile application runs smoothly on Wi-Fi, though it frequently times out when operating on cellular data networks.",english,banking_upi,complaint,mixed,mobile_app,app_issue,low,none,moderate,Optimize mobile network packet transmission in app
BK321,Rider at grocery counter scanned my payment QR code and settlement notification dinged on his soundbox in three seconds.,english,banking_upi,appreciation,positive,qr_payment,none,none,none,simple,none
BK322,bhai net banking password change karne ke baad pura account temporary locked dikha raha hai bina reason,hinglish,banking_upi,complaint,negative,internet_banking,login_issue,medium,none,simple,Fix automatic account locking on password updates
BK323,Can we opt for digital e-statements exclusively and avoid paper statements arriving at physical postal addresses?,english,banking_upi,suggestion,neutral,notification,none,none,none,moderate,Make digital e-statements default opt-in
BK324,"I wouldn't say the credit card customer service is incompetent, but getting an erroneous late payment fee reversed took three follow-up calls.",english,banking_upi,complaint,mixed,credit_card,wrong_charge,low,none,complex,none
BK325,fraud alert SMS received for transaction I never initiated bank customer care line was busy for thirty minutes useless bank,english,banking_upi,complaint,negative,security,security_concern,high,severe,Provide dedicated zero-wait fraud reporting emergency line,
BK326,bhai loan disbursement seedha account me 2 ghante me ho gaya documents verify hote hi mast experience,hinglish,banking_upi,appreciation,positive,account,none,none,none,moderate,none
BK327,How long does customer support take to investigate disputed debit card POS terminal transactions?,english,banking_upi,question,neutral,customer_support,none,none,none,moderate,none
BK328,"The digital savings account was operational within fifteen minutes of completing Aadhaar video verification, commendable tech infrastructure.",english,banking_upi,appreciation,positive,kyc,none,none,none,moderate,none
BK329,bhai ATM guard ne bola machine me cash nahi hai par bahar koi out of cash board nahi lagaya tha,hinglish,banking_upi,complaint,negative,atm,atm_cash_issue,low,none,moderate,Display automated cash availability indicators outside ATMs
BK330,"IMPS transfer was successful, though the beneficiary name validation feature returned an error message initially.",english,banking_upi,complaint,mixed,bank_transfer,app_issue,low,none,moderate,Stabilize recipient account name lookup service
BK331,"Prompt customer support, disputed duplicate debit of twelve hundred rupees reversed to savings balance within four hours.",english,banking_upi,appreciation,positive,refund,none,none,none,moderate,none
BK332,bhai mobile app me passbook refresh karne par blank screen aati hai data fetch nahi ho raha,hinglish,banking_upi,complaint,negative,mobile_app,app_issue,medium,none,moderate,Fix data fetch timeouts on mobile passbook
BK333,Provide customized transaction alerts allowing users to receive notifications only for transactions exceeding a chosen monetary value.,english,banking_upi,suggestion,neutral,notification,none,none,none,moderate,Allow threshold-based customized transaction alerts
BK334,Can an ongoing fixed deposit auto-renewal tenure be modified midway before the maturity date arrives?,english,banking_upi,question,neutral,account,none,none,none,moderate,none
BK335,"Clean and swift cash withdrawal at the main city branch ATM, crisp notes and functional receipt printer.",english,banking_upi,appreciation,positive,atm,none,none,none,simple,none
BK336,bhai credit card reward point portal pe login karo to account suspended dikhata hai call centre wale koi help nahi karte,hinglish,banking_upi,complaint,negative,credit_card,poor_customer_support,medium,none,moderate,Unblock accessible reward portal authentication
BK337,"The contactless card tap works seamlessly at toll gates, although the daily count limit of five taps feels restrictive.",english,banking_upi,appreciation,mixed,debit_card,transaction_limit,low,none,simple,Increase customizable daily contactless tap frequency
BK338,Bank relationship executive explained the terms of sovereign gold bonds clearly and processed the investment slip immediately.,english,banking_upi,appreciation,positive,customer_support,none,none,none,moderate,none
BK339,bhai UPI QR scan karne par camera lens app me zoom in ho jata hai aur QR decode nahi hota,hinglish,banking_upi,complaint,negative,mobile_app,app_issue,medium,none,moderate,Fix camera lens auto-zoom bug on QR reader
BK340,Is the interest accrued on recurring deposit accounts subject to annual TDS withholding under current tax guidelines?,english,banking_upi,question,neutral,account,none,none,none,moderate,none
BK341,"High-security virtual keyboard on the web banking portal prevents keystroke loggers, providing solid reassurance during transactions.",english,banking_upi,appreciation,positive,security,none,none,none,moderate,none
BK342,bhai electricity bill pay kiya transaction status failed dikhaya par savings account se 1800 kat gaye,hinglish,banking_upi,complaint,negative,bill_payment,payment_failed,high,none,simple,Revert funds immediately on bill payment failures
BK343,"The loan account dashboard displays accurate amortisation schedules, but downloading the full repayment ledger in CSV is unsupported.",english,banking_upi,complaint,mixed,account,app_issue,low,none,moderate,Add CSV export for loan amortization ledgers
BK344,Allow bank account holders to block international transactions on debit cards with a single toggle button.,english,banking_upi,suggestion,neutral,security,none,none,none,moderate,Introduce instant international transaction lock switch
BK345,"Superb branch experience, cashier verified the demand draft, counted physical notes swiftly, and handed receipt with a smile.",english,banking_upi,appreciation,positive,customer_support,none,none,none,moderate,none
BK346,bhai customer helpline pe 20 minute wait karne ke baad call cut ho gaya hopeless support useless people,hinglish,banking_upi,complaint,negative,customer_support,customer_support_delay,high,mild,Optimize helpline call queue routing,
BK347,What is the standard procedure to report an incorrect IFSC code entry during an online NEFT transaction?,english,banking_upi,question,neutral,bank_transfer,none,none,none,moderate,none
BK348,"Delivered the newly ordered platinum debit card within three working days, secure tamper-evident packaging.",english,banking_upi,appreciation,positive,debit_card,none,none,none,simple,none
BK349,bhai ATM machine ne card retain kar liya aur screen blank ho gayi ab branch khulne tak wait karna padega,hinglish,banking_upi,complaint,negative,atm,atm_cash_issue,medium,none,moderate,Provide emergency card release mechanism on ATM crash
BK350,"The mobile banking dashboard is well designed, though the font size in transaction history statements is uncomfortably small.",english,banking_upi,appreciation,mixed,mobile_app,app_issue,low,none,moderate,Improve font scaling in mobile app statements
BK351,Branch executive patiently guided my mother through digital submission of the annual pensioner life certificate.,english,banking_upi,appreciation,positive,customer_support,none,none,none,moderate,none
BK352,bhai credit card transaction pe convenience fee charge ki jabki merchant POS ne zero surcharge announce kiya tha,hinglish,banking_upi,complaint,negative,credit_card,wrong_charge,medium,none,simple,Eliminate unexpected fuel and retail POS surcharges
BK353,Please introduce temporary digital debit cards that expire automatically within twenty-four hours of issuance.,english,banking_upi,suggestion,neutral,security,none,none,none,moderate,Introduce expiring single-use digital debit cards
BK354,"Purely digital savings account opening was finished in ten minutes, video KYC agent was courteous and thorough.",english,banking_upi,appreciation,positive,kyc,none,none,none,moderate,none
BK355,bhai UPI PIN teen bar galat enter hone ke baad account lock ho gaya 24 ghante ke liye koi instant reset nahi hai,hinglish,banking_upi,complaint,negative,upi,account_issue,medium,none,moderate,Enable instant biometric UPI PIN unlock options
BK356,Can an existing savings account be linked to foreign currency inward remittances without paying conversion handling fees?,english,banking_upi,question,neutral,bank_transfer,none,none,none,moderate,none
BK357,"Transfer completed promptly via RTGS, but the debit notification SMS arrived ninety minutes after funds left account.",english,banking_upi,complaint,mixed,notification,notification_delay,medium,none,moderate,Ensure RTGS debit SMS alerts trigger instantaneously
BK358,"Quick deposit update, cash deposit machine at corporate branch credited fifty thousand rupees within sixty seconds.",english,banking_upi,appreciation,positive,deposit,none,none,none,simple,none
BK359,bhai FASTag scan hone ke baad double toll charge deduct ho gaya wallet se ticket kaise raise karein?,hinglish,banking_upi,complaint,negative,recharge,duplicate_payment,medium,none,simple,Automate reversal for duplicate FASTag debits
BK360,Allow users to set distinct spending caps for contactless payment versus swipe transactions on cards.,english,banking_upi,suggestion,neutral,security,none,none,none,moderate,Separate contactless and swipe transaction limits
BK361,"The credit card mobile app allows easy EMI conversion, but interest rate calculations during checkout lack clarity.",english,banking_upi,appreciation,mixed,credit_card,incorrect_description,low,none,moderate,Provide transparent interest breakups for EMI options
BK362,bhai failed ATM withdrawal ka refund 7 din baad bhi nahi aaya branch wale keh rahe head office se baat karo,hinglish,banking_upi,complaint,negative,atm,refund_delay,high,mild,Enforce automated T+5 ATM refund compensation,
BK363,"Clean and secure physical debit card delivery, tamper-evident security pouch and clear activation guidelines.",english,banking_upi,appreciation,positive,debit_card,none,none,none,moderate,none
BK364,Where can I check if my residential savings account has been classified as inoperative due to lack of transactions?,english,banking_upi,question,neutral,account,none,none,none,simple,none
BK365,Bank charged 500 rupees penalty for non-maintenance of balance on zero-balance Jan Dhan account utter looting,english,banking_upi,complaint,negative,account,wrong_charge,high,severe,Stop penalizing basic savings bank accounts,
BK366,bhai customer helpline agent bohot polite tha debit card block karke instantly replacement request daal di,hinglish,banking_upi,appreciation,positive,customer_support,none,none,none,simple,none
BK367,"The mobile app performs basic transfers effectively, but viewing historical transaction receipts older than six months fails consistently.",english,banking_upi,complaint,mixed,mobile_app,app_issue,low,none,simple,Extend downloadable transaction receipt range
BK368,Provide automated transaction categorization graphs inside monthly account statement emails.,english,banking_upi,suggestion,neutral,notification,none,none,none,moderate,Embed expense categorization charts in statement emails
BK369,"Instant credit card bill settlement through UPI, available credit limit updated within thirty seconds.",english,banking_upi,appreciation,positive,credit_card,none,none,none,moderate,none
BK370,bhai app ne auto-applied coupon remove kar diya credit card bill payment ke time fraud marketing schemes,hinglish,banking_upi,complaint,negative,bill_payment,discount_issue,medium,mild,Honor published discount coupons on bill payments,
BK371,Can we add multiple secondary mobile numbers to receive critical transaction security OTPs?,english,banking_upi,question,neutral,security,none,none,none,moderate,none
BK372,"Delivered within forty-eight hours, replacement debit card arrived safely with clear PIN generation instructions.",english,banking_upi,appreciation,positive,debit_card,none,none,none,simple,none
BK373,bhai passbook printer kiosk me ink khatam thi poora page blank print hoke bahar aa gaya,hinglish,banking_upi,complaint,negative,account,account_issue,medium,none,simple,Maintain kiosk printer ink cassettes regularly
BK374,"The fixed deposit returns are reliable, although the premature liquidation penalty fee reduces interest earned considerably.",english,banking_upi,informational,mixed,account,none,low,none,moderate,none
BK375,Banks should provide high-contrast dark theme mode to assist customers with visual strain during night app usage.,english,banking_upi,suggestion,neutral,mobile_app,none,none,none,moderate,Implement system-wide dark mode on mobile app
BK376,"Exceptional security features, app locks immediately when switching tasks, preventing unauthorized shoulder surfing.",english,banking_upi,appreciation,positive,security,none,none,none,moderate,none
BK377,bhai unauthorized UPI transaction debited 15000 bank customer care refused to log fraud complaint idiot bank,hinglish,banking_upi,complaint,negative,security,security_concern,high,severe,Log unauthorized UPI dispute tickets immediately,
BK378,Does the bank charge fees for downloading electronic stamped interest certificates for tax filing?,english,banking_upi,question,neutral,account,none,none,none,moderate,none
BK379,"IMPS transfer went through within seconds, but recipient bank's confirmation SMS was delayed by four hours.",english,banking_upi,complaint,mixed,bank_transfer,notification_delay,medium,none,moderate,Coordinate instant transfer SMS delivery with recipient banks
BK380,bhai ATM me crisp 500 ke notes nikle fast processing thi zero wait time thank you,hinglish,banking_upi,appreciation,positive,atm,none,none,none,moderate,none
BK381,"The contactless debit card functions smoothly at supermarkets, but the surface plastic coating scratched within two weeks.",english,banking_upi,appreciation,mixed,debit_card,card_issue,none,none,moderate,Use scratch-resistant coating on debit cards
BK382,bhai branch manager ne loan clearance certificate ke liye 2 hafte ghumaya unhelpful lazy bank officers,hinglish,banking_upi,complaint,negative,customer_support,poor_customer_support,medium,none,simple,Enforce strict SLAs for issuing loan NOC letters
BK383,Offer options for recyclable paper-based envelope mailers for physical debit card dispatches instead of plastic sleeves.,english,banking_upi,suggestion,neutral,debit_card,none,none,none,moderate,Switch to biodegradable mailers for card dispatches
BK384,Can international credit cards be used to settle domestic electricity utility bills on the bank portal?,english,banking_upi,question,neutral,bill_payment,none,none,none,simple,none
BK385,"The mobile banking app is generally reliable, but fingerprint authentication fails after minor Android updates.",english,banking_upi,complaint,mixed,mobile_app,login_issue,low,none,moderate,Update biometric libraries for Android releases
BK386,"Smooth NEFT fund transfer, beneficiary added and transfer executed within thirty minutes without complications.",english,banking_upi,appreciation,positive,bank_transfer,none,none,none,simple,none
BK387,bhai mobile app me fixed deposit create kiya tha par status pending dikha raha hai 24 ghante se,hinglish,banking_upi,complaint,negative,account,account_issue,medium,none,simple,Process online fixed deposit requests in real-time
BK388,Bank cashier helped count small denomination coins patiently and credited my savings account without complaints.,english,banking_upi,appreciation,positive,customer_support,none,none,none,moderate,none
BK389,bhai ATM transaction timeout hua paise nahi nikle par mobile pe debit alert aa gaya 5 din se stuck hai,hinglish,banking_upi,complaint,negative,atm,atm_cash_issue,medium,none,simple,Speed up reconciliation for ATM timeout debits
BK390,Allow customers to schedule credit card bill settlements automatically on the exact due date to manage cash flow.,english,banking_upi,suggestion,neutral,credit_card,none,none,none,moderate,Provide exact due-date automated bill clearance
BK391,"Crisp interface on the new web banking dashboard, fund transfers and bill payments are organized intuitively.",english,banking_upi,appreciation,positive,internet_banking,none,none,none,moderate,none
BK392,bhai debit card ATM machine me fas gaya power surge ki wajah se ab naya card lene ke liye 300 maang rahe hain,hinglish,banking_upi,complaint,negative,atm,atm_cash_issue,medium,none,moderate,Waive replacement fees for ATM card retention
BK393,Is it possible to view historical credit score tracking reports directly through the mobile banking application?,english,banking_upi,question,neutral,mobile_app,none,none,none,moderate,none
BK394,"The credit card reward points program offers wide choice, though catalog vouchers require too many accumulated points.",english,banking_upi,informational,mixed,credit_card,none,low,none,moderate,none
BK395,"Fast transfer, polite branch executive, seamless digital KYC, exceptional banking experience throughout.",english,banking_upi,appreciation,positive,kyc,none,none,none,simple,none
BK396,bhai UPI payment failed ho gaya merchant store pe par mere account se 1200 cut gaye refund kab milega?,hinglish,banking_upi,complaint,negative,upi,payment_failed,medium,none,moderate,Ensure automatic instant reversals on failed UPI transactions
BK397,Include detailed transaction tax breakdown in annual e-statement summaries for easier filing.,english,banking_upi,suggestion,neutral,notification,none,none,none,moderate,Add clear tax breakdown summaries in e-statements
BK398,"The physical debit card looks stylish, but the contactless chip often requires multiple attempts on POS terminals.",english,banking_upi,complaint,mixed,debit_card,card_issue,medium,none,moderate,Improve contactless NFC chip range on cards
BK399,bhai discount promo code apply hua bill payment pe par final screen me convenience charge jod diya,hinglish,banking_upi,question,negative,bill_payment,wrong_charge,low,none,moderate,Ensure discount benefits are not negated by fees
BK400,"Great savings interest rate, clean branch premises, helpful counter staff, thoroughly satisfied with account services.",english,banking_upi,appreciation,positive,account,none,none,none,simple,none
BK401,Branch executive assisted with updating my overseas address records patiently without demanding redundant paperwork.,english,banking_upi,appreciation,positive,customer_support,none,none,none,moderate,none
BK402,bhai credit card duplicate bill cycle charge kar diya same month me extra fee lagake loot rahe ho,hinglish,banking_upi,complaint,negative,credit_card,duplicate_payment,medium,none,simple,Audit billing engines to stop duplicate cycle generation
BK403,Can we tip restaurant waitstaff digitally via UPI dynamic QR without sharing personal phone numbers?,english,banking_upi,question,neutral,qr_payment,none,none,none,simple,none
BK404,"The loan approval was swift, but administrative processing fees deducted at disbursement were higher than estimated.",english,banking_upi,complaint,mixed,account,wrong_charge,low,none,moderate,Ensure accurate initial fee disclosure on loans
BK405,Banks should provide automatic compensation credits when failed ATM transactions take longer than RBI mandated T+5 turnaround.,english,banking_upi,suggestion,neutral,atm,none,none,none,moderate,Automate delay penalties for delayed ATM reversals
BK406,"Delivered in 48 hours, replacement platinum debit card arrived safely with clear PIN setup instructions.",english,banking_upi,appreciation,positive,debit_card,none,none,none,simple,none
BK407,bhai customer support agent ne grievance ticket bina verify kiye close kar di hopeless service useless people,hinglish,banking_upi,complaint,negative,customer_support,poor_customer_support,high,mild,Ensure customer confirmation before closing grievance tickets,
BK408,"Fragrant modern branch ambiance, zero waiting queues, cash deposit completed within two minutes.",english,banking_upi,appreciation,positive,deposit,none,none,none,moderate,none
BK409,bhai debit card ATM machine me phase hone par branch staff ne help karne se mana kar diya bekaar service,hinglish,banking_upi,complaint,negative,atm,atm_cash_issue,medium,none,simple,Instruct branch staff to assist with captured ATM cards
BK410,Does the web portal support bulk NEFT payroll uploads via CSV format for registered enterprise accounts?,english,banking_upi,question,neutral,bank_transfer,none,none,none,moderate,none
BK411,"The mobile app performs account transfers well, though downloading past annual interest certificates takes too many clicks.",english,banking_upi,appreciation,mixed,mobile_app,app_issue,low,none,moderate,Simplify path to download tax interest certificates
BK412,Bank relationship manager assisted with setting up survivor nomination records on my mother's fixed deposit without delays.,english,banking_upi,appreciation,positive,customer_support,none,none,none,moderate,none
BK413,bhai do baar UPI transaction deduct ho gaya merchant counter pe QR code scan karte waqt refund kab doge,hinglish,banking_upi,complaint,negative,qr_payment,duplicate_payment,medium,none,simple,Speed up resolution for duplicate QR payment debits
BK414,Provide an option to disable physical ATM cash withdrawals while keeping e-commerce transactions active.,english,banking_upi,suggestion,neutral,security,none,none,none,moderate,Enable independent ATM cash lock toggle in app
BK415,Pure zero-fee salary account has maintained flawless service without unauthorized maintenance charges.,english,banking_upi,appreciation,positive,account,none,none,none,simple,none
BK416,bhai 8 din se failed transfer refund pending hai har helpline executive alag baat bolta hai,hinglish,banking_upi,complaint,negative,refund,refund_delay,high,none,moderate,Provide unified status updates for transfer refunds
BK417,Are all international debit cards protected by default two-factor SMS OTP authentication on foreign web checkouts?,english,banking_upi,question,neutral,security,none,none,none,moderate,none
BK418,"The credit card offers good airport lounge access, but the minimum quarterly spend requirement to unlock it is high.",english,banking_upi,complaint,mixed,credit_card,transaction_limit,low,none,moderate,Lower lounge access spend criteria
BK419,"Bank teller was polite, counted five bundles of banknotes accurately and processed the deposit slip promptly.",english,banking_upi,appreciation,positive,customer_support,none,none,none,simple,none
BK420,bhai app me transaction history load karte waqt server error 500 aa raha hai bar bar,hinglish,banking_upi,complaint,negative,mobile_app,app_issue,medium,none,moderate,Fix backend server 500 errors in mobile app
BK421,Enable customers to view exact real-time foreign exchange conversion markups before approving international transactions.,english,banking_upi,suggestion,neutral,security,none,none,none,moderate,Display live forex conversion markups before transfer
BK422,"Crisp physical debit card lamination, solid chip durability, works seamlessly across all merchant terminals.",english,banking_upi,appreciation,positive,debit_card,none,none,none,moderate,none
BK423,bhai unauthorized ATM cash withdrawal ho gaya jabki debit card mere paas tha skimming fraud bank vigilance zero,hinglish,banking_upi,complaint,negative,security,security_concern,high,severe,Install anti-skimming hardware on all branch ATMs,
BK424,Can I change my default residential communication address on bank profile without visiting the home branch?,english,banking_upi,question,neutral,account,none,none,none,simple,none
BK425,"Transfer was completed via IMPS promptly, though the transaction alert SMS arrived ninety minutes later.",english,banking_upi,informational,mixed,notification,none,low,none,simple,none
BK426,"Outstanding performance on the updated banking portal, bulk salary disbursements executed without a hitch.",english,banking_upi,appreciation,positive,internet_banking,none,none,none,moderate,none
BK427,bhai UPI autopay mandate debit ho gaya par subscription service activate nahi hui paisa wapas kab aayega?,hinglish,banking_upi,question,negative,upi,payment_issue,medium,none,moderate,Sync UPI autopay confirmation with service providers
BK428,"The savings account provides decent returns, though minimum quarterly balance requirements are somewhat high.",english,banking_upi,complaint,mixed,account,wrong_charge,low,none,moderate,Reduce minimum quarterly average balance targets
BK429,Branch officer guided me through closing my deceased relative's account with utmost empathy and efficiency.,english,banking_upi,appreciation,positive,customer_support,none,none,none,moderate,none
BK430,bhai customer care executive ne call disconnect kar di jab maine disputed charge ka UTR manga idiot,hinglish,banking_upi,complaint,negative,customer_support,poor_customer_support,high,none,moderate,Review disconnected call logs for support agents
BK431,Banking applications should provide detailed merchant category spend analysis directly on the account home screen.,english,banking_upi,suggestion,neutral,mobile_app,none,none,none,moderate,Add category spend analysis widget on dashboard
BK432,"Quick and seamless fixed deposit booking, interest certificate generated and stored in account documents instantly.",english,banking_upi,appreciation,positive,account,none,none,none,simple,none
BK433,bhai net banking portal se IMPS transfer fail ho gaya par amount balance se deduct ho gaya turant,hinglish,banking_upi,complaint,negative,bank_transfer,payment_failed,medium,none,simple,Revert failed IMPS deductions without delay
BK434,Does this credit card include zero liability protection against fraudulent transactions reported within 24 hours?,english,banking_upi,question,neutral,security,none,none,none,moderate,none
BK435,"The credit card bill payment processed quickly, though the promotional cashback took seven days to reflect.",english,banking_upi,complaint,mixed,bill_payment,none,low,none,moderate,Accelerate promotional cashback settlement cycles
BK436,"Clean mobile layout, fingerprint login works reliably, fund transfers executed without a glitch.",english,banking_upi,appreciation,positive,mobile_app,none,none,none,simple,none
BK437,bhai debit card renewal ke naam pe 400 rupay account se kaat liye bina kisi intimation ke,hinglish,banking_upi,complaint,negative,debit_card,wrong_charge,medium,none,moderate,Inform customers before charging card renewal fees
BK438,Allow customers to schedule recurring monthly utility bill payments through UPI without requiring debit card details.,english,banking_upi,suggestion,neutral,upi,none,none,none,moderate,Enable UPI recurring bills without card authentication
BK439,"Smooth contactless payments at toll booths, FASTag wallet deduction triggers accurate SMS updates within seconds.",english,banking_upi,appreciation,positive,recharge,none,none,none,simple,none
BK440,bhai ATM machine me cash dispense nahi hua par transaction slip pe success print hoke aa gaya,hinglish,banking_upi,complaint,negative,atm,atm_cash_issue,medium,none,moderate,Fix mechanical sync between cash drawer and printer
BK441,Is there any extra charge levied if I withdraw cash from another bank's ATM on a public holiday?,english,banking_upi,question,neutral,atm,none,none,none,moderate,none
BK442,"The credit card contactless tap works fast, but the physical card body is flimsy and prone to bending.",english,banking_upi,informational,mixed,debit_card,none,low,none,moderate,none
BK443,Branch manager helped resolve an erroneous loan EMI penalty promptly and updated my credit records.,english,banking_upi,appreciation,positive,customer_support,none,none,none,moderate,none
BK444,bhai mobile banking app me transaction history open nahi ho rahi error code 403 show karta hai,hinglish,banking_upi,complaint,negative,mobile_app,app_issue,medium,none,simple,Resolve error 403 on mobile transaction history
BK445,Show real-time inter-bank transfer settlement times during peak banking hours directly on transfer screen.,english,banking_upi,suggestion,neutral,bank_transfer,none,none,none,moderate,Display live settlement ETA on transfer screen
BK446,"Flawless UPI QR payment at medical store, receipt generated on customer phone immediately.",english,banking_upi,appreciation,positive,qr_payment,none,none,none,moderate,none
BK447,bhai credit card transaction pe fuel surcharge waiver credit nahi hua statement me extra bill aa gaya,hinglish,banking_upi,complaint,negative,credit_card,wrong_charge,medium,none,moderate,Automate fuel surcharge waiver crediting in statements
BK448,Can we request custom paper-free electronic banking certificates for official visa documentation?,english,banking_upi,question,neutral,account,none,none,none,moderate,none
BK449,"The loan account interface is clean, but downloading historical payment receipts requires redundant authentication steps.",english,banking_upi,complaint,mixed,account,app_issue,low,none,moderate,Simplify loan payment receipt download steps
BK450,"Polite bank officer, swift demand draft clearance, zero wait time at the corporate counter.",english,banking_upi,appreciation,positive,customer_support,none,none,none,simple,none
BK451,bhai ATM se phata hua note nikla branch wale bolte hain humari zimmedari nahi hai irresponsible bank,hinglish,banking_upi,complaint,negative,atm,atm_cash_issue,high,none,simple,Mandate note replacement for damaged ATM currency
BK452,Provide option to set custom daily spending ceilings for UPI payments separate from net banking limits.,english,banking_upi,suggestion,neutral,transaction_limit,none,none,none,moderate,Provide independent daily spending caps for UPI
BK453,"Instant SMS alerts for all transactions, clear merchant descriptions, exceptional financial tracking.",english,banking_upi,appreciation,positive,notification,none,none,none,moderate,none
BK454,bhai unauthorized online transaction ho gayi bina OTP receive hue security bilkul joke hai tumhari,hinglish,banking_upi,complaint,negative,security,security_concern,high,mild,Enforce mandatory 2-factor OTP across online gateways,
BK455,How can I get an official stamped certificate of my savings account balance for overseas education?,english,banking_upi,question,neutral,account,none,none,none,moderate,none
BK456,"The mobile banking dashboard is user friendly, though locating the Cheque Positive Pay module takes too long.",english,banking_upi,complaint,mixed,mobile_app,app_issue,low,none,moderate,Place Cheque Positive Pay link on home dashboard
BK457,Customer care desk reversed the erroneous annual maintenance fee within twenty-four hours of lodging complaint.,english,banking_upi,appreciation,positive,customer_support,none,none,none,moderate,none
BK458,bhai credit card pin generate karne gaya tha portal pe page error 500 thrown ho raha hai,hinglish,banking_upi,complaint,negative,credit_card,login_issue,high,none,simple,Fix server error 500 on credit card PIN portal
BK459,Prompt customer support executive assisted with unblocking my temporarily locked net banking credentials in three minutes.,english,banking_upi,appreciation,positive,customer_support,none,none,none,moderate,none
BK460,bhai cheque deposit slip me cashier ne galat account number stamp kar diya ghor laparwahi hai,hinglish,banking_upi,complaint,negative,deposit,deposit,low,none,simple,Verify stamped account numbers on cheque receipts
BK461,Can we select preferred notification channels like WhatsApp or SMS for banking transaction alerts?,english,banking_upi,suggestion,neutral,notification,none,none,none,moderate,Allow channel selection for banking alerts
BK462,"The digital savings account was opened within an hour, though the physical debit card delivery took two weeks.",english,banking_upi,informational,mixed,debit_card,none,low,none,moderate,none
BK463,"Quick transfer, polite helpline support, seamless mobile banking app, completely satisfied with services.",english,banking_upi,appreciation,positive,customer_support,none,none,none,simple,none
BK464,bhai branch manager ne loan clearance certificate ke liye 10 din lagwaye irresponsible lazy officers,hinglish,banking_upi,complaint,negative,customer_support,poor_customer_support,high,none,moderate,Expedite loan clearance certificate turnaround
BK465,Does the bank offer doorstep cash pickup facilities for senior citizen savings account holders?,english,banking_upi,question,neutral,account,none,none,none,moderate,none
BK466,"Crisp cash notes dispensed at the main branch ATM, swift transaction speed, zero technical glitches.",english,banking_upi,appreciation,positive,atm,none,none,none,moderate,none
BK467,bhai mobile app me passbook statement download karne jao to file corrupt ho jati hai fix this,hinglish,banking_upi,complaint,negative,mobile_app,app_issue,low,none,simple,Ensure generated statement files are uncorrupted
BK468,Allow customers to schedule automatic monthly transfers to investment funds directly through the banking app.,english,banking_upi,suggestion,neutral,mobile_app,none,none,none,moderate,Enable automated recurring investment transfers
BK469,"Superb experience opening zero-balance digital savings account, video KYC agent was polite and fast.",english,banking_upi,appreciation,positive,kyc,none,none,none,simple,none
BK470,bhai ATM transaction timeout ho gaya account se 10000 cut gaye par machine se cash nahi nikla,hinglish,banking_upi,complaint,negative,atm,atm_cash_issue,high,none,simple,Speed up auto-reversal for ATM timeout debits
BK471,Is there an estimated maintenance window during which net banking services remain offline on Sundays?,english,banking_upi,question,neutral,internet_banking,none,none,none,moderate,none
BK472,"The credit card offers attractive cashback on dining, though the fuel surcharge waiver takes two billing cycles to appear.",english,banking_upi,informational,mixed,credit_card,none,low,none,moderate,none
BK473,"Super fast NEFT transfer, funds credited in recipient account within twenty minutes, very impressed.",english,banking_upi,appreciation,positive,bank_transfer,none,none,none,simple,none
BK474,bhai unauthorized debit card charge laga 5000 ka customer care phone pick hi nahi kar raha useless bank,hinglish,banking_upi,complaint,negative,security,security_concern,high,mild,Ensure immediate phone pick-up for fraud reporting,
BK475,Allow users to temporarily lower transaction limits on their debit card during overseas travel.,english,banking_upi,suggestion,neutral,security,none,none,none,moderate,Provide flexible dynamic transaction limit controls
BK476,"Clean and pleasant physical branch environment, deposit counter executed transaction within ninety seconds.",english,banking_upi,appreciation,positive,deposit,none,none,none,simple,none
BK477,bhai net banking portal me password reset ka OTP mobile par 20 minute late aa raha hai session expire ho jata hai,hinglish,banking_upi,complaint,negative,security,notification_delay,medium,none,simple,Ensure real-time dispatch of security OTPs
BK478,Can we set custom notification sounds for high-value credit card transactions inside the banking app?,english,banking_upi,question,neutral,mobile_app,none,none,none,moderate,none
BK479,"The mobile app is responsive, but downloading tax deduction certificates requires redundant navigation steps.",english,banking_upi,complaint,mixed,mobile_app,app_issue,low,none,moderate,Simplify access path for tax certificates
BK480,"Delivered on time, replacement debit card arrived in intact security envelope with clear activation steps.",english,banking_upi,appreciation,positive,debit_card,none,none,none,simple,none
BK481,bhai ATM ne torn note bahar phenk diya aur cashier bolta hai hum exchange nahi karenge ghatiya service,hinglish,banking_upi,complaint,negative,atm,atm_cash_issue,medium,none,simple,Ensure damaged ATM notes are replaced without hassle
BK482,Offer round-up savings where spare rupees from UPI transactions go directly into a recurring digital deposit.,english,banking_upi,suggestion,neutral,upi,none,none,none,moderate,Introduce spare-change micro investment savings
BK483,"Instant credit card bill settlement through UPI, available limit restored on dashboard in under thirty seconds.",english,banking_upi,appreciation,positive,credit_card,none,none,none,moderate,none
BK484,bhai bank account me se quarterly charges kat liye bina kisi prior SMS notification ke,hinglish,banking_upi,complaint,negative,account,wrong_charge,low,none,moderate,Send prior notifications before debiting service fees
BK485,Where can I check if my residential savings account is eligible for zero-balance salary privileges?,english,banking_upi,question,neutral,account,none,none,none,moderate,none
BK486,"The personal loan interest rate is competitive, though administrative processing fees were higher than expected.",english,banking_upi,informational,mixed,account,wrong_charge,low,none,moderate,none
BK487,"Pristine digital onboarding, video KYC verification finished in under four minutes, very smooth workflow.",english,banking_upi,appreciation,positive,kyc,none,none,none,moderate,none
BK488,bhai FASTag auto-recharge ho gaya account se par toll booth pe blacklist show ho raha hai,hinglish,banking_upi,complaint,negative,recharge,payment_issue,medium,none,simple,Ensure instantaneous FASTag wallet sync at tolls
BK489,Enable dark mode on the mobile web banking dashboard to reduce screen glare during nighttime browsing.,english,banking_upi,suggestion,neutral,internet_banking,none,none,none,moderate,Implement accessible dark theme on web banking
BK490,"Smooth ATM cash withdrawal, clean notes dispensed, receipt printed clearly, completely satisfied with service.",english,banking_upi,appreciation,positive,atm,none,none,none,simple,none
BK491,bhai failed UPI payment ka refund 6 din se pending hai dono bank ek doosre pe blame daal rahe hain,hinglish,banking_upi,complaint,negative,refund,refund_delay,high,none,moderate,Establish unified inter-bank resolution for failed UPI
BK492,Is there an option to schedule recurring utility bill payments through UPI auto-pay directly from account?,english,banking_upi,question,neutral,upi,none,none,none,moderate,none
BK493,"The credit card offers great reward returns, though customer service helpline queues are longer than necessary.",english,banking_upi,appreciation,mixed,customer_support,customer_support_delay,low,none,moderate,none
BK494,"Polite executive, fast account verification, clear guidelines, exceptional banking experience throughout.",english,banking_upi,appreciation,positive,customer_support,none,none,none,simple,none
BK495,bhai cheque deposit slip drop box me daali thi 4 din ho gaye clearing update abhi tak nahi aaya,hinglish,banking_upi,complaint,negative,deposit,transfer_delay,medium,none,simple,Clear drop-box cheques within 48 hours
BK496,Banks should provide an instant lock switch for contactless payments directly on mobile app home screen.,english,banking_upi,suggestion,neutral,security,none,none,none,moderate,Add instant contactless lock switch on home screen
BK497,"Steaming fast IMPS funds transfer executed during late night hours, funds credited to friend within ten seconds.",english,banking_upi,appreciation,positive,bank_transfer,none,none,none,moderate,none
BK498,bhai debit card renewal charge kat gaya account se jabki maine renewal request dali hi nahi thi,hinglish,banking_upi,complaint,negative,debit_card,wrong_charge,medium,none,moderate,Require user approval before renewing paid debit cards
BK499,Can customers set independent daily transaction limits for contactless tap versus physical card swipe?,english,banking_upi,question,neutral,transaction_limit,none,none,none,moderate,none
BK500,"Flawless UPI QR payment, instant soundbox confirmation at merchant store, seamless digital transaction experience.",english,banking_upi,appreciation,positive,qr_payment,none,none,none,moderate,none
BK501,The NEFT transaction of Rs 5000 was processed at 2:30 PM today.,english,banking_upi,informational,neutral,transaction,none,none,none,simple,none
BK502,My bank account statement for the month of August has been generated.,english,banking_upi,informational,neutral,account,none,none,none,simple,none
BK503,Interest rate on fixed deposits for senior citizens is currently 7.1 percent.,english,banking_upi,informational,neutral,account,none,none,none,simple,none
BK504,ATM withdrawal receipt showed the remaining balance accurately.,english,banking_upi,informational,neutral,atm,none,none,none,simple,none
BK505,A debit card PIN generation request was submitted via internet banking.,english,banking_upi,informational,neutral,debit_card,none,none,none,simple,none
BK506,Cheque number 44102 was presented for clearing this morning.,english,banking_upi,informational,neutral,cheque,none,none,none,simple,none
BK507,Monthly EMI of Rs 12500 is scheduled for deduction on the 5th.,english,banking_upi,informational,neutral,account,none,none,none,simple,none
BK508,Passbook printing counter at the main branch operates until 3 PM.,english,banking_upi,informational,neutral,branch,none,none,none,simple,none
BK509,A new cheque book was dispatched through registered post yesterday.,english,banking_upi,informational,neutral,cheque,none,none,none,simple,none
BK510,UPI transaction limit for peer to peer transfer is set to one lakh.,english,banking_upi,informational,neutral,upi,none,none,none,simple,none
BK511,Aapka account statement email pe send kar diya gaya hai.,hinglish,banking_upi,informational,neutral,account,none,none,none,simple,none
BK512,Debit card dispatch ka tracking number SMS pe receive ho gaya.,hinglish,banking_upi,informational,neutral,debit_card,none,none,none,simple,none
BK513,Branch ka timing subah 10 baje se shaam 4 baje tak hai.,hinglish,banking_upi,informational,neutral,branch,none,none,none,simple,none
BK514,ATM machine se mini statement successfully print ho gaya.,hinglish,banking_upi,informational,neutral,atm,none,none,none,simple,none
BK515,UPI mandate 10 tareekh ko auto debit ke liye scheduled hai.,hinglish,banking_upi,informational,neutral,upi,none,none,none,simple,none
BK516,Cheque drop box me submit kar diya tha do baje.,hinglish,banking_upi,informational,neutral,cheque,none,none,none,simple,none
BK517,Net banking ka login password 90 days me expire hota hai.,hinglish,banking_upi,informational,neutral,net_banking,none,none,none,simple,none
BK518,Savings account me minimum balance requirement Rs 2000 hai.,hinglish,banking_upi,informational,neutral,account,none,none,none,simple,none
BK519,Fixed deposit ka maturity date next month ki 15 tareekh ko hai.,hinglish,banking_upi,informational,neutral,account,none,none,none,simple,none
BK520,KYC re-verification documents bank portal pe submit ho gaye.,hinglish,banking_upi,informational,neutral,account,none,none,none,simple,none
BK521,"I appreciate the bank's quick response, but the duplicate debit charge is still not reversed.",english,banking_upi,complaint,negative,refund,wrong_charge,medium,none,moderate,Reverse incorrect duplicate debits promptly
BK522,"Thank you for the prompt call back, however my net banking access remains locked.",english,banking_upi,complaint,negative,net_banking,app_issue,medium,none,moderate,Provide immediate unlocking after identity check
BK523,"The customer care executive was very polite, yet my pending refund issue is unresolved.",english,banking_upi,complaint,negative,customer_support,delayed_refund,medium,none,moderate,Empower agents to finalize pending refunds directly
BK524,"I understand technical upgrades cause delays, but three days without UPI is frustrating.",english,banking_upi,complaint,negative,upi,transaction_failure,medium,none,moderate,Minimize UPI maintenance windows during business hours
BK525,"While I value your security protocols, blocking my debit card without prior notice caused severe inconvenience.",english,banking_upi,complaint,negative,debit_card,poor_customer_support,high,none,moderate,Send SMS alerts prior to blocking active debit cards
BK526,"Thanks for raising the dispute ticket, but nobody has updated me on the status for a week.",english,banking_upi,complaint,negative,customer_support,poor_customer_support,medium,none,moderate,Provide automated daily progress updates on dispute tickets
BK527,"I appreciate your staff trying to help, but the ATM at Sector 14 still has no cash dispensed.",english,banking_upi,complaint,negative,atm,atm_cash_issue,medium,none,moderate,Replenish high demand ATM cash cassettes daily
BK528,"Thank you for the explanation, though charging an annual card fee without consent is not acceptable.",english,banking_upi,complaint,negative,credit_card,wrong_charge,medium,none,moderate,Disclose recurring annual charges before card issuance
BK529,"The bank branch was clean and well organized, but the waiting queue for cash deposit was unbearable.",english,banking_upi,complaint,negative,branch,poor_customer_support,medium,none,moderate,Open dedicated fast track counters for cash deposits
BK530,"I am grateful for your security team, yet having my salary account frozen on weekend is very distressing.",english,banking_upi,complaint,negative,account,poor_customer_support,high,none,moderate,Maintain round the clock desk for emergency account unfreezing
BK531,"Shukriya response ke liye, par mera failed UPI payment abhi tak account me wapas nahi aaya.",hinglish,banking_upi,complaint,negative,refund,delayed_refund,medium,none,moderate,Failed payment reversal time limit ensure karein
BK532,"Bank staff ne politely baat ki, lekin cheque clearance me char din lagana bilkul theek nahi hai.",hinglish,banking_upi,complaint,negative,cheque,poor_customer_support,medium,none,moderate,Cheque clearance speed ko improve karein
BK533,"Aapki helpline achhi hai, par credit card dispute ka settlement do hafte se pending hai.",hinglish,banking_upi,complaint,negative,credit_card,delayed_refund,medium,none,moderate,Credit card disputes ko ek hafte me settle karein
BK534,"Thanks update ke liye, par bina bataye account maintenance charge katna sahi nahi hai.",hinglish,banking_upi,complaint,negative,account,wrong_charge,medium,none,moderate,SMS notice bheje bina charges deduct na karein
BK535,"App ka new design pasand aaya, lekin transaction history load hone me bohot time lag raha hai.",hinglish,banking_upi,complaint,negative,mobile_app,app_issue,low,none,moderate,Statement loading speed optimize karein
BK536,"UPI payment fail nahi hua, turant transfer ho gaya bina kisi error ke.",hinglish,banking_upi,appreciation,positive,upi,none,none,none,simple,none
BK537,ATM se cash withdraw karte waqt koi extra charge nahi kata.,hinglish,banking_upi,appreciation,positive,atm,none,none,none,simple,none
BK538,"Branch visit me mujhe bilkul wait nahi karna pada, do minute me kaam ho gaya.",hinglish,banking_upi,appreciation,positive,branch,none,none,none,simple,none
BK539,No hidden charges were deducted from my savings account this quarter.,english,banking_upi,appreciation,positive,account,none,none,none,simple,none
BK540,The server did not throw any error and the NEFT transferred instantly.,english,banking_upi,appreciation,positive,transaction,none,none,none,simple,none
BK541,Debit card renewal ke liye koi physical documentation nahi maangi gayi.,hinglish,banking_upi,appreciation,positive,debit_card,none,none,none,simple,none
BK542,"Net banking login me koi issue nahi aaya, OTP turant receive hua.",hinglish,banking_upi,appreciation,positive,net_banking,none,none,none,simple,none
BK543,Server downtime ke dauran koi bhi deduction nahi hua tha.,hinglish,banking_upi,informational,neutral,transaction,none,none,none,simple,none
BK544,Statement me koi unusual debits nahi dikh rahe hain abhi.,hinglish,banking_upi,informational,neutral,account,none,none,none,simple,none
BK545,UPI server response nahi de raha aur transaction complete nahi ho pa raha.,hinglish,banking_upi,complaint,negative,upi,transaction_failure,high,none,moderate,Resolve payment gateway timeout errors
BK546,Teen din ho gaye lekin refund account me credit nahi hua.,hinglish,banking_upi,complaint,negative,refund,delayed_refund,high,none,simple,Refund timeline ko speed up karein
BK547,ATM machine cash dispense nahi kar rahi hai aur screen freeze ho gayi.,hinglish,banking_upi,complaint,negative,atm,atm_cash_issue,high,none,simple,ATM software update karein
BK548,Debit card se payment karne par OTP mobile par nahi aa raha.,hinglish,banking_upi,complaint,negative,debit_card,app_issue,medium,none,simple,SMS gateway latency resolve karein
BK549,Support team ne mera issue solve nahi kiya aur ticket close kar diya.,hinglish,banking_upi,complaint,negative,customer_support,poor_customer_support,high,none,moderate,Customer approval ke bina ticket close na karein
BK550,"Mobile banking app open nahi ho raha, finger print scanner recognize nahi kar raha.",hinglish,banking_upi,complaint,negative,mobile_app,app_issue,medium,none,moderate,Biometric login crash fix karein
BK551,Why does the UPI server fail specifically during peak evening hours every day?,english,banking_upi,complaint,negative,upi,transaction_failure,medium,none,moderate,Scale server bandwidth during peak hours
BK552,How many times do I have to submit my PAN card before the account is unblocked?,english,banking_upi,complaint,negative,account,poor_customer_support,high,none,moderate,Streamline single step KYC document verification
BK553,Is there any reason why a merchant refund takes fifteen working days in 2026?,english,banking_upi,complaint,negative,refund,delayed_refund,medium,none,moderate,Automate instant electronic settlement for merchants
BK554,Why was a penalty deducted when my minimum balance was above the threshold?,english,banking_upi,complaint,negative,account,wrong_charge,medium,none,moderate,Audit automated fee calculation routines
BK555,Kitni baar branch jana padega ek simple address update karwane ke liye?,hinglish,banking_upi,complaint,negative,branch,poor_customer_support,medium,none,moderate,Online portal pe address update allow karein
BK556,Mera account bina kisi warning ke freeze karne ka kya reason hai?,hinglish,banking_upi,complaint,negative,account,poor_customer_support,high,none,moderate,Prior notice send karein
BK557,What is the procedure to enable international transactions on my debit card?,english,banking_upi,question,neutral,debit_card,none,none,none,simple,none
BK558,What are the working hours for RTGS transfers on second Saturdays?,english,banking_upi,question,neutral,transaction,none,none,none,simple,none
BK559,UPI lite wallet ko disable kaise karte hain app me?,hinglish,banking_upi,question,neutral,upi,none,none,none,simple,none
BK560,FD premature withdrawal par kitna penalty percentage lagta hai?,hinglish,banking_upi,question,neutral,account,none,none,none,simple,none
BK561,"bhai UPI payment ek second me transfer ho gaya, kya fast service hai!",hinglish,banking_upi,appreciation,positive,upi,none,none,none,simple,none
BK562,bhai branch manager ne khud help karke mera account 10 minute me unlock kar diya.,hinglish,banking_upi,appreciation,positive,branch,none,none,none,simple,none
BK563,"bhai new mobile app bohot smooth chal raha hai, fingerprint login ekdum quick hai.",hinglish,banking_upi,appreciation,positive,mobile_app,none,none,none,simple,none
BK564,bhai passbook print karne ki kiosk machine ka scanner kaam kar raha hai kya?,hinglish,banking_upi,question,neutral,branch,none,none,none,simple,none
BK565,bhai net banking password change karne ke baad old password reuse ho sakta hai kya?,hinglish,banking_upi,question,neutral,net_banking,none,none,none,simple,none
BK566,bhai ATM me Rs 500 ke notes available hain ya sirf 2000 wale?,hinglish,banking_upi,question,neutral,atm,none,none,none,simple,none
BK567,"bhai server down hone ki wajah se grocery store par payment phas gaya, bohot bekar situation.",hinglish,banking_upi,complaint,negative,upi,transaction_failure,high,none,moderate,Payment timeout recovery speed improve karein
BK568,"bhai do baar paise kat gaye ek transaction ke, kya bakwas banking system hai.",hinglish,banking_upi,complaint,negative,transaction,wrong_charge,high,mild,simple,Duplicate debit check implement karein
BK569,bhai app ka design mast banaya hai but transaction statement download hone me crash ho jata hai.,hinglish,banking_upi,complaint,mixed,mobile_app,app_issue,medium,none,moderate,PDF statement download crash fix karein
BK570,bhai branch ka staff helpful toh tha lekin cheque clearance me bohot faltu delay kiya.,hinglish,banking_upi,complaint,mixed,cheque,poor_customer_support,medium,none,moderate,Clearing speed me delay na karein
BK571,bohot accha,hinglish,banking_upi,appreciation,positive,upi,none,none,none,simple,none
BK572,mast app,hinglish,banking_upi,appreciation,positive,mobile_app,none,none,none,simple,none
BK573,ekdum smooth payment,hinglish,banking_upi,appreciation,positive,upi,none,none,none,simple,none
BK574,super fast transfer,english,banking_upi,appreciation,positive,transaction,none,none,none,simple,none
BK575,theek tha,hinglish,banking_upi,informational,neutral,branch,none,none,none,simple,none
BK576,average service,english,banking_upi,informational,neutral,account,none,none,none,simple,none
BK577,bilkul bekar,hinglish,banking_upi,complaint,negative,upi,transaction_failure,high,none,simple,Fix gateway downtime
BK578,paise phas gaye,hinglish,banking_upi,complaint,negative,transaction,delayed_refund,high,none,simple,Speed up reversal
BK579,server down hai,hinglish,banking_upi,complaint,negative,mobile_app,app_issue,medium,none,simple,Maintain server uptime
BK580,otp nahi aaya,hinglish,banking_upi,complaint,negative,net_banking,app_issue,medium,none,simple,Send OTP quickly
BK581,bohot achha transaction flow hai koi glitch nhi mila.,hinglish,banking_upi,appreciation,positive,upi,none,none,none,simple,none
BK582,"bahot bekaar net banking portal hai, baar baar log out ho jata hai.",hinglish,banking_upi,complaint,negative,net_banking,app_issue,medium,none,moderate,Session logout timer extend karein
BK583,"ATM se cash nikalte waqt koi extra charge nai kata, shi laga.",hinglish,banking_upi,appreciation,positive,atm,none,none,none,simple,none
BK584,"Mera refund abhi tak account me credit nhi hua, bahot khraab service.",hinglish,banking_upi,complaint,negative,refund,delayed_refund,high,none,simple,Refunds time par process karein
BK585,"Monthly statement ka email har mahine time pe aa jata hai, theek hai.",hinglish,banking_upi,informational,neutral,account,none,none,none,simple,none
BK586,"The debit card looks premium and arrived quickly, but the international usage was blocked without warning.",english,banking_upi,complaint,mixed,debit_card,poor_customer_support,medium,none,moderate,Notify cardholder before disabling international limits
BK587,"Net banking web portal is comprehensive, however the mobile application keeps logging out unexpectedly.",english,banking_upi,complaint,mixed,mobile_app,app_issue,medium,none,moderate,Improve mobile session stability
BK588,"Customer care agent was polite and attentive, but she could not resolve the fraudulent debit transaction.",english,banking_upi,complaint,mixed,customer_support,wrong_charge,high,none,moderate,Escalate fraud transactions to tier two immediately
BK589,"Fixed deposit booking process was effortless, yet the premature withdrawal penalty rates are excessively high.",english,banking_upi,complaint,mixed,account,wrong_charge,medium,none,moderate,Cap early liquidation penal fees fairly
BK590,"UPI scan works instantly at stores, but peer to peer transfers frequently get stuck in pending state.",english,banking_upi,complaint,mixed,upi,transaction_failure,medium,none,moderate,Optimize peer to peer routing switch
BK591,"Mobile app ka UI clean aur modern hai, lekin face ID authentication aadhe time fail ho jata hai.",hinglish,banking_upi,complaint,mixed,mobile_app,app_issue,medium,none,moderate,Biometric face recognition module update karein
BK592,"Loan approval bohot jaldi ho gaya tha, par processing fees unhone unexpectedly zyada deduct kar li.",hinglish,banking_upi,complaint,mixed,account,wrong_charge,medium,none,moderate,Processing fees upfront disclose karein
BK593,"Branch ka ambience accha hai, magar cashier counter par staff bohot slow kaam kar raha tha.",hinglish,banking_upi,complaint,mixed,branch,poor_customer_support,medium,none,moderate,Peak hours me additional counters kholein
BK594,"Cashback offer attractive tha, lekin credit card activation charge bina consent add kar diya.",hinglish,banking_upi,complaint,mixed,credit_card,wrong_charge,medium,none,moderate,Hidden fees hatayein
BK595,"Credit score report free me mil gayi, although regular marketing calls aane se irritation ho rahi hai.",hinglish,banking_upi,complaint,mixed,customer_support,poor_customer_support,low,none,moderate,Telemarketing opt out option dein
BK596,"Brilliant banking system, taking four whole business days to decline a simple UPI payment.",english,banking_upi,complaint,negative,upi,transaction_failure,high,none,moderate,Speed up server timeout resolution
BK597,Loved how you charged me Rs 500 penalty for having insufficient balance by exactly ten rupees.,english,banking_upi,complaint,negative,account,wrong_charge,medium,none,moderate,Implement proportionate grace limits on min balance
BK598,"Fabulous service, locking my salary account right on rent day with zero explanation.",english,banking_upi,complaint,negative,account,poor_customer_support,high,none,moderate,Never freeze salary accounts without emergency verification
BK599,"Top notch security, my own net banking login OTP arrives forty minutes after expiration.",english,banking_upi,complaint,negative,net_banking,app_issue,high,none,moderate,Send critical login OTPs in real time
BK600,"Amazing mobile app, updates every week only to introduce brand new creative ways to crash.",english,banking_upi,complaint,negative,mobile_app,app_issue,high,none,moderate,Conduct QA regression testing before app releases
BK601,"I truly appreciate the bank's security protocols, but blocking my debit card during an international trip without prior notice was very inconvenient.",english,banking_upi,complaint,negative,card,card_blocked,high,none,moderate,none
BK602,"Thank you for looking into my ticket, however the duplicate debit of Rs 3,500 still appears on my statement.",english,banking_upi,complaint,negative,transaction,double_debit,medium,none,moderate,none
BK603,"With all due respect to the branch manager, visiting the branch three times for basic KYC verification seems excessive.",english,banking_upi,complaint,negative,account,kyc_delay,medium,none,moderate,none
BK604,"I understand server maintenance is necessary, but scheduling net banking downtime during peak business hours created serious payment issues.",english,banking_upi,complaint,negative,app,downtime,high,none,moderate,none
BK605,"The customer support agent was exceptionally polite, yet my pending UPI dispute from two weeks ago remains open.",english,banking_upi,complaint,negative,support,dispute_pending,medium,none,moderate,none
BK606,"I appreciate your prompt email acknowledgment, but an automated reply does not solve my uncredited IMPS transfer.",english,banking_upi,complaint,negative,transaction,transfer_delay,medium,none,moderate,none
BK607,"While I admire the bank's modern interface, the recent mobile update makes finding account statements unnecessarily confusing.",english,banking_upi,complaint,negative,app,ui_issue,low,none,moderate,none
BK608,"Respectfully, charging an SMS alert fee every quarter when transaction alerts fail to arrive in real-time feels unfair.",english,banking_upi,complaint,negative,charges,sms_charges,low,none,moderate,none
BK609,"Thank you for escalating my query, but I have not received any response from the nodal officer despite waiting five business days.",english,banking_upi,complaint,negative,support,no_response,medium,none,moderate,none
BK610,"I realize credit card verification takes time, nevertheless twenty working days for address verification is far too long.",english,banking_upi,complaint,negative,card,verification_delay,medium,none,moderate,none
BK611,"Aapki support team ne baat bohot tameez se ki, par mera debited amount abhi tak account me wapas nahi aaya.",hinglish,banking_upi,complaint,negative,transaction,refund_pending,high,none,moderate,none
BK612,"Maine bohot shanti se wait kiya, lekin teen din se UPI transfer pending status me phasa hua hai.",hinglish,banking_upi,complaint,negative,transaction,upi_pending,high,none,moderate,none
BK613,"With respect, sending marketing loan calls three times a day despite active DND registration is very disturbing.",english,banking_upi,complaint,negative,communication,spam_calls,medium,none,moderate,none
BK614,"I appreciate the teller trying their best, but waiting forty-five minutes in the queue for cash deposit is unreasonable.",english,banking_upi,complaint,negative,branch,long_queue,medium,none,moderate,none
BK615,"Bank walo ne politely bola tha kal tak unblock hoga, par do din baad bhi netbanking login locked hai.",hinglish,banking_upi,complaint,negative,app,login_locked,high,none,moderate,none
BK616,"I value the relationship with this bank, however deducting annual maintenance charges twice in a single month is unacceptable.",english,banking_upi,complaint,negative,charges,incorrect_deduction,high,none,moderate,none
BK617,"Thank you for the detailed apology letter, but my frozen account has still not been released for salary withdrawal.",english,banking_upi,complaint,negative,account,account_frozen,high,none,complex,none
BK618,"Aapka branch staff bohot polite tha, fir bhi passbook printing machine ek hafte se kharab padi hui hai.",hinglish,banking_upi,complaint,negative,branch,machine_fault,low,none,moderate,none
BK619,"I understand reconciliation takes time, but waiting 21 days for an ATM cash retract refund is excessive.",english,banking_upi,complaint,negative,transaction,atm_refund,high,none,moderate,none
BK620,"With all respect, your chatbot answers every question with general links instead of resolving specific transaction disputes.",english,banking_upi,complaint,negative,support,chatbot_failure,low,none,moderate,none
BK621,"Aapke representative ne ticket create kiya tha, lekin abhi tak koi follow-up call ya resolution nahi mila.",hinglish,banking_upi,complaint,negative,support,no_followup,medium,none,moderate,none
BK622,"I appreciate the fraud detection algorithm, but declining valid fuel payments repeatedly is quite embarrassing.",english,banking_upi,complaint,negative,card,card_declined,medium,none,moderate,none
BK623,"Respectfully, reducing the savings account interest rate without any email intimation leaves customers disappointed.",english,banking_upi,complaint,negative,account,interest_rate,low,none,moderate,none
BK624,"Thank you for the quick branch token, unfortunately the designated counter executive was absent for an hour.",english,banking_upi,complaint,negative,branch,staff_absence,medium,none,moderate,none
BK625,"Support team ne badi vinamrata se bola tha 24 ghante me OTP aayega, par aath din ho gaye koi update nahi.",hinglish,banking_upi,complaint,negative,app,otp_delay,high,none,moderate,none
BK626,"While I acknowledge the safety guidelines, requiring physical signatures for changing an email address in 2026 is archaic.",english,banking_upi,complaint,negative,account,manual_process,low,none,moderate,none
BK627,"I understand risk compliance, but rejecting my inward wire transfer without contacting me caused significant business loss.",english,banking_upi,complaint,negative,transaction,wire_rejection,high,none,complex,none
BK628,"Manager sahab ne politely bola tha cheque clear ho jayega, par chauthe din bhi balance uncredited hai.",hinglish,banking_upi,complaint,negative,transaction,cheque_delay,high,none,moderate,none
BK629,"Thank you for reviewing my chargeback, but closing the case in the merchant's favor without examining my invoices is disappointing.",english,banking_upi,complaint,negative,transaction,chargeback_rejected,high,none,complex,none
BK630,"Aapki application ka visual design acha hai, par transaction history load hote waqt app freeze ho jata hai.",hinglish,banking_upi,complaint,negative,app,app_freeze,medium,none,moderate,none
BK631,"I appreciate your team trying to help, but having my salary account auto-debited for an unsolicited insurance policy is upsetting.",english,banking_upi,complaint,negative,charges,unauthorized_debit,high,none,complex,none
BK632,"Respectfully, your mobile banking app biometric login fails every morning and forces password resets repeatedly.",english,banking_upi,complaint,negative,app,biometric_fail,medium,none,moderate,none
BK633,"Helpdesk agent was very respectful, but transferring my call between four different departments did not answer my query.",english,banking_upi,complaint,negative,support,call_transfers,medium,none,moderate,none
BK634,"Aapka response fast tha, par automated system ne bina kisi reason ke complaint solve mark kar di.",hinglish,banking_upi,complaint,negative,support,premature_closure,medium,none,moderate,none
BK635,"I appreciate the zero balance account feature, but charging high non-maintenance penalties without warning contradicts your promotion.",english,banking_upi,complaint,negative,charges,hidden_charges,medium,none,moderate,none
BK636,"Respectfully, an ATM running out of cash every single Sunday in our locality causes massive trouble for residents.",english,banking_upi,complaint,negative,branch,atm_empty,medium,none,moderate,none
BK637,"Staff ne bohot achhe se baat kiya, par cheque book order kiye hue 20 din ho gaye abhi tak deliver nahi hui.",hinglish,banking_upi,complaint,negative,account,chequebook_delay,medium,none,moderate,none
BK638,"Thank you for updating the portal, but exporting account statements in PDF format consistently results in corrupt files.",english,banking_upi,complaint,negative,app,export_error,low,none,moderate,none
BK639,"Aapki branch premises clean hai, par customer grievance officer se milne ke liye do ghante wait karwaya gaya.",hinglish,banking_upi,complaint,negative,branch,grievance_delay,medium,none,moderate,none
BK640,"I understand guidelines must be adhered to, but declining UPI mandate cancellation directly through the app is very frustrating.",english,banking_upi,complaint,negative,app,mandate_cancellation,medium,none,moderate,none
BK641,Transaction failed.,english,banking_upi,complaint,negative,transaction,failure,high,none,simple,none
BK642,Money not refunded.,english,banking_upi,complaint,negative,transaction,refund_pending,high,none,simple,none
BK643,Paisa kat gaya.,hinglish,banking_upi,complaint,negative,transaction,amount_debited,high,none,simple,none
BK644,App open nahi ho rahi.,hinglish,banking_upi,complaint,negative,app,crash,high,none,simple,none
BK645,Server down again.,english,banking_upi,complaint,negative,app,downtime,high,none,simple,none
BK646,UPI pin blocked.,english,banking_upi,complaint,negative,card,pin_blocked,medium,none,simple,none
BK647,Worst banking app.,english,banking_upi,complaint,negative,app,poor_quality,medium,none,simple,none
BK648,Zero customer support.,english,banking_upi,complaint,negative,support,no_support,high,none,simple,none
BK649,Bohot ghatiya service.,hinglish,banking_upi,complaint,negative,account,poor_service,medium,none,simple,none
BK650,OTP nahi aaya.,hinglish,banking_upi,complaint,negative,app,otp_failure,high,none,simple,none
BK651,Payment stuck.,english,banking_upi,complaint,negative,transaction,payment_stuck,high,none,simple,none
BK652,Frauds happening.,english,banking_upi,complaint,negative,security,fraud_risk,high,none,simple,none
BK653,Instant transfer.,english,banking_upi,appreciation,positive,transaction,none,none,none,simple,none
BK654,Superfast UPI.,english,banking_upi,appreciation,positive,transaction,none,none,none,simple,none
BK655,Bohot badiya app.,hinglish,banking_upi,appreciation,positive,app,none,none,none,simple,none
BK656,Quick loan approval.,english,banking_upi,appreciation,positive,account,none,none,none,simple,none
BK657,Smooth experience.,english,banking_upi,appreciation,positive,app,none,none,none,simple,none
BK658,Shaandar service.,hinglish,banking_upi,appreciation,positive,support,none,none,none,simple,none
BK659,Paisa turant transfer.,hinglish,banking_upi,appreciation,positive,transaction,none,none,none,simple,none
BK660,Loved the new UI.,english,banking_upi,appreciation,positive,app,none,none,none,simple,none
BK661,Great branch staff.,english,banking_upi,appreciation,positive,branch,none,none,none,simple,none
BK662,Reliable banking.,english,banking_upi,appreciation,positive,account,none,none,none,simple,none
BK663,Statement downloaded.,english,banking_upi,informational,neutral,app,none,none,none,simple,none
BK664,Passbook updated.,english,banking_upi,informational,neutral,branch,none,none,none,simple,none
BK665,Theek thaak hai.,hinglish,banking_upi,informational,neutral,account,none,none,none,simple,none
BK666,Balance checked.,english,banking_upi,informational,neutral,account,none,none,none,simple,none
BK667,Average app.,english,banking_upi,informational,neutral,app,none,none,none,simple,none
BK668,Normal banking.,english,banking_upi,informational,neutral,account,none,none,none,simple,none
BK669,Sab normal hai.,hinglish,banking_upi,informational,neutral,account,none,none,none,simple,none
BK670,Chalta hai.,hinglish,banking_upi,informational,neutral,app,none,none,none,simple,none
BK671,Fast but fees high.,english,banking_upi,complaint,mixed,charges,high_fees,low,none,simple,none
BK672,Acha hai par slow.,hinglish,banking_upi,complaint,mixed,app,slowness,low,none,simple,none
BK673,Good support bad app.,english,banking_upi,complaint,mixed,app,app_issue,low,none,simple,none
BK674,Kaam hua par late.,hinglish,banking_upi,complaint,mixed,transaction,delay,low,none,simple,none
BK675,Nice UI bugged payment.,english,banking_upi,complaint,mixed,transaction,bug,medium,none,simple,none
BK676,Mera account me balance abhi tak add nhi hua hai kal se wait kar rha hu.,hinglish,banking_upi,complaint,negative,transaction,balance_pending,high,none,moderate,none
BK677,UPI pin reset karne me bohot dikkat aati hai OTP time pe nai aata.,hinglish,banking_upi,complaint,negative,app,otp_delay,medium,none,moderate,none
BK678,Accha experience raha branch me staff ne bhot jldi loan verify kiya.,hinglish,banking_upi,appreciation,positive,branch,none,none,none,moderate,none
BK679,Netbanking login me error show ho rha h baar baar try kiya fir bhi nai hua.,hinglish,banking_upi,complaint,negative,app,login_error,high,none,moderate,none
BK680,Debit card mila par pin generation ka link expire huwa dikha rha hai.,hinglish,banking_upi,complaint,negative,card,pin_generation,medium,none,moderate,none
BK681,Service bhot achhi h customer care ne turant dispute resolve kr diya.,hinglish,banking_upi,appreciation,positive,support,none,none,none,moderate,none
BK682,Paise transfer ho gye the lekin samne wale ko abhi tk milla nhi.,hinglish,banking_upi,complaint,negative,transaction,transfer_delay,high,none,moderate,none
BK683,Account statement check kiya koi extra charge deduct nhi huwa hai.,hinglish,banking_upi,informational,neutral,charges,none,none,none,moderate,none
BK684,Ye bank ka server bhot kharab h jab zaroorat hoti h tabhi down rhta h.,hinglish,banking_upi,complaint,negative,app,server_down,high,none,moderate,none
BK685,Branch manager se milla unhone bohot achhe se samjhaya process.,hinglish,banking_upi,appreciation,positive,branch,none,none,none,moderate,none
BK686,Cheque deposit kiya tha pr do din baad bhi status update nai hua.,hinglish,banking_upi,complaint,negative,transaction,status_delay,medium,none,moderate,none
BK687,Mobile application kafi smooth chalti h koi issue dekhne ko nai mila.,hinglish,banking_upi,appreciation,positive,app,none,none,none,moderate,none
BK688,Khrab service h call center pe koi phone pick up nhi kr rha.,hinglish,banking_upi,complaint,negative,support,call_unanswered,high,none,moderate,none
BK689,Passbook print krne gaya tha pr machine me paper nhi tha.,hinglish,banking_upi,complaint,negative,branch,machine_error,low,none,moderate,none
BK690,Bhot fast credit hua FD ka interest account me direct aaya.,hinglish,banking_upi,appreciation,positive,account,none,none,none,moderate,none
BK691,Paisa cut gya ATM se pr cash bahar nai nikla screen blank ho gyi.,hinglish,banking_upi,complaint,negative,transaction,atm_cash_retract,high,none,moderate,none
BK692,Saving account kholne ka process online bhot asaan rha koi dikkat nai hui.,hinglish,banking_upi,appreciation,positive,account,none,none,none,moderate,none
BK693,KYC document upload krne k baad bhi verification pending dikha rha h.,hinglish,banking_upi,complaint,negative,account,kyc_pending,medium,none,moderate,none
BK694,Naya credit card mila h limit bhi achhi mili h thank you bank.,hinglish,banking_upi,appreciation,positive,card,none,none,none,moderate,none
BK695,Transaction history me entry show nai ho rhi h server update pr h shyd.,hinglish,banking_upi,informational,neutral,app,none,none,none,moderate,none
BK696,Bhot ghatiya response h mail ka koi reply nai deta 10 din se.,hinglish,banking_upi,complaint,negative,support,email_delay,medium,none,moderate,none
BK697,UPI auto mandate deactivate krna tha pr option khrab dikh rha h.,hinglish,banking_upi,complaint,negative,app,mandate_bug,medium,none,moderate,none
BK698,Mini statement check kiya balance bilkul sahi milla.,hinglish,banking_upi,informational,neutral,account,none,none,none,moderate,none
BK699,Acha laga unka service counter pe queue bilkul choti thi.,hinglish,banking_upi,appreciation,positive,branch,none,none,none,moderate,none
BK700,Bhot time lagaya cheque clear hone me par aakhir me ho gya.,hinglish,banking_upi,complaint,mixed,transaction,delay,low,none,moderate,none
BK701,Mobile banking password bhool gya tha pr 5 minute me reset ho gya.,hinglish,banking_upi,appreciation,positive,app,none,none,none,moderate,none
BK702,Charges bhot jyada kaat rhe h bina inform kiye msg bhejte h.,hinglish,banking_upi,complaint,negative,charges,hidden_charges,high,none,moderate,none
BK703,Branch staff thik thaak tha kaam kr diya pr smile nai thi.,hinglish,banking_upi,informational,neutral,branch,none,none,none,moderate,none
BK704,Payment gateway secure h aur OTP jldi aa jata h koi load nai.,hinglish,banking_upi,appreciation,positive,app,none,none,none,moderate,none
BK705,Debit card renewal fee bhot jyada h itna charge dusre bank nai lete.,hinglish,banking_upi,complaint,negative,charges,high_fee,medium,none,moderate,none
BK706,Mera transaction amount bank account me reverse nahi hua hai.,hinglish,banking_upi,complaint,negative,transaction,refund_delay,high,none,moderate,none
BK707,I did not receive the transaction OTP on my registered mobile number.,english,banking_upi,complaint,negative,app,otp_missing,high,none,moderate,none
BK708,Customer support did not provide any reference ticket for my complaint.,english,banking_upi,complaint,negative,support,no_ticket,medium,none,moderate,none
BK709,Bank ne mera credit card reward points credit nahi kiya.,hinglish,banking_upi,complaint,negative,card,rewards_missing,low,none,moderate,none
BK710,The ATM in sector 4 was not dispensing cash despite screen showing active.,english,banking_upi,complaint,negative,branch,no_cash,high,none,moderate,none
BK711,Mera KYC form branch me submit karne ke baad bhi verify nahi hua.,hinglish,banking_upi,complaint,negative,account,kyc_pending,medium,none,moderate,none
BK712,Net banking portal is not allowing international fund transfers.,english,banking_upi,complaint,negative,app,transfer_blocked,high,none,moderate,none
BK713,Phone banking officer ne meri baat ko dhyan se nahi suna.,hinglish,banking_upi,complaint,negative,support,inattentive_staff,medium,none,moderate,none
BK714,I have not authorized this recurring debit transaction on my card.,english,banking_upi,complaint,negative,charges,unauthorized_charge,high,none,moderate,none
BK715,Ye application bina WiFi ke mobile data pe smoothly nahi chalti.,hinglish,banking_upi,complaint,negative,app,network_issue,low,none,moderate,none
BK716,My fixed deposit maturity amount was not transferred on the due date.,english,banking_upi,complaint,negative,account,maturity_delay,high,none,moderate,none
BK717,Helpdesk se koi call back nahi aaya jabki unhone promise kiya tha.,hinglish,banking_upi,complaint,negative,support,no_callback,medium,none,moderate,none
BK718,Branch manager did not accept my physical dispute letter.,english,banking_upi,complaint,negative,branch,letter_refusal,high,none,moderate,none
BK719,Do din se server par transaction status refresh nahi ho raha hai.,hinglish,banking_upi,complaint,negative,app,sync_failure,medium,none,moderate,none
BK720,I do not see any reason why annual debit card charges increased by 50 percent.,english,banking_upi,complaint,negative,charges,fee_hike,medium,none,moderate,none
BK721,UPI mandate cancel karne ka request process nahi kiya gaya.,hinglish,banking_upi,complaint,negative,app,cancellation_failed,medium,none,moderate,none
BK722,Bank statements are not opening because the default password does not work.,english,banking_upi,complaint,negative,account,password_error,low,none,moderate,none
BK723,Customer grievance portal par complaint link open nahi ho raha.,hinglish,banking_upi,complaint,negative,support,portal_bug,medium,none,moderate,none
BK724,The security guard did not allow entry into the branch at 3:15 PM.,english,banking_upi,complaint,negative,branch,early_closure,medium,none,moderate,none
BK725,Mera loan pre-closure certificate abhi tak issue nahi kiya gaya.,hinglish,banking_upi,complaint,negative,account,certificate_pending,medium,none,moderate,none
BK726,Virtual debit card details are not visible inside the application dashboard.,english,banking_upi,complaint,negative,card,card_visibility,low,none,moderate,none
BK727,Staff ne account transfer form lene se saaf mana kar diya.,hinglish,banking_upi,complaint,negative,branch,service_refusal,high,none,moderate,none
BK728,The mobile application does not remember login credentials even with biometrics enabled.,english,banking_upi,complaint,negative,app,biometric_bug,low,none,moderate,none
BK729,Fraud department ne mera blocked card unblock karne se inkaar kar diya.,hinglish,banking_upi,complaint,negative,card,unblock_refusal,high,none,moderate,none
BK730,I did not receive any SMS or email regarding the scheduled maintenance.,english,banking_upi,complaint,negative,communication,no_intimation,low,none,moderate,none
BK731,"The mobile app interface is intuitive, but money transfers fail frequently during peak hours.",english,banking_upi,complaint,mixed,app,transfer_failure,medium,none,moderate,none
BK732,"Branch staff was very courteous, but waiting 45 minutes for cash counter opening was frustrating.",english,banking_upi,complaint,mixed,branch,delay,medium,none,moderate,none
BK733,"UPI payments are fast, but the 1 percent surcharge on credit card bill payment is disappointing.",english,banking_upi,complaint,mixed,charges,surcharge,low,none,moderate,none
BK734,"Account opening online was quick, but the physical welcome kit took 25 days to arrive.",english,banking_upi,complaint,mixed,account,kit_delay,low,none,moderate,none
BK735,"The credit card cashback rewards are great, but customer care phone lines are impossible to reach.",english,banking_upi,complaint,mixed,card,unreachable_support,medium,none,moderate,none
BK736,"Net banking portal has all features, but the login session expires too quickly while filling forms.",english,banking_upi,complaint,mixed,app,session_expiry,low,none,moderate,none
BK737,"ATM machine was clean and air-conditioned, but it did not have 100 or 200 rupee denomination notes.",english,banking_upi,complaint,mixed,branch,cash_denominations,low,none,moderate,none
BK738,"Branch manager helped politely, but the loan processing fee was much higher than quoted.",english,banking_upi,complaint,mixed,charges,high_fee,medium,none,moderate,none
BK739,"Transaction notification arrived instantly, but the merchant name in the SMS was completely scrambled.",english,banking_upi,complaint,mixed,communication,sms_bug,low,none,moderate,none
BK740,"Fixed deposit interest rate is attractive, but penalty on premature liquidation is harsh.",english,banking_upi,complaint,mixed,account,penalty,medium,none,moderate,none
BK741,"App ka visual design shandar hai, lekin UPI transaction history search karne me crash ho jata hai.",hinglish,banking_upi,complaint,mixed,app,crash,medium,none,moderate,none
BK742,"Customer support agent ne help kiya, par call connect hone me 20 minute wait karna pada.",hinglish,banking_upi,complaint,mixed,support,wait_time,medium,none,moderate,none
BK743,"Instant loan approval ho gaya, par processing charges bina bataye deduct kar liye.",hinglish,banking_upi,complaint,mixed,charges,hidden_fee,medium,none,moderate,none
BK744,"Branch ke premises clean hai, par cashier counter pe line bohot lambi thi.",hinglish,banking_upi,complaint,mixed,branch,long_queue,low,none,moderate,none
BK745,"Virtual card turant generate ho gaya, lekin merchant websites pe OTP accept nahi kar raha.",hinglish,banking_upi,complaint,mixed,card,otp_rejection,medium,none,moderate,none
BK746,"Fastag recharge seconds me hua, par balance update hone me 3 ghante lag gaye.",hinglish,banking_upi,complaint,mixed,transaction,sync_delay,low,none,moderate,none
BK747,"Savings account zero balance hai, par debit card annual charges har saal badh jaate hai.",hinglish,banking_upi,complaint,mixed,charges,annual_charge,low,none,moderate,none
BK748,"Security features kafi strong hai, par har transaction pe 3 passwords dalna irritating lagta hai.",hinglish,banking_upi,complaint,mixed,app,complex_flow,low,none,moderate,none
BK749,"Cheque book time par deliver hui, par usme printed account number galat tha.",hinglish,banking_upi,complaint,mixed,account,printing_error,high,none,moderate,none
BK750,"Debit card tap and pay smooth hai, par daily limit change karne ka option app me nahi milta.",hinglish,banking_upi,complaint,mixed,card,missing_feature,low,none,moderate,none
BK751,How long am I supposed to wait before my deducted payment gets reversed to my account?,english,banking_upi,question,negative,transaction,refund_delay,high,none,moderate,none
BK752,Is there any specific reason the mobile banking app stops working every single weekend?,english,banking_upi,question,negative,app,downtime,medium,none,moderate,none
BK753,Why does customer care take 25 minutes to connect to a human executive?,english,banking_upi,question,negative,support,wait_time,medium,none,moderate,none
BK754,What exactly is the purpose of relationship managers if they never answer calls?,english,banking_upi,question,negative,support,unresponsive_rm,medium,none,moderate,none
BK755,Can someone explain why annual charges were deducted twice within six months?,english,banking_upi,question,negative,charges,double_deduction,high,none,moderate,none
BK756,Is it normal for a simple cheque clearance to take eight working days in 2026?,english,banking_upi,question,negative,transaction,cheque_delay,medium,none,moderate,none
BK757,Why was my credit card limit decreased without any prior intimation or missed payments?,english,banking_upi,question,negative,card,limit_drop,medium,none,moderate,none
BK758,Mera debited amount wapas kab aayega kya koi batane wala hai?,hinglish,banking_upi,question,negative,transaction,refund_pending,high,none,moderate,none
BK759,Kya bank walo ke liye passbook machine theek karna itna bada rocket science hai?,hinglish,banking_upi,question,negative,branch,machine_fault,low,none,moderate,none
BK760,Branch manager kab counter pe milenge kya kisi ko pata rehta hai?,hinglish,banking_upi,question,negative,branch,staff_absence,medium,none,moderate,none
BK761,UPI server ka maintenance hamesha shopping hours me hi kyu hota hai?,hinglish,banking_upi,question,negative,app,downtime,medium,none,moderate,none
BK762,Account me zero balance maintain karne par penalty lagana kiska decision tha?,hinglish,banking_upi,question,negative,charges,penalty,medium,none,moderate,none
BK763,Customer support email ka automated reply aane ke baad koi human bhi check karta hai kya?,hinglish,banking_upi,question,negative,support,automated_replies,low,none,moderate,none
BK764,ATM se cash nahi nikla aur receipt bhi blank aayi ab paise kaise milenge?,hinglish,banking_upi,question,negative,transaction,atm_error,high,none,moderate,none
BK765,Mera KYC document kitni baar reject karoge jab saare papers original diye hai?,hinglish,banking_upi,question,negative,account,kyc_rejection,medium,none,moderate,none
BK766,bhai sach me maza aa gaya transaction ek second me confirm ho gaya loving it,hinglish,banking_upi,appreciation,positive,transaction,none,none,none,simple,none
BK767,yaar mera 5000 rupaye fas gaya hai grocery store par UPI bilkul bekaar hai,hinglish,banking_upi,complaint,negative,transaction,payment_stuck,high,none,simple,none
BK768,bhai account statement mail pe forward kar dena bas aur kuch nahi chahiye,hinglish,banking_upi,informational,neutral,account,none,none,none,simple,none
BK769,bhai cashback toh mast mila par customer support se connect hone me jaan nikal gayi,hinglish,banking_upi,complaint,mixed,support,wait_time,low,none,simple,none
BK770,yaar loan agent ne bola tha zero processing fee par statement me charge dikha raha hai,hinglish,banking_upi,complaint,negative,charges,hidden_fee,medium,none,simple,none
BK771,bhai credit card application approved ho gaya bina kisi jhanjhat ke super cool,hinglish,banking_upi,appreciation,positive,card,none,none,none,simple,none
BK772,yaar passbook update machine me card daala aur wo machine ne nigal liya ab kya karu,hinglish,banking_upi,complaint,negative,branch,card_swallowed,high,none,simple,none
BK773,bhai fixed deposit interest calculate karne ka tool app me kafi acha hai,hinglish,banking_upi,appreciation,positive,app,none,none,none,simple,none
BK774,bas itna bata do mera account kyc verify hua hai ya abhi bhi pending hai,hinglish,banking_upi,informational,neutral,account,none,none,none,simple,none
BK775,yaar server down tha isliye auto payment bounce ho gaya aur penalty lag gayi,hinglish,banking_upi,complaint,negative,charges,bounce_penalty,high,none,simple,none
BK776,bhai UPI QR scan kiya aur payment turant ho gaya koi tension nahi,hinglish,banking_upi,appreciation,positive,transaction,none,none,none,simple,none
BK777,please mera debit card unblock kar do weekend pe travel karna hai bhai,hinglish,banking_upi,complaint,negative,card,card_blocked,high,none,simple,none
BK778,yaar app ka dark mode look acha hai par balance refresh hone me ghanto lagte hai,hinglish,banking_upi,complaint,mixed,app,slowness,low,none,simple,none
BK779,bhai transaction history me merchant ka location aur time clearly likha rehta hai,hinglish,banking_upi,informational,neutral,app,none,none,none,simple,none
BK780,acha offer mila discount coupon par terms and conditions me hidden restrictions the,hinglish,banking_upi,complaint,mixed,card,hidden_terms,low,none,simple,none
BK781,"The RTGS transfer of Rs 2,50,000 was initiated with reference number RTGS882910.",english,banking_upi,informational,neutral,transaction,none,none,none,simple,none
BK782,Interest rate for recurring deposit of 12 months tenure is currently 6.75 percent.,english,banking_upi,informational,neutral,account,none,none,none,simple,none
BK783,The nearest bank branch is situated at building 42 Commercial Complex MG Road.,english,banking_upi,informational,neutral,branch,none,none,none,simple,none
BK784,Annual savings account statement for FY 2025-26 has been generated in PDF format.,english,banking_upi,informational,neutral,account,none,none,none,simple,none
BK785,Cheque clearing session begins at 10:30 AM on all standard banking working days.,english,banking_upi,informational,neutral,transaction,none,none,none,simple,none
BK786,Branch me locker facility ground floor pe available hai subah 10 se sham 4 baje tak.,hinglish,banking_upi,informational,neutral,branch,none,none,none,simple,none
BK787,Savings account me minimum balance threshold 2000 rupaye set kiya gaya hai.,hinglish,banking_upi,informational,neutral,account,none,none,none,simple,none
BK788,Transaction reference number UTR998822 SMS ke through registered number pe bhej diya gaya hai.,hinglish,banking_upi,informational,neutral,transaction,none,none,none,simple,none
BK789,Debit card ki daily ATM withdrawal limit 40000 rupaye set ki gayi hai default par.,hinglish,banking_upi,informational,neutral,card,none,none,none,simple,none
BK790,Fixed deposit certificate registered email address par automatically dispatch ho gaya hai.,hinglish,banking_upi,informational,neutral,account,none,none,none,simple,none
BK791,"Great job team, taking 14 days to resolve a 500-rupee UPI refund is truly cutting-edge speed.",english,banking_upi,complaint,negative,transaction,refund_delay,high,none,moderate,none
BK792,Wonderful experience standing in the AC branch queue for an hour just to get an account form.,english,banking_upi,complaint,negative,branch,long_queue,medium,none,moderate,none
BK793,"Loved the app update, especially the feature where it crashes right when entering the transaction pin.",english,banking_upi,complaint,negative,app,crash,high,none,moderate,none
BK794,"Thank you so much for blocking my debit card at the restaurant counter, made my dinner unforgettable.",english,banking_upi,complaint,negative,card,card_blocked,high,none,moderate,none
BK795,"Kamaal ka system hai, server tabhi down hota hai jab electricity bill bharne ki aakhri tareekh ho.",hinglish,banking_upi,complaint,negative,app,downtime,high,none,moderate,none
BK796,"Debit card reward points accumulate nicely, but finding participating partner outlets is tricky.",english,banking_upi,complaint,mixed,card,reward_redemption,low,none,moderate,none
BK797,"The personal loan disbursement was fast, but pre-payment penalty terms are relatively rigid.",english,banking_upi,complaint,mixed,account,prepayment_penalty,medium,none,moderate,none
BK798,Account balance summary is displayed on the main login screen after biometric confirmation.,english,banking_upi,informational,neutral,app,none,none,none,moderate,none
BK799,App me loan EMI calculator kafi acha banaya hai par apply button click karne par lag hota hai.,hinglish,banking_upi,complaint,mixed,app,slowness,low,none,moderate,none
BK800,Cheque book request status track karne ke liye SMS reference code provide kiya gaya hai.,hinglish,banking_upi,informational,neutral,account,none,none,none,moderate,none
